Failed to fetch updates - TelegramConflictError: Telegram server says - Conflict: terminated by other getUpdates request; make sure that only one bot instance is running
Sleep for 1.000000 seconds and try again... (tryings = 0, bot id = 8514363728)
Failed to fetch updates - TelegramConflictError: Telegram server says - Conflict: terminated by other getUpdates request; make sure that only one bot instance is running
Sleep for 1.348129 seconds and try again... (tryings = 1, bot id = 8514363728)
Failed to fetch updates - TelegramConflictError: Telegram server says - Conflict: terminated by other getUpdates request; make sure that only one bot instance is running
Sleep for 1.955297 seconds and try again... (tryings = 2, bot id = 8514363728)
Failed to fetch updates - TelegramConflictError: Telegram server says - Conflict: terminated by other getUpdates request; make sure that only one bot instance is running
Sleep for 2.627880 seconds and try again... (tryings = 3, bot id = 8514363728)
Failed to fetch updates - TelegramConflictError: Telegram server says - Conflict: terminated by other getUpdates request; make sure that only one bot instance is running
Sleep for 3.275809 seconds and try again... (tryings = 4, bot id = 8514363728)
Failed to fetch updates - TelegramConflictError: Telegram server says - Conflict: terminated by other getUpdates request; make sure that only one bot instance is running
Sleep for 4.119292 seconds and try again... (tryings = 5, bot id = 8514363728)
Failed to fetch updates - TelegramConflictError: Telegram server says - Conflict: terminated by other getUpdates request; make sure that only one bot instance is running
Sleep for 5.184356 seconds and try again... (tryings = 6, bot id = 8514363728)
Failed to fetch updates - TelegramConflictError: Telegram server says - Conflict: terminated by other getUpdates request; make sure that only one bot instance is running
Sleep for 4.895666 seconds and try again... (tryings = 7, bot id = 8514363728)
Failed to fetch updates - TelegramConflictError: Telegram server says - Conflict: terminated by other getUpdates request; make sure that only one bot instance is running
Sleep for 4.973643 seconds and try again... (tryings = 8, bot id = 8514363728)
Cause exception while process update id=309616756 by bot id=8514363728
TypeError: 'NoneType' object is not subscriptable
Traceback (most recent call last):
  File "/var/www/ezh-dev.ru/saver_bot/venv/lib/python3.12/site-packages/aiogram/dispatcher/dispatcher.py", line 320, in _process_update
    response = await self.feed_update(bot, update, **kwargs)
               ^^^^^^^^^^^^^^^^^^^^^^^^^^^^^^^^^^^^^^^^^^^^^
  File "/var/www/ezh-dev.ru/saver_bot/venv/lib/python3.12/site-packages/aiogram/dispatcher/dispatcher.py", line 164, in feed_update
    response = await self.update.wrap_outer_middleware(
               ^^^^^^^^^^^^^^^^^^^^^^^^^^^^^^^^^^^^^^^^
  File "/var/www/ezh-dev.ru/saver_bot/venv/lib/python3.12/site-packages/aiogram/dispatcher/middlewares/error.py", line 27, in __call__
    return await handler(event, data)
           ^^^^^^^^^^^^^^^^^^^^^^^^^^
  File "/var/www/ezh-dev.ru/saver_bot/venv/lib/python3.12/site-packages/aiogram/dispatcher/middlewares/user_context.py", line 58, in __call__
    return await handler(event, data)
           ^^^^^^^^^^^^^^^^^^^^^^^^^^
  File "/var/www/ezh-dev.ru/saver_bot/venv/lib/python3.12/site-packages/aiogram/fsm/middleware.py", line 44, in __call__
    return await handler(event, data)
           ^^^^^^^^^^^^^^^^^^^^^^^^^^
  File "/var/www/ezh-dev.ru/saver_bot/venv/lib/python3.12/site-packages/aiogram/dispatcher/event/telegram.py", line 126, in trigger
    return await wrapped_inner(event, kwargs)
           ^^^^^^^^^^^^^^^^^^^^^^^^^^^^^^^^^^
  File "/var/www/ezh-dev.ru/saver_bot/venv/lib/python3.12/site-packages/aiogram/dispatcher/event/handler.py", line 43, in call
    return await wrapped()
           ^^^^^^^^^^^^^^^
  File "/var/www/ezh-dev.ru/saver_bot/venv/lib/python3.12/site-packages/aiogram/dispatcher/dispatcher.py", line 283, in _listen_update
    return await self.propagate_event(update_type=update_type, event=event, **kwargs)
           ^^^^^^^^^^^^^^^^^^^^^^^^^^^^^^^^^^^^^^^^^^^^^^^^^^^^^^^^^^^^^^^^^^^^^^^^^^
  File "/var/www/ezh-dev.ru/saver_bot/venv/lib/python3.12/site-packages/aiogram/dispatcher/router.py", line 161, in propagate_event
    return await observer.wrap_outer_middleware(_wrapped, event=event, data=kwargs)
           ^^^^^^^^^^^^^^^^^^^^^^^^^^^^^^^^^^^^^^^^^^^^^^^^^^^^^^^^^^^^^^^^^^^^^^^^
  File "/var/www/ezh-dev.ru/saver_bot/venv/lib/python3.12/site-packages/aiogram/dispatcher/router.py", line 153, in _wrapped
    return await self._propagate_event(
           ^^^^^^^^^^^^^^^^^^^^^^^^^^^^
  File "/var/www/ezh-dev.ru/saver_bot/venv/lib/python3.12/site-packages/aiogram/dispatcher/router.py", line 189, in _propagate_event
    response = await router.propagate_event(update_type=update_type, event=event, **kwargs)
               ^^^^^^^^^^^^^^^^^^^^^^^^^^^^^^^^^^^^^^^^^^^^^^^^^^^^^^^^^^^^^^^^^^^^^^^^^^^^
  File "/var/www/ezh-dev.ru/saver_bot/venv/lib/python3.12/site-packages/aiogram/dispatcher/router.py", line 161, in propagate_event
    return await observer.wrap_outer_middleware(_wrapped, event=event, data=kwargs)
           ^^^^^^^^^^^^^^^^^^^^^^^^^^^^^^^^^^^^^^^^^^^^^^^^^^^^^^^^^^^^^^^^^^^^^^^^
  File "/var/www/ezh-dev.ru/saver_bot/venv/lib/python3.12/site-packages/aiogram/dispatcher/router.py", line 153, in _wrapped
    return await self._propagate_event(
           ^^^^^^^^^^^^^^^^^^^^^^^^^^^^
  File "/var/www/ezh-dev.ru/saver_bot/venv/lib/python3.12/site-packages/aiogram/dispatcher/router.py", line 181, in _propagate_event
    response = await observer.trigger(event, **kwargs)
               ^^^^^^^^^^^^^^^^^^^^^^^^^^^^^^^^^^^^^^^
  File "/var/www/ezh-dev.ru/saver_bot/venv/lib/python3.12/site-packages/aiogram/dispatcher/event/telegram.py", line 126, in trigger
    return await wrapped_inner(event, kwargs)
           ^^^^^^^^^^^^^^^^^^^^^^^^^^^^^^^^^^
  File "/var/www/ezh-dev.ru/saver_bot/venv/lib/python3.12/site-packages/aiogram/dispatcher/event/handler.py", line 43, in call
    return await wrapped()
           ^^^^^^^^^^^^^^^
  File "/var/www/ezh-dev.ru/saver_bot/main/main.py", line 248, in deleted_business_messages
    user_id = cursor.execute('SELECT user FROM connections WHERE id = ?', (message.business_connection_id,)).fetchone()[0]
              ~~~~~~~~~~~~~~~~~~~~~~~~~~~~~~~~~~~~~~~~~~~~~~~~~~~~~~~~~~~~~~~~~~~~~~~~~~~~~~~~~~~~~~~~~~~~~~~~~~~~~~~~~^^^
TypeError: 'NoneType' object is not subscriptable
Failed to fetch updates - TelegramConflictError: Telegram server says - Conflict: terminated by other getUpdates request; make sure that only one bot instance is running
Sleep for 1.000000 seconds and try again... (tryings = 0, bot id = 8514363728)
Failed to fetch updates - TelegramConflictError: Telegram server says - Conflict: terminated by other getUpdates request; make sure that only one bot instance is running
Sleep for 1.287262 seconds and try again... (tryings = 1, bot id = 8514363728)
Failed to fetch updates - TelegramConflictError: Telegram server says - Conflict: terminated by other getUpdates request; make sure that only one bot instance is running
Sleep for 1.527615 seconds and try again... (tryings = 2, bot id = 8514363728)
Cause exception while process update id=309616760 by bot id=8514363728
TypeError: 'NoneType' object is not subscriptable
Traceback (most recent call last):
  File "/var/www/ezh-dev.ru/saver_bot/venv/lib/python3.12/site-packages/aiogram/dispatcher/dispatcher.py", line 320, in _process_update
    response = await self.feed_update(bot, update, **kwargs)
               ^^^^^^^^^^^^^^^^^^^^^^^^^^^^^^^^^^^^^^^^^^^^^
  File "/var/www/ezh-dev.ru/saver_bot/venv/lib/python3.12/site-packages/aiogram/dispatcher/dispatcher.py", line 164, in feed_update
    response = await self.update.wrap_outer_middleware(
               ^^^^^^^^^^^^^^^^^^^^^^^^^^^^^^^^^^^^^^^^
  File "/var/www/ezh-dev.ru/saver_bot/venv/lib/python3.12/site-packages/aiogram/dispatcher/middlewares/error.py", line 27, in __call__
    return await handler(event, data)
           ^^^^^^^^^^^^^^^^^^^^^^^^^^
  File "/var/www/ezh-dev.ru/saver_bot/venv/lib/python3.12/site-packages/aiogram/dispatcher/middlewares/user_context.py", line 58, in __call__
    return await handler(event, data)
           ^^^^^^^^^^^^^^^^^^^^^^^^^^
  File "/var/www/ezh-dev.ru/saver_bot/venv/lib/python3.12/site-packages/aiogram/fsm/middleware.py", line 43, in __call__
    return await handler(event, data)
           ^^^^^^^^^^^^^^^^^^^^^^^^^^
  File "/var/www/ezh-dev.ru/saver_bot/venv/lib/python3.12/site-packages/aiogram/dispatcher/event/telegram.py", line 126, in trigger
    return await wrapped_inner(event, kwargs)
           ^^^^^^^^^^^^^^^^^^^^^^^^^^^^^^^^^^
  File "/var/www/ezh-dev.ru/saver_bot/venv/lib/python3.12/site-packages/aiogram/dispatcher/event/handler.py", line 43, in call
    return await wrapped()
           ^^^^^^^^^^^^^^^
  File "/var/www/ezh-dev.ru/saver_bot/venv/lib/python3.12/site-packages/aiogram/dispatcher/dispatcher.py", line 283, in _listen_update
    return await self.propagate_event(update_type=update_type, event=event, **kwargs)
           ^^^^^^^^^^^^^^^^^^^^^^^^^^^^^^^^^^^^^^^^^^^^^^^^^^^^^^^^^^^^^^^^^^^^^^^^^^
  File "/var/www/ezh-dev.ru/saver_bot/venv/lib/python3.12/site-packages/aiogram/dispatcher/router.py", line 161, in propagate_event
    return await observer.wrap_outer_middleware(_wrapped, event=event, data=kwargs)
           ^^^^^^^^^^^^^^^^^^^^^^^^^^^^^^^^^^^^^^^^^^^^^^^^^^^^^^^^^^^^^^^^^^^^^^^^
  File "/var/www/ezh-dev.ru/saver_bot/venv/lib/python3.12/site-packages/aiogram/dispatcher/router.py", line 153, in _wrapped
    return await self._propagate_event(
           ^^^^^^^^^^^^^^^^^^^^^^^^^^^^
  File "/var/www/ezh-dev.ru/saver_bot/venv/lib/python3.12/site-packages/aiogram/dispatcher/router.py", line 189, in _propagate_event
    response = await router.propagate_event(update_type=update_type, event=event, **kwargs)
               ^^^^^^^^^^^^^^^^^^^^^^^^^^^^^^^^^^^^^^^^^^^^^^^^^^^^^^^^^^^^^^^^^^^^^^^^^^^^
  File "/var/www/ezh-dev.ru/saver_bot/venv/lib/python3.12/site-packages/aiogram/dispatcher/router.py", line 161, in propagate_event
    return await observer.wrap_outer_middleware(_wrapped, event=event, data=kwargs)
           ^^^^^^^^^^^^^^^^^^^^^^^^^^^^^^^^^^^^^^^^^^^^^^^^^^^^^^^^^^^^^^^^^^^^^^^^
  File "/var/www/ezh-dev.ru/saver_bot/venv/lib/python3.12/site-packages/aiogram/dispatcher/router.py", line 153, in _wrapped
    return await self._propagate_event(
           ^^^^^^^^^^^^^^^^^^^^^^^^^^^^
  File "/var/www/ezh-dev.ru/saver_bot/venv/lib/python3.12/site-packages/aiogram/dispatcher/router.py", line 181, in _propagate_event
    response = await observer.trigger(event, **kwargs)
               ^^^^^^^^^^^^^^^^^^^^^^^^^^^^^^^^^^^^^^^
  File "/var/www/ezh-dev.ru/saver_bot/venv/lib/python3.12/site-packages/aiogram/dispatcher/event/telegram.py", line 126, in trigger
    return await wrapped_inner(event, kwargs)
           ^^^^^^^^^^^^^^^^^^^^^^^^^^^^^^^^^^
  File "/var/www/ezh-dev.ru/saver_bot/venv/lib/python3.12/site-packages/aiogram/dispatcher/event/handler.py", line 43, in call
    return await wrapped()
           ^^^^^^^^^^^^^^^
  File "/var/www/ezh-dev.ru/saver_bot/main/main.py", line 322, in business_message
    user = cursor.execute('SELECT user FROM connections WHERE id = ?', (message.business_connection_id,)).fetchone()[0]
           ~~~~~~~~~~~~~~~~~~~~~~~~~~~~~~~~~~~~~~~~~~~~~~~~~~~~~~~~~~~~~~~~~~~~~~~~~~~~~~~~~~~~~~~~~~~~~~~~~~~~~~~~~^^^
TypeError: 'NoneType' object is not subscriptable
Failed to fetch updates - TelegramConflictError: Telegram server says - Conflict: terminated by other getUpdates request; make sure that only one bot instance is running
Sleep for 1.000000 seconds and try again... (tryings = 0, bot id = 8514363728)
Failed to fetch updates - TelegramConflictError: Telegram server says - Conflict: terminated by other getUpdates request; make sure that only one bot instance is running
Sleep for 1.382708 seconds and try again... (tryings = 1, bot id = 8514363728)
Failed to fetch updates - TelegramConflictError: Telegram server says - Conflict: terminated by other getUpdates request; make sure that only one bot instance is running
Sleep for 1.747918 seconds and try again... (tryings = 2, bot id = 8514363728)
Cause exception while process update id=309616761 by bot id=8514363728
TypeError: 'NoneType' object is not subscriptable
Traceback (most recent call last):
  File "/var/www/ezh-dev.ru/saver_bot/venv/lib/python3.12/site-packages/aiogram/dispatcher/dispatcher.py", line 320, in _process_update
    response = await self.feed_update(bot, update, **kwargs)
               ^^^^^^^^^^^^^^^^^^^^^^^^^^^^^^^^^^^^^^^^^^^^^
  File "/var/www/ezh-dev.ru/saver_bot/venv/lib/python3.12/site-packages/aiogram/dispatcher/dispatcher.py", line 164, in feed_update
    response = await self.update.wrap_outer_middleware(
               ^^^^^^^^^^^^^^^^^^^^^^^^^^^^^^^^^^^^^^^^
  File "/var/www/ezh-dev.ru/saver_bot/venv/lib/python3.12/site-packages/aiogram/dispatcher/middlewares/error.py", line 27, in __call__
    return await handler(event, data)
           ^^^^^^^^^^^^^^^^^^^^^^^^^^
  File "/var/www/ezh-dev.ru/saver_bot/venv/lib/python3.12/site-packages/aiogram/dispatcher/middlewares/user_context.py", line 58, in __call__
    return await handler(event, data)
           ^^^^^^^^^^^^^^^^^^^^^^^^^^
  File "/var/www/ezh-dev.ru/saver_bot/venv/lib/python3.12/site-packages/aiogram/fsm/middleware.py", line 43, in __call__
    return await handler(event, data)
           ^^^^^^^^^^^^^^^^^^^^^^^^^^
  File "/var/www/ezh-dev.ru/saver_bot/venv/lib/python3.12/site-packages/aiogram/dispatcher/event/telegram.py", line 126, in trigger
    return await wrapped_inner(event, kwargs)
           ^^^^^^^^^^^^^^^^^^^^^^^^^^^^^^^^^^
  File "/var/www/ezh-dev.ru/saver_bot/venv/lib/python3.12/site-packages/aiogram/dispatcher/event/handler.py", line 43, in call
    return await wrapped()
           ^^^^^^^^^^^^^^^
  File "/var/www/ezh-dev.ru/saver_bot/venv/lib/python3.12/site-packages/aiogram/dispatcher/dispatcher.py", line 283, in _listen_update
    return await self.propagate_event(update_type=update_type, event=event, **kwargs)
           ^^^^^^^^^^^^^^^^^^^^^^^^^^^^^^^^^^^^^^^^^^^^^^^^^^^^^^^^^^^^^^^^^^^^^^^^^^
  File "/var/www/ezh-dev.ru/saver_bot/venv/lib/python3.12/site-packages/aiogram/dispatcher/router.py", line 161, in propagate_event
    return await observer.wrap_outer_middleware(_wrapped, event=event, data=kwargs)
           ^^^^^^^^^^^^^^^^^^^^^^^^^^^^^^^^^^^^^^^^^^^^^^^^^^^^^^^^^^^^^^^^^^^^^^^^
  File "/var/www/ezh-dev.ru/saver_bot/venv/lib/python3.12/site-packages/aiogram/dispatcher/router.py", line 153, in _wrapped
    return await self._propagate_event(
           ^^^^^^^^^^^^^^^^^^^^^^^^^^^^
  File "/var/www/ezh-dev.ru/saver_bot/venv/lib/python3.12/site-packages/aiogram/dispatcher/router.py", line 189, in _propagate_event
    response = await router.propagate_event(update_type=update_type, event=event, **kwargs)
               ^^^^^^^^^^^^^^^^^^^^^^^^^^^^^^^^^^^^^^^^^^^^^^^^^^^^^^^^^^^^^^^^^^^^^^^^^^^^
  File "/var/www/ezh-dev.ru/saver_bot/venv/lib/python3.12/site-packages/aiogram/dispatcher/router.py", line 161, in propagate_event
    return await observer.wrap_outer_middleware(_wrapped, event=event, data=kwargs)
           ^^^^^^^^^^^^^^^^^^^^^^^^^^^^^^^^^^^^^^^^^^^^^^^^^^^^^^^^^^^^^^^^^^^^^^^^
  File "/var/www/ezh-dev.ru/saver_bot/venv/lib/python3.12/site-packages/aiogram/dispatcher/router.py", line 153, in _wrapped
    return await self._propagate_event(
           ^^^^^^^^^^^^^^^^^^^^^^^^^^^^
  File "/var/www/ezh-dev.ru/saver_bot/venv/lib/python3.12/site-packages/aiogram/dispatcher/router.py", line 181, in _propagate_event
    response = await observer.trigger(event, **kwargs)
               ^^^^^^^^^^^^^^^^^^^^^^^^^^^^^^^^^^^^^^^
  File "/var/www/ezh-dev.ru/saver_bot/venv/lib/python3.12/site-packages/aiogram/dispatcher/event/telegram.py", line 126, in trigger
    return await wrapped_inner(event, kwargs)
           ^^^^^^^^^^^^^^^^^^^^^^^^^^^^^^^^^^
  File "/var/www/ezh-dev.ru/saver_bot/venv/lib/python3.12/site-packages/aiogram/dispatcher/event/handler.py", line 43, in call
    return await wrapped()
           ^^^^^^^^^^^^^^^
  File "/var/www/ezh-dev.ru/saver_bot/main/main.py", line 322, in business_message
    user = cursor.execute('SELECT user FROM connections WHERE id = ?', (message.business_connection_id,)).fetchone()[0]
           ~~~~~~~~~~~~~~~~~~~~~~~~~~~~~~~~~~~~~~~~~~~~~~~~~~~~~~~~~~~~~~~~~~~~~~~~~~~~~~~~~~~~~~~~~~~~~~~~~~~~~~~~~^^^
TypeError: 'NoneType' object is not subscriptable
Failed to fetch updates - TelegramConflictError: Telegram server says - Conflict: terminated by other getUpdates request; make sure that only one bot instance is running
Sleep for 1.000000 seconds and try again... (tryings = 0, bot id = 8514363728)
Failed to fetch updates - TelegramConflictError: Telegram server says - Conflict: terminated by other getUpdates request; make sure that only one bot instance is running
Sleep for 1.275416 seconds and try again... (tryings = 1, bot id = 8514363728)
Cause exception while process update id=309616762 by bot id=8514363728
TypeError: 'NoneType' object is not subscriptable
Traceback (most recent call last):
  File "/var/www/ezh-dev.ru/saver_bot/venv/lib/python3.12/site-packages/aiogram/dispatcher/dispatcher.py", line 320, in _process_update
    response = await self.feed_update(bot, update, **kwargs)
               ^^^^^^^^^^^^^^^^^^^^^^^^^^^^^^^^^^^^^^^^^^^^^
  File "/var/www/ezh-dev.ru/saver_bot/venv/lib/python3.12/site-packages/aiogram/dispatcher/dispatcher.py", line 164, in feed_update
    response = await self.update.wrap_outer_middleware(
               ^^^^^^^^^^^^^^^^^^^^^^^^^^^^^^^^^^^^^^^^
  File "/var/www/ezh-dev.ru/saver_bot/venv/lib/python3.12/site-packages/aiogram/dispatcher/middlewares/error.py", line 27, in __call__
    return await handler(event, data)
           ^^^^^^^^^^^^^^^^^^^^^^^^^^
  File "/var/www/ezh-dev.ru/saver_bot/venv/lib/python3.12/site-packages/aiogram/dispatcher/middlewares/user_context.py", line 58, in __call__
    return await handler(event, data)
           ^^^^^^^^^^^^^^^^^^^^^^^^^^
  File "/var/www/ezh-dev.ru/saver_bot/venv/lib/python3.12/site-packages/aiogram/fsm/middleware.py", line 43, in __call__
    return await handler(event, data)
           ^^^^^^^^^^^^^^^^^^^^^^^^^^
  File "/var/www/ezh-dev.ru/saver_bot/venv/lib/python3.12/site-packages/aiogram/dispatcher/event/telegram.py", line 126, in trigger
    return await wrapped_inner(event, kwargs)
           ^^^^^^^^^^^^^^^^^^^^^^^^^^^^^^^^^^
  File "/var/www/ezh-dev.ru/saver_bot/venv/lib/python3.12/site-packages/aiogram/dispatcher/event/handler.py", line 43, in call
    return await wrapped()
           ^^^^^^^^^^^^^^^
  File "/var/www/ezh-dev.ru/saver_bot/venv/lib/python3.12/site-packages/aiogram/dispatcher/dispatcher.py", line 283, in _listen_update
    return await self.propagate_event(update_type=update_type, event=event, **kwargs)
           ^^^^^^^^^^^^^^^^^^^^^^^^^^^^^^^^^^^^^^^^^^^^^^^^^^^^^^^^^^^^^^^^^^^^^^^^^^
  File "/var/www/ezh-dev.ru/saver_bot/venv/lib/python3.12/site-packages/aiogram/dispatcher/router.py", line 161, in propagate_event
    return await observer.wrap_outer_middleware(_wrapped, event=event, data=kwargs)
           ^^^^^^^^^^^^^^^^^^^^^^^^^^^^^^^^^^^^^^^^^^^^^^^^^^^^^^^^^^^^^^^^^^^^^^^^
  File "/var/www/ezh-dev.ru/saver_bot/venv/lib/python3.12/site-packages/aiogram/dispatcher/router.py", line 153, in _wrapped
    return await self._propagate_event(
           ^^^^^^^^^^^^^^^^^^^^^^^^^^^^
  File "/var/www/ezh-dev.ru/saver_bot/venv/lib/python3.12/site-packages/aiogram/dispatcher/router.py", line 189, in _propagate_event
    response = await router.propagate_event(update_type=update_type, event=event, **kwargs)
               ^^^^^^^^^^^^^^^^^^^^^^^^^^^^^^^^^^^^^^^^^^^^^^^^^^^^^^^^^^^^^^^^^^^^^^^^^^^^
  File "/var/www/ezh-dev.ru/saver_bot/venv/lib/python3.12/site-packages/aiogram/dispatcher/router.py", line 161, in propagate_event
    return await observer.wrap_outer_middleware(_wrapped, event=event, data=kwargs)
           ^^^^^^^^^^^^^^^^^^^^^^^^^^^^^^^^^^^^^^^^^^^^^^^^^^^^^^^^^^^^^^^^^^^^^^^^
  File "/var/www/ezh-dev.ru/saver_bot/venv/lib/python3.12/site-packages/aiogram/dispatcher/router.py", line 153, in _wrapped
    return await self._propagate_event(
           ^^^^^^^^^^^^^^^^^^^^^^^^^^^^
  File "/var/www/ezh-dev.ru/saver_bot/venv/lib/python3.12/site-packages/aiogram/dispatcher/router.py", line 181, in _propagate_event
    response = await observer.trigger(event, **kwargs)
               ^^^^^^^^^^^^^^^^^^^^^^^^^^^^^^^^^^^^^^^
  File "/var/www/ezh-dev.ru/saver_bot/venv/lib/python3.12/site-packages/aiogram/dispatcher/event/telegram.py", line 126, in trigger
    return await wrapped_inner(event, kwargs)
           ^^^^^^^^^^^^^^^^^^^^^^^^^^^^^^^^^^
  File "/var/www/ezh-dev.ru/saver_bot/venv/lib/python3.12/site-packages/aiogram/dispatcher/event/handler.py", line 43, in call
    return await wrapped()
           ^^^^^^^^^^^^^^^
  File "/var/www/ezh-dev.ru/saver_bot/main/main.py", line 322, in business_message
    user = cursor.execute('SELECT user FROM connections WHERE id = ?', (message.business_connection_id,)).fetchone()[0]
           ~~~~~~~~~~~~~~~~~~~~~~~~~~~~~~~~~~~~~~~~~~~~~~~~~~~~~~~~~~~~~~~~~~~~~~~~~~~~~~~~~~~~~~~~~~~~~~~~~~~~~~~~~^^^
TypeError: 'NoneType' object is not subscriptable
Failed to fetch updates - TelegramConflictError: Telegram server says - Conflict: terminated by other getUpdates request; make sure that only one bot instance is running
Sleep for 1.000000 seconds and try again... (tryings = 0, bot id = 8514363728)
Cause exception while process update id=309616763 by bot id=8514363728
TypeError: 'NoneType' object is not subscriptable
Traceback (most recent call last):
  File "/var/www/ezh-dev.ru/saver_bot/venv/lib/python3.12/site-packages/aiogram/dispatcher/dispatcher.py", line 320, in _process_update
    response = await self.feed_update(bot, update, **kwargs)
               ^^^^^^^^^^^^^^^^^^^^^^^^^^^^^^^^^^^^^^^^^^^^^
  File "/var/www/ezh-dev.ru/saver_bot/venv/lib/python3.12/site-packages/aiogram/dispatcher/dispatcher.py", line 164, in feed_update
    response = await self.update.wrap_outer_middleware(
               ^^^^^^^^^^^^^^^^^^^^^^^^^^^^^^^^^^^^^^^^
  File "/var/www/ezh-dev.ru/saver_bot/venv/lib/python3.12/site-packages/aiogram/dispatcher/middlewares/error.py", line 27, in __call__
    return await handler(event, data)
           ^^^^^^^^^^^^^^^^^^^^^^^^^^
  File "/var/www/ezh-dev.ru/saver_bot/venv/lib/python3.12/site-packages/aiogram/dispatcher/middlewares/user_context.py", line 58, in __call__
    return await handler(event, data)
           ^^^^^^^^^^^^^^^^^^^^^^^^^^
  File "/var/www/ezh-dev.ru/saver_bot/venv/lib/python3.12/site-packages/aiogram/fsm/middleware.py", line 43, in __call__
    return await handler(event, data)
           ^^^^^^^^^^^^^^^^^^^^^^^^^^
  File "/var/www/ezh-dev.ru/saver_bot/venv/lib/python3.12/site-packages/aiogram/dispatcher/event/telegram.py", line 126, in trigger
    return await wrapped_inner(event, kwargs)
           ^^^^^^^^^^^^^^^^^^^^^^^^^^^^^^^^^^
  File "/var/www/ezh-dev.ru/saver_bot/venv/lib/python3.12/site-packages/aiogram/dispatcher/event/handler.py", line 43, in call
    return await wrapped()
           ^^^^^^^^^^^^^^^
  File "/var/www/ezh-dev.ru/saver_bot/venv/lib/python3.12/site-packages/aiogram/dispatcher/dispatcher.py", line 283, in _listen_update
    return await self.propagate_event(update_type=update_type, event=event, **kwargs)
           ^^^^^^^^^^^^^^^^^^^^^^^^^^^^^^^^^^^^^^^^^^^^^^^^^^^^^^^^^^^^^^^^^^^^^^^^^^
  File "/var/www/ezh-dev.ru/saver_bot/venv/lib/python3.12/site-packages/aiogram/dispatcher/router.py", line 161, in propagate_event
    return await observer.wrap_outer_middleware(_wrapped, event=event, data=kwargs)
           ^^^^^^^^^^^^^^^^^^^^^^^^^^^^^^^^^^^^^^^^^^^^^^^^^^^^^^^^^^^^^^^^^^^^^^^^
  File "/var/www/ezh-dev.ru/saver_bot/venv/lib/python3.12/site-packages/aiogram/dispatcher/router.py", line 153, in _wrapped
    return await self._propagate_event(
           ^^^^^^^^^^^^^^^^^^^^^^^^^^^^
  File "/var/www/ezh-dev.ru/saver_bot/venv/lib/python3.12/site-packages/aiogram/dispatcher/router.py", line 189, in _propagate_event
    response = await router.propagate_event(update_type=update_type, event=event, **kwargs)
               ^^^^^^^^^^^^^^^^^^^^^^^^^^^^^^^^^^^^^^^^^^^^^^^^^^^^^^^^^^^^^^^^^^^^^^^^^^^^
  File "/var/www/ezh-dev.ru/saver_bot/venv/lib/python3.12/site-packages/aiogram/dispatcher/router.py", line 161, in propagate_event
    return await observer.wrap_outer_middleware(_wrapped, event=event, data=kwargs)
           ^^^^^^^^^^^^^^^^^^^^^^^^^^^^^^^^^^^^^^^^^^^^^^^^^^^^^^^^^^^^^^^^^^^^^^^^
  File "/var/www/ezh-dev.ru/saver_bot/venv/lib/python3.12/site-packages/aiogram/dispatcher/router.py", line 153, in _wrapped
    return await self._propagate_event(
           ^^^^^^^^^^^^^^^^^^^^^^^^^^^^
  File "/var/www/ezh-dev.ru/saver_bot/venv/lib/python3.12/site-packages/aiogram/dispatcher/router.py", line 181, in _propagate_event
    response = await observer.trigger(event, **kwargs)
               ^^^^^^^^^^^^^^^^^^^^^^^^^^^^^^^^^^^^^^^
  File "/var/www/ezh-dev.ru/saver_bot/venv/lib/python3.12/site-packages/aiogram/dispatcher/event/telegram.py", line 126, in trigger
    return await wrapped_inner(event, kwargs)
           ^^^^^^^^^^^^^^^^^^^^^^^^^^^^^^^^^^
  File "/var/www/ezh-dev.ru/saver_bot/venv/lib/python3.12/site-packages/aiogram/dispatcher/event/handler.py", line 43, in call
    return await wrapped()
           ^^^^^^^^^^^^^^^
  File "/var/www/ezh-dev.ru/saver_bot/main/main.py", line 322, in business_message
    user = cursor.execute('SELECT user FROM connections WHERE id = ?', (message.business_connection_id,)).fetchone()[0]
           ~~~~~~~~~~~~~~~~~~~~~~~~~~~~~~~~~~~~~~~~~~~~~~~~~~~~~~~~~~~~~~~~~~~~~~~~~~~~~~~~~~~~~~~~~~~~~~~~~~~~~~~~~^^^
TypeError: 'NoneType' object is not subscriptable
Failed to fetch updates - TelegramConflictError: Telegram server says - Conflict: terminated by other getUpdates request; make sure that only one bot instance is running
Sleep for 1.000000 seconds and try again... (tryings = 0, bot id = 8514363728)
Cause exception while process update id=309616764 by bot id=8514363728
TypeError: 'NoneType' object is not subscriptable
Traceback (most recent call last):
  File "/var/www/ezh-dev.ru/saver_bot/venv/lib/python3.12/site-packages/aiogram/dispatcher/dispatcher.py", line 320, in _process_update
    response = await self.feed_update(bot, update, **kwargs)
               ^^^^^^^^^^^^^^^^^^^^^^^^^^^^^^^^^^^^^^^^^^^^^
  File "/var/www/ezh-dev.ru/saver_bot/venv/lib/python3.12/site-packages/aiogram/dispatcher/dispatcher.py", line 164, in feed_update
    response = await self.update.wrap_outer_middleware(
               ^^^^^^^^^^^^^^^^^^^^^^^^^^^^^^^^^^^^^^^^
  File "/var/www/ezh-dev.ru/saver_bot/venv/lib/python3.12/site-packages/aiogram/dispatcher/middlewares/error.py", line 27, in __call__
    return await handler(event, data)
           ^^^^^^^^^^^^^^^^^^^^^^^^^^
  File "/var/www/ezh-dev.ru/saver_bot/venv/lib/python3.12/site-packages/aiogram/dispatcher/middlewares/user_context.py", line 58, in __call__
    return await handler(event, data)
           ^^^^^^^^^^^^^^^^^^^^^^^^^^
  File "/var/www/ezh-dev.ru/saver_bot/venv/lib/python3.12/site-packages/aiogram/fsm/middleware.py", line 43, in __call__
    return await handler(event, data)
           ^^^^^^^^^^^^^^^^^^^^^^^^^^
  File "/var/www/ezh-dev.ru/saver_bot/venv/lib/python3.12/site-packages/aiogram/dispatcher/event/telegram.py", line 126, in trigger
    return await wrapped_inner(event, kwargs)
           ^^^^^^^^^^^^^^^^^^^^^^^^^^^^^^^^^^
  File "/var/www/ezh-dev.ru/saver_bot/venv/lib/python3.12/site-packages/aiogram/dispatcher/event/handler.py", line 43, in call
    return await wrapped()
           ^^^^^^^^^^^^^^^
  File "/var/www/ezh-dev.ru/saver_bot/venv/lib/python3.12/site-packages/aiogram/dispatcher/dispatcher.py", line 283, in _listen_update
    return await self.propagate_event(update_type=update_type, event=event, **kwargs)
           ^^^^^^^^^^^^^^^^^^^^^^^^^^^^^^^^^^^^^^^^^^^^^^^^^^^^^^^^^^^^^^^^^^^^^^^^^^
  File "/var/www/ezh-dev.ru/saver_bot/venv/lib/python3.12/site-packages/aiogram/dispatcher/router.py", line 161, in propagate_event
    return await observer.wrap_outer_middleware(_wrapped, event=event, data=kwargs)
           ^^^^^^^^^^^^^^^^^^^^^^^^^^^^^^^^^^^^^^^^^^^^^^^^^^^^^^^^^^^^^^^^^^^^^^^^
  File "/var/www/ezh-dev.ru/saver_bot/venv/lib/python3.12/site-packages/aiogram/dispatcher/router.py", line 153, in _wrapped
    return await self._propagate_event(
           ^^^^^^^^^^^^^^^^^^^^^^^^^^^^
  File "/var/www/ezh-dev.ru/saver_bot/venv/lib/python3.12/site-packages/aiogram/dispatcher/router.py", line 189, in _propagate_event
    response = await router.propagate_event(update_type=update_type, event=event, **kwargs)
               ^^^^^^^^^^^^^^^^^^^^^^^^^^^^^^^^^^^^^^^^^^^^^^^^^^^^^^^^^^^^^^^^^^^^^^^^^^^^
  File "/var/www/ezh-dev.ru/saver_bot/venv/lib/python3.12/site-packages/aiogram/dispatcher/router.py", line 161, in propagate_event
    return await observer.wrap_outer_middleware(_wrapped, event=event, data=kwargs)
           ^^^^^^^^^^^^^^^^^^^^^^^^^^^^^^^^^^^^^^^^^^^^^^^^^^^^^^^^^^^^^^^^^^^^^^^^
  File "/var/www/ezh-dev.ru/saver_bot/venv/lib/python3.12/site-packages/aiogram/dispatcher/router.py", line 153, in _wrapped
    return await self._propagate_event(
           ^^^^^^^^^^^^^^^^^^^^^^^^^^^^
  File "/var/www/ezh-dev.ru/saver_bot/venv/lib/python3.12/site-packages/aiogram/dispatcher/router.py", line 181, in _propagate_event
    response = await observer.trigger(event, **kwargs)
               ^^^^^^^^^^^^^^^^^^^^^^^^^^^^^^^^^^^^^^^
  File "/var/www/ezh-dev.ru/saver_bot/venv/lib/python3.12/site-packages/aiogram/dispatcher/event/telegram.py", line 126, in trigger
    return await wrapped_inner(event, kwargs)
           ^^^^^^^^^^^^^^^^^^^^^^^^^^^^^^^^^^
  File "/var/www/ezh-dev.ru/saver_bot/venv/lib/python3.12/site-packages/aiogram/dispatcher/event/handler.py", line 43, in call
    return await wrapped()
           ^^^^^^^^^^^^^^^
  File "/var/www/ezh-dev.ru/saver_bot/main/main.py", line 322, in business_message
    user = cursor.execute('SELECT user FROM connections WHERE id = ?', (message.business_connection_id,)).fetchone()[0]
           ~~~~~~~~~~~~~~~~~~~~~~~~~~~~~~~~~~~~~~~~~~~~~~~~~~~~~~~~~~~~~~~~~~~~~~~~~~~~~~~~~~~~~~~~~~~~~~~~~~~~~~~~~^^^
TypeError: 'NoneType' object is not subscriptable
Failed to fetch updates - TelegramConflictError: Telegram server says - Conflict: terminated by other getUpdates request; make sure that only one bot instance is running
Sleep for 1.000000 seconds and try again... (tryings = 0, bot id = 8514363728)
Cause exception while process update id=309616766 by bot id=8514363728
TypeError: 'NoneType' object is not subscriptable
Traceback (most recent call last):
  File "/var/www/ezh-dev.ru/saver_bot/venv/lib/python3.12/site-packages/aiogram/dispatcher/dispatcher.py", line 320, in _process_update
    response = await self.feed_update(bot, update, **kwargs)
               ^^^^^^^^^^^^^^^^^^^^^^^^^^^^^^^^^^^^^^^^^^^^^
  File "/var/www/ezh-dev.ru/saver_bot/venv/lib/python3.12/site-packages/aiogram/dispatcher/dispatcher.py", line 164, in feed_update
    response = await self.update.wrap_outer_middleware(
               ^^^^^^^^^^^^^^^^^^^^^^^^^^^^^^^^^^^^^^^^
  File "/var/www/ezh-dev.ru/saver_bot/venv/lib/python3.12/site-packages/aiogram/dispatcher/middlewares/error.py", line 27, in __call__
    return await handler(event, data)
           ^^^^^^^^^^^^^^^^^^^^^^^^^^
  File "/var/www/ezh-dev.ru/saver_bot/venv/lib/python3.12/site-packages/aiogram/dispatcher/middlewares/user_context.py", line 58, in __call__
    return await handler(event, data)
           ^^^^^^^^^^^^^^^^^^^^^^^^^^
  File "/var/www/ezh-dev.ru/saver_bot/venv/lib/python3.12/site-packages/aiogram/fsm/middleware.py", line 43, in __call__
    return await handler(event, data)
           ^^^^^^^^^^^^^^^^^^^^^^^^^^
  File "/var/www/ezh-dev.ru/saver_bot/venv/lib/python3.12/site-packages/aiogram/dispatcher/event/telegram.py", line 126, in trigger
    return await wrapped_inner(event, kwargs)
           ^^^^^^^^^^^^^^^^^^^^^^^^^^^^^^^^^^
  File "/var/www/ezh-dev.ru/saver_bot/venv/lib/python3.12/site-packages/aiogram/dispatcher/event/handler.py", line 43, in call
    return await wrapped()
           ^^^^^^^^^^^^^^^
  File "/var/www/ezh-dev.ru/saver_bot/venv/lib/python3.12/site-packages/aiogram/dispatcher/dispatcher.py", line 283, in _listen_update
    return await self.propagate_event(update_type=update_type, event=event, **kwargs)
           ^^^^^^^^^^^^^^^^^^^^^^^^^^^^^^^^^^^^^^^^^^^^^^^^^^^^^^^^^^^^^^^^^^^^^^^^^^
  File "/var/www/ezh-dev.ru/saver_bot/venv/lib/python3.12/site-packages/aiogram/dispatcher/router.py", line 161, in propagate_event
    return await observer.wrap_outer_middleware(_wrapped, event=event, data=kwargs)
           ^^^^^^^^^^^^^^^^^^^^^^^^^^^^^^^^^^^^^^^^^^^^^^^^^^^^^^^^^^^^^^^^^^^^^^^^
  File "/var/www/ezh-dev.ru/saver_bot/venv/lib/python3.12/site-packages/aiogram/dispatcher/router.py", line 153, in _wrapped
    return await self._propagate_event(
           ^^^^^^^^^^^^^^^^^^^^^^^^^^^^
  File "/var/www/ezh-dev.ru/saver_bot/venv/lib/python3.12/site-packages/aiogram/dispatcher/router.py", line 189, in _propagate_event
    response = await router.propagate_event(update_type=update_type, event=event, **kwargs)
               ^^^^^^^^^^^^^^^^^^^^^^^^^^^^^^^^^^^^^^^^^^^^^^^^^^^^^^^^^^^^^^^^^^^^^^^^^^^^
  File "/var/www/ezh-dev.ru/saver_bot/venv/lib/python3.12/site-packages/aiogram/dispatcher/router.py", line 161, in propagate_event
    return await observer.wrap_outer_middleware(_wrapped, event=event, data=kwargs)
           ^^^^^^^^^^^^^^^^^^^^^^^^^^^^^^^^^^^^^^^^^^^^^^^^^^^^^^^^^^^^^^^^^^^^^^^^
  File "/var/www/ezh-dev.ru/saver_bot/venv/lib/python3.12/site-packages/aiogram/dispatcher/router.py", line 153, in _wrapped
    return await self._propagate_event(
           ^^^^^^^^^^^^^^^^^^^^^^^^^^^^
  File "/var/www/ezh-dev.ru/saver_bot/venv/lib/python3.12/site-packages/aiogram/dispatcher/router.py", line 181, in _propagate_event
    response = await observer.trigger(event, **kwargs)
               ^^^^^^^^^^^^^^^^^^^^^^^^^^^^^^^^^^^^^^^
  File "/var/www/ezh-dev.ru/saver_bot/venv/lib/python3.12/site-packages/aiogram/dispatcher/event/telegram.py", line 126, in trigger
    return await wrapped_inner(event, kwargs)
           ^^^^^^^^^^^^^^^^^^^^^^^^^^^^^^^^^^
  File "/var/www/ezh-dev.ru/saver_bot/venv/lib/python3.12/site-packages/aiogram/dispatcher/event/handler.py", line 43, in call
    return await wrapped()
           ^^^^^^^^^^^^^^^
  File "/var/www/ezh-dev.ru/saver_bot/main/main.py", line 322, in business_message
    user = cursor.execute('SELECT user FROM connections WHERE id = ?', (message.business_connection_id,)).fetchone()[0]
           ~~~~~~~~~~~~~~~~~~~~~~~~~~~~~~~~~~~~~~~~~~~~~~~~~~~~~~~~~~~~~~~~~~~~~~~~~~~~~~~~~~~~~~~~~~~~~~~~~~~~~~~~~^^^
TypeError: 'NoneType' object is not subscriptable
Failed to fetch updates - TelegramConflictError: Telegram server says - Conflict: terminated by other getUpdates request; make sure that only one bot instance is running
Sleep for 1.000000 seconds and try again... (tryings = 0, bot id = 8514363728)
Failed to fetch updates - TelegramConflictError: Telegram server says - Conflict: terminated by other getUpdates request; make sure that only one bot instance is running
Sleep for 1.323394 seconds and try again... (tryings = 1, bot id = 8514363728)
Failed to fetch updates - TelegramConflictError: Telegram server says - Conflict: terminated by other getUpdates request; make sure that only one bot instance is running
Sleep for 1.627155 seconds and try again... (tryings = 2, bot id = 8514363728)
Failed to fetch updates - TelegramConflictError: Telegram server says - Conflict: terminated by other getUpdates request; make sure that only one bot instance is running
Sleep for 2.216372 seconds and try again... (tryings = 3, bot id = 8514363728)
Failed to fetch updates - TelegramConflictError: Telegram server says - Conflict: terminated by other getUpdates request; make sure that only one bot instance is running
Sleep for 2.780578 seconds and try again... (tryings = 4, bot id = 8514363728)
Failed to fetch updates - TelegramConflictError: Telegram server says - Conflict: terminated by other getUpdates request; make sure that only one bot instance is running
Sleep for 3.589397 seconds and try again... (tryings = 5, bot id = 8514363728)
Failed to fetch updates - TelegramConflictError: Telegram server says - Conflict: terminated by other getUpdates request; make sure that only one bot instance is running
Sleep for 4.751844 seconds and try again... (tryings = 6, bot id = 8514363728)
Cause exception while process update id=309616768 by bot id=8514363728
TypeError: 'NoneType' object is not subscriptable
Traceback (most recent call last):
  File "/var/www/ezh-dev.ru/saver_bot/venv/lib/python3.12/site-packages/aiogram/dispatcher/dispatcher.py", line 320, in _process_update
    response = await self.feed_update(bot, update, **kwargs)
               ^^^^^^^^^^^^^^^^^^^^^^^^^^^^^^^^^^^^^^^^^^^^^
  File "/var/www/ezh-dev.ru/saver_bot/venv/lib/python3.12/site-packages/aiogram/dispatcher/dispatcher.py", line 164, in feed_update
    response = await self.update.wrap_outer_middleware(
               ^^^^^^^^^^^^^^^^^^^^^^^^^^^^^^^^^^^^^^^^
  File "/var/www/ezh-dev.ru/saver_bot/venv/lib/python3.12/site-packages/aiogram/dispatcher/middlewares/error.py", line 27, in __call__
    return await handler(event, data)
           ^^^^^^^^^^^^^^^^^^^^^^^^^^
  File "/var/www/ezh-dev.ru/saver_bot/venv/lib/python3.12/site-packages/aiogram/dispatcher/middlewares/user_context.py", line 58, in __call__
    return await handler(event, data)
           ^^^^^^^^^^^^^^^^^^^^^^^^^^
  File "/var/www/ezh-dev.ru/saver_bot/venv/lib/python3.12/site-packages/aiogram/fsm/middleware.py", line 43, in __call__
    return await handler(event, data)
           ^^^^^^^^^^^^^^^^^^^^^^^^^^
  File "/var/www/ezh-dev.ru/saver_bot/venv/lib/python3.12/site-packages/aiogram/dispatcher/event/telegram.py", line 126, in trigger
    return await wrapped_inner(event, kwargs)
           ^^^^^^^^^^^^^^^^^^^^^^^^^^^^^^^^^^
  File "/var/www/ezh-dev.ru/saver_bot/venv/lib/python3.12/site-packages/aiogram/dispatcher/event/handler.py", line 43, in call
    return await wrapped()
           ^^^^^^^^^^^^^^^
  File "/var/www/ezh-dev.ru/saver_bot/venv/lib/python3.12/site-packages/aiogram/dispatcher/dispatcher.py", line 283, in _listen_update
    return await self.propagate_event(update_type=update_type, event=event, **kwargs)
           ^^^^^^^^^^^^^^^^^^^^^^^^^^^^^^^^^^^^^^^^^^^^^^^^^^^^^^^^^^^^^^^^^^^^^^^^^^
  File "/var/www/ezh-dev.ru/saver_bot/venv/lib/python3.12/site-packages/aiogram/dispatcher/router.py", line 161, in propagate_event
    return await observer.wrap_outer_middleware(_wrapped, event=event, data=kwargs)
           ^^^^^^^^^^^^^^^^^^^^^^^^^^^^^^^^^^^^^^^^^^^^^^^^^^^^^^^^^^^^^^^^^^^^^^^^
  File "/var/www/ezh-dev.ru/saver_bot/venv/lib/python3.12/site-packages/aiogram/dispatcher/router.py", line 153, in _wrapped
    return await self._propagate_event(
           ^^^^^^^^^^^^^^^^^^^^^^^^^^^^
  File "/var/www/ezh-dev.ru/saver_bot/venv/lib/python3.12/site-packages/aiogram/dispatcher/router.py", line 189, in _propagate_event
    response = await router.propagate_event(update_type=update_type, event=event, **kwargs)
               ^^^^^^^^^^^^^^^^^^^^^^^^^^^^^^^^^^^^^^^^^^^^^^^^^^^^^^^^^^^^^^^^^^^^^^^^^^^^
  File "/var/www/ezh-dev.ru/saver_bot/venv/lib/python3.12/site-packages/aiogram/dispatcher/router.py", line 161, in propagate_event
    return await observer.wrap_outer_middleware(_wrapped, event=event, data=kwargs)
           ^^^^^^^^^^^^^^^^^^^^^^^^^^^^^^^^^^^^^^^^^^^^^^^^^^^^^^^^^^^^^^^^^^^^^^^^
  File "/var/www/ezh-dev.ru/saver_bot/venv/lib/python3.12/site-packages/aiogram/dispatcher/router.py", line 153, in _wrapped
    return await self._propagate_event(
           ^^^^^^^^^^^^^^^^^^^^^^^^^^^^
  File "/var/www/ezh-dev.ru/saver_bot/venv/lib/python3.12/site-packages/aiogram/dispatcher/router.py", line 181, in _propagate_event
    response = await observer.trigger(event, **kwargs)
               ^^^^^^^^^^^^^^^^^^^^^^^^^^^^^^^^^^^^^^^
  File "/var/www/ezh-dev.ru/saver_bot/venv/lib/python3.12/site-packages/aiogram/dispatcher/event/telegram.py", line 126, in trigger
    return await wrapped_inner(event, kwargs)
           ^^^^^^^^^^^^^^^^^^^^^^^^^^^^^^^^^^
  File "/var/www/ezh-dev.ru/saver_bot/venv/lib/python3.12/site-packages/aiogram/dispatcher/event/handler.py", line 43, in call
    return await wrapped()
           ^^^^^^^^^^^^^^^
  File "/var/www/ezh-dev.ru/saver_bot/main/main.py", line 322, in business_message
    user = cursor.execute('SELECT user FROM connections WHERE id = ?', (message.business_connection_id,)).fetchone()[0]
           ~~~~~~~~~~~~~~~~~~~~~~~~~~~~~~~~~~~~~~~~~~~~~~~~~~~~~~~~~~~~~~~~~~~~~~~~~~~~~~~~~~~~~~~~~~~~~~~~~~~~~~~~~^^^
TypeError: 'NoneType' object is not subscriptable
Failed to fetch updates - TelegramConflictError: Telegram server says - Conflict: terminated by other getUpdates request; make sure that only one bot instance is running
Sleep for 1.000000 seconds and try again... (tryings = 0, bot id = 8514363728)
Failed to fetch updates - TelegramConflictError: Telegram server says - Conflict: terminated by other getUpdates request; make sure that only one bot instance is running
Sleep for 1.286222 seconds and try again... (tryings = 1, bot id = 8514363728)
Failed to fetch updates - TelegramConflictError: Telegram server says - Conflict: terminated by other getUpdates request; make sure that only one bot instance is running
Sleep for 1.717033 seconds and try again... (tryings = 2, bot id = 8514363728)
Failed to fetch updates - TelegramConflictError: Telegram server says - Conflict: terminated by other getUpdates request; make sure that only one bot instance is running
Sleep for 2.138859 seconds and try again... (tryings = 3, bot id = 8514363728)
Failed to fetch updates - TelegramConflictError: Telegram server says - Conflict: terminated by other getUpdates request; make sure that only one bot instance is running
Sleep for 2.822964 seconds and try again... (tryings = 4, bot id = 8514363728)
Received SIGTERM signal
Cause exception while process update id=309616796 by bot id=8514363728
TypeError: 'NoneType' object is not subscriptable
Traceback (most recent call last):
  File "/var/www/ezh-dev.ru/saver_bot/venv/lib/python3.12/site-packages/aiogram/dispatcher/dispatcher.py", line 320, in _process_update
    response = await self.feed_update(bot, update, **kwargs)
               ^^^^^^^^^^^^^^^^^^^^^^^^^^^^^^^^^^^^^^^^^^^^^
  File "/var/www/ezh-dev.ru/saver_bot/venv/lib/python3.12/site-packages/aiogram/dispatcher/dispatcher.py", line 164, in feed_update
    response = await self.update.wrap_outer_middleware(
               ^^^^^^^^^^^^^^^^^^^^^^^^^^^^^^^^^^^^^^^^
  File "/var/www/ezh-dev.ru/saver_bot/venv/lib/python3.12/site-packages/aiogram/dispatcher/middlewares/error.py", line 27, in __call__
    return await handler(event, data)
           ^^^^^^^^^^^^^^^^^^^^^^^^^^
  File "/var/www/ezh-dev.ru/saver_bot/venv/lib/python3.12/site-packages/aiogram/dispatcher/middlewares/user_context.py", line 58, in __call__
    return await handler(event, data)
           ^^^^^^^^^^^^^^^^^^^^^^^^^^
  File "/var/www/ezh-dev.ru/saver_bot/venv/lib/python3.12/site-packages/aiogram/fsm/middleware.py", line 43, in __call__
    return await handler(event, data)
           ^^^^^^^^^^^^^^^^^^^^^^^^^^
  File "/var/www/ezh-dev.ru/saver_bot/venv/lib/python3.12/site-packages/aiogram/dispatcher/event/telegram.py", line 126, in trigger
    return await wrapped_inner(event, kwargs)
           ^^^^^^^^^^^^^^^^^^^^^^^^^^^^^^^^^^
  File "/var/www/ezh-dev.ru/saver_bot/venv/lib/python3.12/site-packages/aiogram/dispatcher/event/handler.py", line 43, in call
    return await wrapped()
           ^^^^^^^^^^^^^^^
  File "/var/www/ezh-dev.ru/saver_bot/venv/lib/python3.12/site-packages/aiogram/dispatcher/dispatcher.py", line 283, in _listen_update
    return await self.propagate_event(update_type=update_type, event=event, **kwargs)
           ^^^^^^^^^^^^^^^^^^^^^^^^^^^^^^^^^^^^^^^^^^^^^^^^^^^^^^^^^^^^^^^^^^^^^^^^^^
  File "/var/www/ezh-dev.ru/saver_bot/venv/lib/python3.12/site-packages/aiogram/dispatcher/router.py", line 161, in propagate_event
    return await observer.wrap_outer_middleware(_wrapped, event=event, data=kwargs)
           ^^^^^^^^^^^^^^^^^^^^^^^^^^^^^^^^^^^^^^^^^^^^^^^^^^^^^^^^^^^^^^^^^^^^^^^^
  File "/var/www/ezh-dev.ru/saver_bot/venv/lib/python3.12/site-packages/aiogram/dispatcher/router.py", line 153, in _wrapped
    return await self._propagate_event(
           ^^^^^^^^^^^^^^^^^^^^^^^^^^^^
  File "/var/www/ezh-dev.ru/saver_bot/venv/lib/python3.12/site-packages/aiogram/dispatcher/router.py", line 189, in _propagate_event
    response = await router.propagate_event(update_type=update_type, event=event, **kwargs)
               ^^^^^^^^^^^^^^^^^^^^^^^^^^^^^^^^^^^^^^^^^^^^^^^^^^^^^^^^^^^^^^^^^^^^^^^^^^^^
  File "/var/www/ezh-dev.ru/saver_bot/venv/lib/python3.12/site-packages/aiogram/dispatcher/router.py", line 161, in propagate_event
    return await observer.wrap_outer_middleware(_wrapped, event=event, data=kwargs)
           ^^^^^^^^^^^^^^^^^^^^^^^^^^^^^^^^^^^^^^^^^^^^^^^^^^^^^^^^^^^^^^^^^^^^^^^^
  File "/var/www/ezh-dev.ru/saver_bot/venv/lib/python3.12/site-packages/aiogram/dispatcher/router.py", line 153, in _wrapped
    return await self._propagate_event(
           ^^^^^^^^^^^^^^^^^^^^^^^^^^^^
  File "/var/www/ezh-dev.ru/saver_bot/venv/lib/python3.12/site-packages/aiogram/dispatcher/router.py", line 181, in _propagate_event
    response = await observer.trigger(event, **kwargs)
               ^^^^^^^^^^^^^^^^^^^^^^^^^^^^^^^^^^^^^^^
  File "/var/www/ezh-dev.ru/saver_bot/venv/lib/python3.12/site-packages/aiogram/dispatcher/event/telegram.py", line 126, in trigger
    return await wrapped_inner(event, kwargs)
           ^^^^^^^^^^^^^^^^^^^^^^^^^^^^^^^^^^
  File "/var/www/ezh-dev.ru/saver_bot/venv/lib/python3.12/site-packages/aiogram/dispatcher/event/handler.py", line 43, in call
    return await wrapped()
           ^^^^^^^^^^^^^^^
  File "/var/www/ezh-dev.ru/saver_bot/main/main.py", line 322, in business_message
    user = cursor.execute('SELECT user FROM connections WHERE id = ?', (message.business_connection_id,)).fetchone()[0]
           ~~~~~~~~~~~~~~~~~~~~~~~~~~~~~~~~~~~~~~~~~~~~~~~~~~~~~~~~~~~~~~~~~~~~~~~~~~~~~~~~~~~~~~~~~~~~~~~~~~~~~~~~~^^^
TypeError: 'NoneType' object is not subscriptable
Received SIGTERM signal
Cause exception while process update id=309616897 by bot id=8514363728
TelegramForbiddenError: Telegram server says - Forbidden: bot was blocked by the user
Traceback (most recent call last):
  File "/var/www/ezh-dev.ru/saver_bot/venv/lib/python3.12/site-packages/aiogram/dispatcher/dispatcher.py", line 320, in _process_update
    response = await self.feed_update(bot, update, **kwargs)
               ^^^^^^^^^^^^^^^^^^^^^^^^^^^^^^^^^^^^^^^^^^^^^
  File "/var/www/ezh-dev.ru/saver_bot/venv/lib/python3.12/site-packages/aiogram/dispatcher/dispatcher.py", line 164, in feed_update
    response = await self.update.wrap_outer_middleware(
               ^^^^^^^^^^^^^^^^^^^^^^^^^^^^^^^^^^^^^^^^
  File "/var/www/ezh-dev.ru/saver_bot/venv/lib/python3.12/site-packages/aiogram/dispatcher/middlewares/error.py", line 27, in __call__
    return await handler(event, data)
           ^^^^^^^^^^^^^^^^^^^^^^^^^^
  File "/var/www/ezh-dev.ru/saver_bot/venv/lib/python3.12/site-packages/aiogram/dispatcher/middlewares/user_context.py", line 58, in __call__
    return await handler(event, data)
           ^^^^^^^^^^^^^^^^^^^^^^^^^^
  File "/var/www/ezh-dev.ru/saver_bot/venv/lib/python3.12/site-packages/aiogram/fsm/middleware.py", line 43, in __call__
    return await handler(event, data)
           ^^^^^^^^^^^^^^^^^^^^^^^^^^
  File "/var/www/ezh-dev.ru/saver_bot/venv/lib/python3.12/site-packages/aiogram/dispatcher/event/telegram.py", line 126, in trigger
    return await wrapped_inner(event, kwargs)
           ^^^^^^^^^^^^^^^^^^^^^^^^^^^^^^^^^^
  File "/var/www/ezh-dev.ru/saver_bot/venv/lib/python3.12/site-packages/aiogram/dispatcher/event/handler.py", line 43, in call
    return await wrapped()
           ^^^^^^^^^^^^^^^
  File "/var/www/ezh-dev.ru/saver_bot/venv/lib/python3.12/site-packages/aiogram/dispatcher/dispatcher.py", line 283, in _listen_update
    return await self.propagate_event(update_type=update_type, event=event, **kwargs)
           ^^^^^^^^^^^^^^^^^^^^^^^^^^^^^^^^^^^^^^^^^^^^^^^^^^^^^^^^^^^^^^^^^^^^^^^^^^
  File "/var/www/ezh-dev.ru/saver_bot/venv/lib/python3.12/site-packages/aiogram/dispatcher/router.py", line 161, in propagate_event
    return await observer.wrap_outer_middleware(_wrapped, event=event, data=kwargs)
           ^^^^^^^^^^^^^^^^^^^^^^^^^^^^^^^^^^^^^^^^^^^^^^^^^^^^^^^^^^^^^^^^^^^^^^^^
  File "/var/www/ezh-dev.ru/saver_bot/venv/lib/python3.12/site-packages/aiogram/dispatcher/router.py", line 153, in _wrapped
    return await self._propagate_event(
           ^^^^^^^^^^^^^^^^^^^^^^^^^^^^
  File "/var/www/ezh-dev.ru/saver_bot/venv/lib/python3.12/site-packages/aiogram/dispatcher/router.py", line 189, in _propagate_event
    response = await router.propagate_event(update_type=update_type, event=event, **kwargs)
               ^^^^^^^^^^^^^^^^^^^^^^^^^^^^^^^^^^^^^^^^^^^^^^^^^^^^^^^^^^^^^^^^^^^^^^^^^^^^
  File "/var/www/ezh-dev.ru/saver_bot/venv/lib/python3.12/site-packages/aiogram/dispatcher/router.py", line 161, in propagate_event
    return await observer.wrap_outer_middleware(_wrapped, event=event, data=kwargs)
           ^^^^^^^^^^^^^^^^^^^^^^^^^^^^^^^^^^^^^^^^^^^^^^^^^^^^^^^^^^^^^^^^^^^^^^^^
  File "/var/www/ezh-dev.ru/saver_bot/venv/lib/python3.12/site-packages/aiogram/dispatcher/router.py", line 153, in _wrapped
    return await self._propagate_event(
           ^^^^^^^^^^^^^^^^^^^^^^^^^^^^
  File "/var/www/ezh-dev.ru/saver_bot/venv/lib/python3.12/site-packages/aiogram/dispatcher/router.py", line 181, in _propagate_event
    response = await observer.trigger(event, **kwargs)
               ^^^^^^^^^^^^^^^^^^^^^^^^^^^^^^^^^^^^^^^
  File "/var/www/ezh-dev.ru/saver_bot/venv/lib/python3.12/site-packages/aiogram/dispatcher/event/telegram.py", line 126, in trigger
    return await wrapped_inner(event, kwargs)
           ^^^^^^^^^^^^^^^^^^^^^^^^^^^^^^^^^^
  File "/var/www/ezh-dev.ru/saver_bot/venv/lib/python3.12/site-packages/aiogram/dispatcher/event/handler.py", line 43, in call
    return await wrapped()
           ^^^^^^^^^^^^^^^
  File "/var/www/ezh-dev.ru/saver_bot/main/main.py", line 223, in edited_business_message
    await bot.send_message(user_id, f'🔏 {user_link} изменил текст:\n\nСтарый:\n```{old_text}```\n\nНовый:\n```{message.text or "(удален)"}```', parse_mode=ParseMode.MARKDOWN, disable_web_page_preview=True)
  File "/var/www/ezh-dev.ru/saver_bot/venv/lib/python3.12/site-packages/aiogram/client/bot.py", line 2925, in send_message
    return await self(call, request_timeout=request_timeout)
           ^^^^^^^^^^^^^^^^^^^^^^^^^^^^^^^^^^^^^^^^^^^^^^^^^
  File "/var/www/ezh-dev.ru/saver_bot/venv/lib/python3.12/site-packages/aiogram/client/bot.py", line 485, in __call__
    return await self.session(self, method, timeout=request_timeout)
           ^^^^^^^^^^^^^^^^^^^^^^^^^^^^^^^^^^^^^^^^^^^^^^^^^^^^^^^^^
  File "/var/www/ezh-dev.ru/saver_bot/venv/lib/python3.12/site-packages/aiogram/client/session/base.py", line 259, in __call__
    return cast(TelegramType, await middleware(bot, method))
                              ^^^^^^^^^^^^^^^^^^^^^^^^^^^^^
  File "/var/www/ezh-dev.ru/saver_bot/venv/lib/python3.12/site-packages/aiogram/client/session/aiohttp.py", line 177, in make_request
    response = self.check_response(
               ^^^^^^^^^^^^^^^^^^^^
  File "/var/www/ezh-dev.ru/saver_bot/venv/lib/python3.12/site-packages/aiogram/client/session/base.py", line 129, in check_response
    raise TelegramForbiddenError(method=method, message=description)
aiogram.exceptions.TelegramForbiddenError: Telegram server says - Forbidden: bot was blocked by the user
Cause exception while process update id=309617011 by bot id=8514363728
TelegramForbiddenError: Telegram server says - Forbidden: bot was blocked by the user
Traceback (most recent call last):
  File "/var/www/ezh-dev.ru/saver_bot/venv/lib/python3.12/site-packages/aiogram/dispatcher/dispatcher.py", line 320, in _process_update
    response = await self.feed_update(bot, update, **kwargs)
               ^^^^^^^^^^^^^^^^^^^^^^^^^^^^^^^^^^^^^^^^^^^^^
  File "/var/www/ezh-dev.ru/saver_bot/venv/lib/python3.12/site-packages/aiogram/dispatcher/dispatcher.py", line 164, in feed_update
    response = await self.update.wrap_outer_middleware(
               ^^^^^^^^^^^^^^^^^^^^^^^^^^^^^^^^^^^^^^^^
  File "/var/www/ezh-dev.ru/saver_bot/venv/lib/python3.12/site-packages/aiogram/dispatcher/middlewares/error.py", line 27, in __call__
    return await handler(event, data)
           ^^^^^^^^^^^^^^^^^^^^^^^^^^
  File "/var/www/ezh-dev.ru/saver_bot/venv/lib/python3.12/site-packages/aiogram/dispatcher/middlewares/user_context.py", line 58, in __call__
    return await handler(event, data)
           ^^^^^^^^^^^^^^^^^^^^^^^^^^
  File "/var/www/ezh-dev.ru/saver_bot/venv/lib/python3.12/site-packages/aiogram/fsm/middleware.py", line 44, in __call__
    return await handler(event, data)
           ^^^^^^^^^^^^^^^^^^^^^^^^^^
  File "/var/www/ezh-dev.ru/saver_bot/venv/lib/python3.12/site-packages/aiogram/dispatcher/event/telegram.py", line 126, in trigger
    return await wrapped_inner(event, kwargs)
           ^^^^^^^^^^^^^^^^^^^^^^^^^^^^^^^^^^
  File "/var/www/ezh-dev.ru/saver_bot/venv/lib/python3.12/site-packages/aiogram/dispatcher/event/handler.py", line 43, in call
    return await wrapped()
           ^^^^^^^^^^^^^^^
  File "/var/www/ezh-dev.ru/saver_bot/venv/lib/python3.12/site-packages/aiogram/dispatcher/dispatcher.py", line 283, in _listen_update
    return await self.propagate_event(update_type=update_type, event=event, **kwargs)
           ^^^^^^^^^^^^^^^^^^^^^^^^^^^^^^^^^^^^^^^^^^^^^^^^^^^^^^^^^^^^^^^^^^^^^^^^^^
  File "/var/www/ezh-dev.ru/saver_bot/venv/lib/python3.12/site-packages/aiogram/dispatcher/router.py", line 161, in propagate_event
    return await observer.wrap_outer_middleware(_wrapped, event=event, data=kwargs)
           ^^^^^^^^^^^^^^^^^^^^^^^^^^^^^^^^^^^^^^^^^^^^^^^^^^^^^^^^^^^^^^^^^^^^^^^^
  File "/var/www/ezh-dev.ru/saver_bot/venv/lib/python3.12/site-packages/aiogram/dispatcher/router.py", line 153, in _wrapped
    return await self._propagate_event(
           ^^^^^^^^^^^^^^^^^^^^^^^^^^^^
  File "/var/www/ezh-dev.ru/saver_bot/venv/lib/python3.12/site-packages/aiogram/dispatcher/router.py", line 189, in _propagate_event
    response = await router.propagate_event(update_type=update_type, event=event, **kwargs)
               ^^^^^^^^^^^^^^^^^^^^^^^^^^^^^^^^^^^^^^^^^^^^^^^^^^^^^^^^^^^^^^^^^^^^^^^^^^^^
  File "/var/www/ezh-dev.ru/saver_bot/venv/lib/python3.12/site-packages/aiogram/dispatcher/router.py", line 161, in propagate_event
    return await observer.wrap_outer_middleware(_wrapped, event=event, data=kwargs)
           ^^^^^^^^^^^^^^^^^^^^^^^^^^^^^^^^^^^^^^^^^^^^^^^^^^^^^^^^^^^^^^^^^^^^^^^^
  File "/var/www/ezh-dev.ru/saver_bot/venv/lib/python3.12/site-packages/aiogram/dispatcher/router.py", line 153, in _wrapped
    return await self._propagate_event(
           ^^^^^^^^^^^^^^^^^^^^^^^^^^^^
  File "/var/www/ezh-dev.ru/saver_bot/venv/lib/python3.12/site-packages/aiogram/dispatcher/router.py", line 181, in _propagate_event
    response = await observer.trigger(event, **kwargs)
               ^^^^^^^^^^^^^^^^^^^^^^^^^^^^^^^^^^^^^^^
  File "/var/www/ezh-dev.ru/saver_bot/venv/lib/python3.12/site-packages/aiogram/dispatcher/event/telegram.py", line 126, in trigger
    return await wrapped_inner(event, kwargs)
           ^^^^^^^^^^^^^^^^^^^^^^^^^^^^^^^^^^
  File "/var/www/ezh-dev.ru/saver_bot/venv/lib/python3.12/site-packages/aiogram/dispatcher/event/handler.py", line 43, in call
    return await wrapped()
           ^^^^^^^^^^^^^^^
  File "/var/www/ezh-dev.ru/saver_bot/main/main.py", line 300, in deleted_business_messages
    await bot.send_message(user_id, f'🗑 Это сообщение было удалено {user_link}\n\n```{message.chat.full_name}\n\n{text}```', parse_mode=ParseMode.MARKDOWN, disable_web_page_preview=True)
  File "/var/www/ezh-dev.ru/saver_bot/venv/lib/python3.12/site-packages/aiogram/client/bot.py", line 2925, in send_message
    return await self(call, request_timeout=request_timeout)
           ^^^^^^^^^^^^^^^^^^^^^^^^^^^^^^^^^^^^^^^^^^^^^^^^^
  File "/var/www/ezh-dev.ru/saver_bot/venv/lib/python3.12/site-packages/aiogram/client/bot.py", line 485, in __call__
    return await self.session(self, method, timeout=request_timeout)
           ^^^^^^^^^^^^^^^^^^^^^^^^^^^^^^^^^^^^^^^^^^^^^^^^^^^^^^^^^
  File "/var/www/ezh-dev.ru/saver_bot/venv/lib/python3.12/site-packages/aiogram/client/session/base.py", line 259, in __call__
    return cast(TelegramType, await middleware(bot, method))
                              ^^^^^^^^^^^^^^^^^^^^^^^^^^^^^
  File "/var/www/ezh-dev.ru/saver_bot/venv/lib/python3.12/site-packages/aiogram/client/session/aiohttp.py", line 177, in make_request
    response = self.check_response(
               ^^^^^^^^^^^^^^^^^^^^
  File "/var/www/ezh-dev.ru/saver_bot/venv/lib/python3.12/site-packages/aiogram/client/session/base.py", line 129, in check_response
    raise TelegramForbiddenError(method=method, message=description)
aiogram.exceptions.TelegramForbiddenError: Telegram server says - Forbidden: bot was blocked by the user
Cause exception while process update id=309617432 by bot id=8514363728
TelegramForbiddenError: Telegram server says - Forbidden: bot was blocked by the user
Traceback (most recent call last):
  File "/var/www/ezh-dev.ru/saver_bot/venv/lib/python3.12/site-packages/aiogram/dispatcher/dispatcher.py", line 320, in _process_update
    response = await self.feed_update(bot, update, **kwargs)
               ^^^^^^^^^^^^^^^^^^^^^^^^^^^^^^^^^^^^^^^^^^^^^
  File "/var/www/ezh-dev.ru/saver_bot/venv/lib/python3.12/site-packages/aiogram/dispatcher/dispatcher.py", line 164, in feed_update
    response = await self.update.wrap_outer_middleware(
               ^^^^^^^^^^^^^^^^^^^^^^^^^^^^^^^^^^^^^^^^
  File "/var/www/ezh-dev.ru/saver_bot/venv/lib/python3.12/site-packages/aiogram/dispatcher/middlewares/error.py", line 27, in __call__
    return await handler(event, data)
           ^^^^^^^^^^^^^^^^^^^^^^^^^^
  File "/var/www/ezh-dev.ru/saver_bot/venv/lib/python3.12/site-packages/aiogram/dispatcher/middlewares/user_context.py", line 58, in __call__
    return await handler(event, data)
           ^^^^^^^^^^^^^^^^^^^^^^^^^^
  File "/var/www/ezh-dev.ru/saver_bot/venv/lib/python3.12/site-packages/aiogram/fsm/middleware.py", line 43, in __call__
    return await handler(event, data)
           ^^^^^^^^^^^^^^^^^^^^^^^^^^
  File "/var/www/ezh-dev.ru/saver_bot/venv/lib/python3.12/site-packages/aiogram/dispatcher/event/telegram.py", line 126, in trigger
    return await wrapped_inner(event, kwargs)
           ^^^^^^^^^^^^^^^^^^^^^^^^^^^^^^^^^^
  File "/var/www/ezh-dev.ru/saver_bot/venv/lib/python3.12/site-packages/aiogram/dispatcher/event/handler.py", line 43, in call
    return await wrapped()
           ^^^^^^^^^^^^^^^
  File "/var/www/ezh-dev.ru/saver_bot/venv/lib/python3.12/site-packages/aiogram/dispatcher/dispatcher.py", line 283, in _listen_update
    return await self.propagate_event(update_type=update_type, event=event, **kwargs)
           ^^^^^^^^^^^^^^^^^^^^^^^^^^^^^^^^^^^^^^^^^^^^^^^^^^^^^^^^^^^^^^^^^^^^^^^^^^
  File "/var/www/ezh-dev.ru/saver_bot/venv/lib/python3.12/site-packages/aiogram/dispatcher/router.py", line 161, in propagate_event
    return await observer.wrap_outer_middleware(_wrapped, event=event, data=kwargs)
           ^^^^^^^^^^^^^^^^^^^^^^^^^^^^^^^^^^^^^^^^^^^^^^^^^^^^^^^^^^^^^^^^^^^^^^^^
  File "/var/www/ezh-dev.ru/saver_bot/venv/lib/python3.12/site-packages/aiogram/dispatcher/router.py", line 153, in _wrapped
    return await self._propagate_event(
           ^^^^^^^^^^^^^^^^^^^^^^^^^^^^
  File "/var/www/ezh-dev.ru/saver_bot/venv/lib/python3.12/site-packages/aiogram/dispatcher/router.py", line 189, in _propagate_event
    response = await router.propagate_event(update_type=update_type, event=event, **kwargs)
               ^^^^^^^^^^^^^^^^^^^^^^^^^^^^^^^^^^^^^^^^^^^^^^^^^^^^^^^^^^^^^^^^^^^^^^^^^^^^
  File "/var/www/ezh-dev.ru/saver_bot/venv/lib/python3.12/site-packages/aiogram/dispatcher/router.py", line 161, in propagate_event
    return await observer.wrap_outer_middleware(_wrapped, event=event, data=kwargs)
           ^^^^^^^^^^^^^^^^^^^^^^^^^^^^^^^^^^^^^^^^^^^^^^^^^^^^^^^^^^^^^^^^^^^^^^^^
  File "/var/www/ezh-dev.ru/saver_bot/venv/lib/python3.12/site-packages/aiogram/dispatcher/router.py", line 153, in _wrapped
    return await self._propagate_event(
           ^^^^^^^^^^^^^^^^^^^^^^^^^^^^
  File "/var/www/ezh-dev.ru/saver_bot/venv/lib/python3.12/site-packages/aiogram/dispatcher/router.py", line 181, in _propagate_event
    response = await observer.trigger(event, **kwargs)
               ^^^^^^^^^^^^^^^^^^^^^^^^^^^^^^^^^^^^^^^
  File "/var/www/ezh-dev.ru/saver_bot/venv/lib/python3.12/site-packages/aiogram/dispatcher/event/telegram.py", line 126, in trigger
    return await wrapped_inner(event, kwargs)
           ^^^^^^^^^^^^^^^^^^^^^^^^^^^^^^^^^^
  File "/var/www/ezh-dev.ru/saver_bot/venv/lib/python3.12/site-packages/aiogram/dispatcher/event/handler.py", line 43, in call
    return await wrapped()
           ^^^^^^^^^^^^^^^
  File "/var/www/ezh-dev.ru/saver_bot/main/main.py", line 223, in edited_business_message
    await bot.send_message(user_id, f'🔏 {user_link} изменил текст:\n\nСтарый:\n```{old_text}```\n\nНовый:\n```{message.text or "(удален)"}```', parse_mode=ParseMode.MARKDOWN, disable_web_page_preview=True)
  File "/var/www/ezh-dev.ru/saver_bot/venv/lib/python3.12/site-packages/aiogram/client/bot.py", line 2925, in send_message
    return await self(call, request_timeout=request_timeout)
           ^^^^^^^^^^^^^^^^^^^^^^^^^^^^^^^^^^^^^^^^^^^^^^^^^
  File "/var/www/ezh-dev.ru/saver_bot/venv/lib/python3.12/site-packages/aiogram/client/bot.py", line 485, in __call__
    return await self.session(self, method, timeout=request_timeout)
           ^^^^^^^^^^^^^^^^^^^^^^^^^^^^^^^^^^^^^^^^^^^^^^^^^^^^^^^^^
  File "/var/www/ezh-dev.ru/saver_bot/venv/lib/python3.12/site-packages/aiogram/client/session/base.py", line 259, in __call__
    return cast(TelegramType, await middleware(bot, method))
                              ^^^^^^^^^^^^^^^^^^^^^^^^^^^^^
  File "/var/www/ezh-dev.ru/saver_bot/venv/lib/python3.12/site-packages/aiogram/client/session/aiohttp.py", line 177, in make_request
    response = self.check_response(
               ^^^^^^^^^^^^^^^^^^^^
  File "/var/www/ezh-dev.ru/saver_bot/venv/lib/python3.12/site-packages/aiogram/client/session/base.py", line 129, in check_response
    raise TelegramForbiddenError(method=method, message=description)
aiogram.exceptions.TelegramForbiddenError: Telegram server says - Forbidden: bot was blocked by the user
Failed to fetch updates - TelegramNetworkError: HTTP Client says - Request timeout error
Sleep for 1.000000 seconds and try again... (tryings = 0, bot id = 8514363728)
Failed to fetch updates - TelegramNetworkError: HTTP Client says - Request timeout error
Sleep for 1.227077 seconds and try again... (tryings = 1, bot id = 8514363728)
Failed to fetch updates - TelegramNetworkError: HTTP Client says - Request timeout error
Sleep for 1.511280 seconds and try again... (tryings = 2, bot id = 8514363728)
Failed to fetch updates - TelegramNetworkError: HTTP Client says - Request timeout error
Sleep for 1.938629 seconds and try again... (tryings = 3, bot id = 8514363728)
Failed to fetch updates - TelegramNetworkError: HTTP Client says - Request timeout error
Sleep for 1.000000 seconds and try again... (tryings = 0, bot id = 8514363728)
Failed to fetch updates - TelegramNetworkError: HTTP Client says - Request timeout error
Sleep for 1.343459 seconds and try again... (tryings = 1, bot id = 8514363728)
Failed to fetch updates - TelegramNetworkError: HTTP Client says - Request timeout error
Sleep for 1.533092 seconds and try again... (tryings = 2, bot id = 8514363728)
Failed to fetch updates - TelegramNetworkError: HTTP Client says - Request timeout error
Sleep for 1.786675 seconds and try again... (tryings = 3, bot id = 8514363728)
Failed to fetch updates - TelegramNetworkError: HTTP Client says - Request timeout error
Sleep for 2.280927 seconds and try again... (tryings = 4, bot id = 8514363728)
Failed to fetch updates - TelegramNetworkError: HTTP Client says - Request timeout error
Sleep for 2.888654 seconds and try again... (tryings = 5, bot id = 8514363728)
Failed to fetch updates - TelegramNetworkError: HTTP Client says - Request timeout error
Sleep for 3.928519 seconds and try again... (tryings = 6, bot id = 8514363728)
Failed to fetch updates - TelegramNetworkError: HTTP Client says - ClientOSError: [Errno 32] Broken pipe
Sleep for 5.230455 seconds and try again... (tryings = 7, bot id = 8514363728)
Failed to fetch updates - TelegramNetworkError: HTTP Client says - Request timeout error
Sleep for 5.003396 seconds and try again... (tryings = 8, bot id = 8514363728)
Failed to fetch updates - TelegramNetworkError: HTTP Client says - Request timeout error
Sleep for 5.085415 seconds and try again... (tryings = 9, bot id = 8514363728)
Failed to fetch updates - TelegramNetworkError: HTTP Client says - Request timeout error
Sleep for 5.015966 seconds and try again... (tryings = 10, bot id = 8514363728)
Failed to fetch updates - TelegramNetworkError: HTTP Client says - Request timeout error
Sleep for 5.005218 seconds and try again... (tryings = 11, bot id = 8514363728)
Failed to fetch updates - TelegramNetworkError: HTTP Client says - Request timeout error
Sleep for 4.959611 seconds and try again... (tryings = 12, bot id = 8514363728)
Failed to fetch updates - TelegramNetworkError: HTTP Client says - Request timeout error
Sleep for 4.923843 seconds and try again... (tryings = 13, bot id = 8514363728)
Failed to fetch updates - TelegramNetworkError: HTTP Client says - Request timeout error
Sleep for 5.043382 seconds and try again... (tryings = 14, bot id = 8514363728)
Failed to fetch updates - TelegramNetworkError: HTTP Client says - Request timeout error
Sleep for 4.969053 seconds and try again... (tryings = 15, bot id = 8514363728)
Failed to fetch updates - TelegramNetworkError: HTTP Client says - Request timeout error
Sleep for 4.966946 seconds and try again... (tryings = 16, bot id = 8514363728)
Failed to fetch updates - TelegramNetworkError: HTTP Client says - Request timeout error
Sleep for 1.000000 seconds and try again... (tryings = 0, bot id = 8514363728)
Failed to fetch updates - TelegramNetworkError: HTTP Client says - Request timeout error
Sleep for 1.189467 seconds and try again... (tryings = 1, bot id = 8514363728)
Failed to fetch updates - TelegramNetworkError: HTTP Client says - Request timeout error
Sleep for 1.602904 seconds and try again... (tryings = 2, bot id = 8514363728)
Failed to fetch updates - TelegramNetworkError: HTTP Client says - ClientConnectorDNSError: Cannot connect to host api.telegram.org:443 ssl:default [Temporary failure in name resolution]
Sleep for 2.236859 seconds and try again... (tryings = 3, bot id = 8514363728)
Failed to fetch updates - TelegramNetworkError: HTTP Client says - Request timeout error
Sleep for 2.982341 seconds and try again... (tryings = 4, bot id = 8514363728)
Failed to fetch updates - TelegramNetworkError: HTTP Client says - Request timeout error
Sleep for 4.075561 seconds and try again... (tryings = 5, bot id = 8514363728)
Failed to fetch updates - TelegramNetworkError: HTTP Client says - Request timeout error
Sleep for 4.930760 seconds and try again... (tryings = 6, bot id = 8514363728)
Failed to fetch updates - TelegramNetworkError: HTTP Client says - Request timeout error
Sleep for 4.934441 seconds and try again... (tryings = 7, bot id = 8514363728)
Failed to fetch updates - TelegramNetworkError: HTTP Client says - Request timeout error
Sleep for 5.089158 seconds and try again... (tryings = 8, bot id = 8514363728)
Failed to fetch updates - TelegramNetworkError: HTTP Client says - Request timeout error
Sleep for 4.980198 seconds and try again... (tryings = 9, bot id = 8514363728)
Received SIGTERM signal
tetetee
(484917,)
Cause exception while process update id=309618329 by bot id=8514363728
TelegramNetworkError: HTTP Client says - Request timeout error
Traceback (most recent call last):
  File "/var/www/ezh-dev.ru/saver_bot/venv/lib/python3.12/site-packages/aiohttp/client.py", line 779, in _request
    resp = await handler(req)
           ^^^^^^^^^^^^^^^^^^
  File "/var/www/ezh-dev.ru/saver_bot/venv/lib/python3.12/site-packages/aiohttp/client.py", line 734, in _connect_and_send_request
    conn = await self._connector.connect(
           ^^^^^^^^^^^^^^^^^^^^^^^^^^^^^^
  File "/var/www/ezh-dev.ru/saver_bot/venv/lib/python3.12/site-packages/aiohttp/connector.py", line 642, in connect
    proto = await self._create_connection(req, traces, timeout)
            ^^^^^^^^^^^^^^^^^^^^^^^^^^^^^^^^^^^^^^^^^^^^^^^^^^^
  File "/var/www/ezh-dev.ru/saver_bot/venv/lib/python3.12/site-packages/aiohttp/connector.py", line 1209, in _create_connection
    _, proto = await self._create_direct_connection(req, traces, timeout)
               ^^^^^^^^^^^^^^^^^^^^^^^^^^^^^^^^^^^^^^^^^^^^^^^^^^^^^^^^^^
  File "/var/www/ezh-dev.ru/saver_bot/venv/lib/python3.12/site-packages/aiohttp/connector.py", line 1550, in _create_direct_connection
    transp, proto = await self._wrap_create_connection(
                    ^^^^^^^^^^^^^^^^^^^^^^^^^^^^^^^^^^^
  File "/var/www/ezh-dev.ru/saver_bot/venv/lib/python3.12/site-packages/aiohttp/connector.py", line 1283, in _wrap_create_connection
    return await self._loop.create_connection(*args, **kwargs, sock=sock)
           ^^^^^^^^^^^^^^^^^^^^^^^^^^^^^^^^^^^^^^^^^^^^^^^^^^^^^^^^^^^^^^
  File "/usr/lib/python3.12/asyncio/base_events.py", line 1149, in create_connection
    transport, protocol = await self._create_connection_transport(
                          ^^^^^^^^^^^^^^^^^^^^^^^^^^^^^^^^^^^^^^^^
  File "/usr/lib/python3.12/asyncio/base_events.py", line 1182, in _create_connection_transport
    await waiter
asyncio.exceptions.CancelledError

The above exception was the direct cause of the following exception:

Traceback (most recent call last):
  File "/var/www/ezh-dev.ru/saver_bot/venv/lib/python3.12/site-packages/aiogram/client/session/aiohttp.py", line 167, in make_request
    async with session.post(
  File "/var/www/ezh-dev.ru/saver_bot/venv/lib/python3.12/site-packages/aiohttp/client.py", line 1510, in __aenter__
    self._resp: _RetType = await self._coro
                           ^^^^^^^^^^^^^^^^
  File "/var/www/ezh-dev.ru/saver_bot/venv/lib/python3.12/site-packages/aiohttp/client.py", line 624, in _request
    with timer:
  File "/var/www/ezh-dev.ru/saver_bot/venv/lib/python3.12/site-packages/aiohttp/helpers.py", line 713, in __exit__
    raise asyncio.TimeoutError from exc_val
TimeoutError

During handling of the above exception, another exception occurred:

Traceback (most recent call last):
  File "/var/www/ezh-dev.ru/saver_bot/venv/lib/python3.12/site-packages/aiogram/dispatcher/dispatcher.py", line 320, in _process_update
    response = await self.feed_update(bot, update, **kwargs)
               ^^^^^^^^^^^^^^^^^^^^^^^^^^^^^^^^^^^^^^^^^^^^^
  File "/var/www/ezh-dev.ru/saver_bot/venv/lib/python3.12/site-packages/aiogram/dispatcher/dispatcher.py", line 164, in feed_update
    response = await self.update.wrap_outer_middleware(
               ^^^^^^^^^^^^^^^^^^^^^^^^^^^^^^^^^^^^^^^^
  File "/var/www/ezh-dev.ru/saver_bot/venv/lib/python3.12/site-packages/aiogram/dispatcher/middlewares/error.py", line 27, in __call__
    return await handler(event, data)
           ^^^^^^^^^^^^^^^^^^^^^^^^^^
  File "/var/www/ezh-dev.ru/saver_bot/venv/lib/python3.12/site-packages/aiogram/dispatcher/middlewares/user_context.py", line 58, in __call__
    return await handler(event, data)
           ^^^^^^^^^^^^^^^^^^^^^^^^^^
  File "/var/www/ezh-dev.ru/saver_bot/venv/lib/python3.12/site-packages/aiogram/fsm/middleware.py", line 43, in __call__
    return await handler(event, data)
           ^^^^^^^^^^^^^^^^^^^^^^^^^^
  File "/var/www/ezh-dev.ru/saver_bot/venv/lib/python3.12/site-packages/aiogram/dispatcher/event/telegram.py", line 126, in trigger
    return await wrapped_inner(event, kwargs)
           ^^^^^^^^^^^^^^^^^^^^^^^^^^^^^^^^^^
  File "/var/www/ezh-dev.ru/saver_bot/venv/lib/python3.12/site-packages/aiogram/dispatcher/event/handler.py", line 43, in call
    return await wrapped()
           ^^^^^^^^^^^^^^^
  File "/var/www/ezh-dev.ru/saver_bot/venv/lib/python3.12/site-packages/aiogram/dispatcher/dispatcher.py", line 283, in _listen_update
    return await self.propagate_event(update_type=update_type, event=event, **kwargs)
           ^^^^^^^^^^^^^^^^^^^^^^^^^^^^^^^^^^^^^^^^^^^^^^^^^^^^^^^^^^^^^^^^^^^^^^^^^^
  File "/var/www/ezh-dev.ru/saver_bot/venv/lib/python3.12/site-packages/aiogram/dispatcher/router.py", line 161, in propagate_event
    return await observer.wrap_outer_middleware(_wrapped, event=event, data=kwargs)
           ^^^^^^^^^^^^^^^^^^^^^^^^^^^^^^^^^^^^^^^^^^^^^^^^^^^^^^^^^^^^^^^^^^^^^^^^
  File "/var/www/ezh-dev.ru/saver_bot/venv/lib/python3.12/site-packages/aiogram/dispatcher/router.py", line 153, in _wrapped
    return await self._propagate_event(
           ^^^^^^^^^^^^^^^^^^^^^^^^^^^^
  File "/var/www/ezh-dev.ru/saver_bot/venv/lib/python3.12/site-packages/aiogram/dispatcher/router.py", line 189, in _propagate_event
    response = await router.propagate_event(update_type=update_type, event=event, **kwargs)
               ^^^^^^^^^^^^^^^^^^^^^^^^^^^^^^^^^^^^^^^^^^^^^^^^^^^^^^^^^^^^^^^^^^^^^^^^^^^^
  File "/var/www/ezh-dev.ru/saver_bot/venv/lib/python3.12/site-packages/aiogram/dispatcher/router.py", line 161, in propagate_event
    return await observer.wrap_outer_middleware(_wrapped, event=event, data=kwargs)
           ^^^^^^^^^^^^^^^^^^^^^^^^^^^^^^^^^^^^^^^^^^^^^^^^^^^^^^^^^^^^^^^^^^^^^^^^
  File "/var/www/ezh-dev.ru/saver_bot/venv/lib/python3.12/site-packages/aiogram/dispatcher/router.py", line 153, in _wrapped
    return await self._propagate_event(
           ^^^^^^^^^^^^^^^^^^^^^^^^^^^^
  File "/var/www/ezh-dev.ru/saver_bot/venv/lib/python3.12/site-packages/aiogram/dispatcher/router.py", line 181, in _propagate_event
    response = await observer.trigger(event, **kwargs)
               ^^^^^^^^^^^^^^^^^^^^^^^^^^^^^^^^^^^^^^^
  File "/var/www/ezh-dev.ru/saver_bot/venv/lib/python3.12/site-packages/aiogram/dispatcher/event/telegram.py", line 126, in trigger
    return await wrapped_inner(event, kwargs)
           ^^^^^^^^^^^^^^^^^^^^^^^^^^^^^^^^^^
  File "/var/www/ezh-dev.ru/saver_bot/venv/lib/python3.12/site-packages/aiogram/dispatcher/event/handler.py", line 43, in call
    return await wrapped()
           ^^^^^^^^^^^^^^^
  File "/var/www/ezh-dev.ru/saver_bot/main/main.py", line 223, in edited_business_message
    await bot.send_message(user_id, f'🔏 {user_link} изменил текст:\n\nСтарый:\n```{old_text}```\n\nНовый:\n```{message.text or "(удален)"}```', parse_mode=ParseMode.MARKDOWN, disable_web_page_preview=True)
  File "/var/www/ezh-dev.ru/saver_bot/venv/lib/python3.12/site-packages/aiogram/client/bot.py", line 2925, in send_message
    return await self(call, request_timeout=request_timeout)
           ^^^^^^^^^^^^^^^^^^^^^^^^^^^^^^^^^^^^^^^^^^^^^^^^^
  File "/var/www/ezh-dev.ru/saver_bot/venv/lib/python3.12/site-packages/aiogram/client/bot.py", line 485, in __call__
    return await self.session(self, method, timeout=request_timeout)
           ^^^^^^^^^^^^^^^^^^^^^^^^^^^^^^^^^^^^^^^^^^^^^^^^^^^^^^^^^
  File "/var/www/ezh-dev.ru/saver_bot/venv/lib/python3.12/site-packages/aiogram/client/session/base.py", line 259, in __call__
    return cast(TelegramType, await middleware(bot, method))
                              ^^^^^^^^^^^^^^^^^^^^^^^^^^^^^
  File "/var/www/ezh-dev.ru/saver_bot/venv/lib/python3.12/site-packages/aiogram/client/session/aiohttp.py", line 174, in make_request
    raise TelegramNetworkError(method=method, message="Request timeout error")
aiogram.exceptions.TelegramNetworkError: HTTP Client says - Request timeout error
Failed to fetch updates - TelegramNetworkError: HTTP Client says - Request timeout error
Sleep for 1.000000 seconds and try again... (tryings = 0, bot id = 8514363728)
Failed to fetch updates - TelegramNetworkError: HTTP Client says - Request timeout error
Sleep for 1.210429 seconds and try again... (tryings = 1, bot id = 8514363728)
Failed to fetch updates - TelegramNetworkError: HTTP Client says - Request timeout error
Sleep for 1.562302 seconds and try again... (tryings = 2, bot id = 8514363728)
Failed to fetch updates - TelegramNetworkError: HTTP Client says - Request timeout error
Sleep for 2.026371 seconds and try again... (tryings = 3, bot id = 8514363728)
Failed to fetch updates - TelegramNetworkError: HTTP Client says - Request timeout error
Sleep for 2.655737 seconds and try again... (tryings = 4, bot id = 8514363728)
Cause exception while process update id=309618512 by bot id=8514363728
TelegramNetworkError: HTTP Client says - Request timeout error
Traceback (most recent call last):
  File "/var/www/ezh-dev.ru/saver_bot/venv/lib/python3.12/site-packages/aiohttp/client.py", line 779, in _request
    resp = await handler(req)
           ^^^^^^^^^^^^^^^^^^
  File "/var/www/ezh-dev.ru/saver_bot/venv/lib/python3.12/site-packages/aiohttp/client.py", line 734, in _connect_and_send_request
    conn = await self._connector.connect(
           ^^^^^^^^^^^^^^^^^^^^^^^^^^^^^^
  File "/var/www/ezh-dev.ru/saver_bot/venv/lib/python3.12/site-packages/aiohttp/connector.py", line 642, in connect
    proto = await self._create_connection(req, traces, timeout)
            ^^^^^^^^^^^^^^^^^^^^^^^^^^^^^^^^^^^^^^^^^^^^^^^^^^^
  File "/var/www/ezh-dev.ru/saver_bot/venv/lib/python3.12/site-packages/aiohttp/connector.py", line 1209, in _create_connection
    _, proto = await self._create_direct_connection(req, traces, timeout)
               ^^^^^^^^^^^^^^^^^^^^^^^^^^^^^^^^^^^^^^^^^^^^^^^^^^^^^^^^^^
  File "/var/www/ezh-dev.ru/saver_bot/venv/lib/python3.12/site-packages/aiohttp/connector.py", line 1550, in _create_direct_connection
    transp, proto = await self._wrap_create_connection(
                    ^^^^^^^^^^^^^^^^^^^^^^^^^^^^^^^^^^^
  File "/var/www/ezh-dev.ru/saver_bot/venv/lib/python3.12/site-packages/aiohttp/connector.py", line 1268, in _wrap_create_connection
    sock = await aiohappyeyeballs.start_connection(
           ^^^^^^^^^^^^^^^^^^^^^^^^^^^^^^^^^^^^^^^^
  File "/var/www/ezh-dev.ru/saver_bot/venv/lib/python3.12/site-packages/aiohappyeyeballs/impl.py", line 87, in start_connection
    sock, _, _ = await _staggered.staggered_race(
                 ^^^^^^^^^^^^^^^^^^^^^^^^^^^^^^^^
  File "/var/www/ezh-dev.ru/saver_bot/venv/lib/python3.12/site-packages/aiohappyeyeballs/_staggered.py", line 165, in staggered_race
    done = await _wait_one(
           ^^^^^^^^^^^^^^^^
  File "/var/www/ezh-dev.ru/saver_bot/venv/lib/python3.12/site-packages/aiohappyeyeballs/_staggered.py", line 46, in _wait_one
    return await wait_next
           ^^^^^^^^^^^^^^^
asyncio.exceptions.CancelledError

The above exception was the direct cause of the following exception:

Traceback (most recent call last):
  File "/var/www/ezh-dev.ru/saver_bot/venv/lib/python3.12/site-packages/aiogram/client/session/aiohttp.py", line 167, in make_request
    async with session.post(
  File "/var/www/ezh-dev.ru/saver_bot/venv/lib/python3.12/site-packages/aiohttp/client.py", line 1510, in __aenter__
    self._resp: _RetType = await self._coro
                           ^^^^^^^^^^^^^^^^
  File "/var/www/ezh-dev.ru/saver_bot/venv/lib/python3.12/site-packages/aiohttp/client.py", line 624, in _request
    with timer:
  File "/var/www/ezh-dev.ru/saver_bot/venv/lib/python3.12/site-packages/aiohttp/helpers.py", line 713, in __exit__
    raise asyncio.TimeoutError from exc_val
TimeoutError

During handling of the above exception, another exception occurred:

Traceback (most recent call last):
  File "/var/www/ezh-dev.ru/saver_bot/venv/lib/python3.12/site-packages/aiogram/dispatcher/dispatcher.py", line 320, in _process_update
    response = await self.feed_update(bot, update, **kwargs)
               ^^^^^^^^^^^^^^^^^^^^^^^^^^^^^^^^^^^^^^^^^^^^^
  File "/var/www/ezh-dev.ru/saver_bot/venv/lib/python3.12/site-packages/aiogram/dispatcher/dispatcher.py", line 164, in feed_update
    response = await self.update.wrap_outer_middleware(
               ^^^^^^^^^^^^^^^^^^^^^^^^^^^^^^^^^^^^^^^^
  File "/var/www/ezh-dev.ru/saver_bot/venv/lib/python3.12/site-packages/aiogram/dispatcher/middlewares/error.py", line 27, in __call__
    return await handler(event, data)
           ^^^^^^^^^^^^^^^^^^^^^^^^^^
  File "/var/www/ezh-dev.ru/saver_bot/venv/lib/python3.12/site-packages/aiogram/dispatcher/middlewares/user_context.py", line 58, in __call__
    return await handler(event, data)
           ^^^^^^^^^^^^^^^^^^^^^^^^^^
  File "/var/www/ezh-dev.ru/saver_bot/venv/lib/python3.12/site-packages/aiogram/fsm/middleware.py", line 43, in __call__
    return await handler(event, data)
           ^^^^^^^^^^^^^^^^^^^^^^^^^^
  File "/var/www/ezh-dev.ru/saver_bot/venv/lib/python3.12/site-packages/aiogram/dispatcher/event/telegram.py", line 126, in trigger
    return await wrapped_inner(event, kwargs)
           ^^^^^^^^^^^^^^^^^^^^^^^^^^^^^^^^^^
  File "/var/www/ezh-dev.ru/saver_bot/venv/lib/python3.12/site-packages/aiogram/dispatcher/event/handler.py", line 43, in call
    return await wrapped()
           ^^^^^^^^^^^^^^^
  File "/var/www/ezh-dev.ru/saver_bot/venv/lib/python3.12/site-packages/aiogram/dispatcher/dispatcher.py", line 283, in _listen_update
    return await self.propagate_event(update_type=update_type, event=event, **kwargs)
           ^^^^^^^^^^^^^^^^^^^^^^^^^^^^^^^^^^^^^^^^^^^^^^^^^^^^^^^^^^^^^^^^^^^^^^^^^^
  File "/var/www/ezh-dev.ru/saver_bot/venv/lib/python3.12/site-packages/aiogram/dispatcher/router.py", line 161, in propagate_event
    return await observer.wrap_outer_middleware(_wrapped, event=event, data=kwargs)
           ^^^^^^^^^^^^^^^^^^^^^^^^^^^^^^^^^^^^^^^^^^^^^^^^^^^^^^^^^^^^^^^^^^^^^^^^
  File "/var/www/ezh-dev.ru/saver_bot/venv/lib/python3.12/site-packages/aiogram/dispatcher/router.py", line 153, in _wrapped
    return await self._propagate_event(
           ^^^^^^^^^^^^^^^^^^^^^^^^^^^^
  File "/var/www/ezh-dev.ru/saver_bot/venv/lib/python3.12/site-packages/aiogram/dispatcher/router.py", line 189, in _propagate_event
    response = await router.propagate_event(update_type=update_type, event=event, **kwargs)
               ^^^^^^^^^^^^^^^^^^^^^^^^^^^^^^^^^^^^^^^^^^^^^^^^^^^^^^^^^^^^^^^^^^^^^^^^^^^^
  File "/var/www/ezh-dev.ru/saver_bot/venv/lib/python3.12/site-packages/aiogram/dispatcher/router.py", line 161, in propagate_event
    return await observer.wrap_outer_middleware(_wrapped, event=event, data=kwargs)
           ^^^^^^^^^^^^^^^^^^^^^^^^^^^^^^^^^^^^^^^^^^^^^^^^^^^^^^^^^^^^^^^^^^^^^^^^
  File "/var/www/ezh-dev.ru/saver_bot/venv/lib/python3.12/site-packages/aiogram/dispatcher/router.py", line 153, in _wrapped
    return await self._propagate_event(
           ^^^^^^^^^^^^^^^^^^^^^^^^^^^^
  File "/var/www/ezh-dev.ru/saver_bot/venv/lib/python3.12/site-packages/aiogram/dispatcher/router.py", line 181, in _propagate_event
    response = await observer.trigger(event, **kwargs)
               ^^^^^^^^^^^^^^^^^^^^^^^^^^^^^^^^^^^^^^^
  File "/var/www/ezh-dev.ru/saver_bot/venv/lib/python3.12/site-packages/aiogram/dispatcher/event/telegram.py", line 126, in trigger
    return await wrapped_inner(event, kwargs)
           ^^^^^^^^^^^^^^^^^^^^^^^^^^^^^^^^^^
  File "/var/www/ezh-dev.ru/saver_bot/venv/lib/python3.12/site-packages/aiogram/dispatcher/event/handler.py", line 43, in call
    return await wrapped()
           ^^^^^^^^^^^^^^^
  File "/var/www/ezh-dev.ru/saver_bot/main/main.py", line 223, in edited_business_message
    await bot.send_message(user_id, f'🔏 {user_link} изменил текст:\n\nСтарый:\n```{old_text}```\n\nНовый:\n```{message.text or "(удален)"}```', parse_mode=ParseMode.MARKDOWN, disable_web_page_preview=True)
  File "/var/www/ezh-dev.ru/saver_bot/venv/lib/python3.12/site-packages/aiogram/client/bot.py", line 2925, in send_message
    return await self(call, request_timeout=request_timeout)
           ^^^^^^^^^^^^^^^^^^^^^^^^^^^^^^^^^^^^^^^^^^^^^^^^^
  File "/var/www/ezh-dev.ru/saver_bot/venv/lib/python3.12/site-packages/aiogram/client/bot.py", line 485, in __call__
    return await self.session(self, method, timeout=request_timeout)
           ^^^^^^^^^^^^^^^^^^^^^^^^^^^^^^^^^^^^^^^^^^^^^^^^^^^^^^^^^
  File "/var/www/ezh-dev.ru/saver_bot/venv/lib/python3.12/site-packages/aiogram/client/session/base.py", line 259, in __call__
    return cast(TelegramType, await middleware(bot, method))
                              ^^^^^^^^^^^^^^^^^^^^^^^^^^^^^
  File "/var/www/ezh-dev.ru/saver_bot/venv/lib/python3.12/site-packages/aiogram/client/session/aiohttp.py", line 174, in make_request
    raise TelegramNetworkError(method=method, message="Request timeout error")
aiogram.exceptions.TelegramNetworkError: HTTP Client says - Request timeout error
Failed to fetch updates - TelegramNetworkError: HTTP Client says - Request timeout error
Sleep for 1.000000 seconds and try again... (tryings = 0, bot id = 8514363728)
Failed to fetch updates - TelegramNetworkError: HTTP Client says - Request timeout error
Sleep for 1.388460 seconds and try again... (tryings = 1, bot id = 8514363728)
Failed to fetch updates - TelegramNetworkError: HTTP Client says - Request timeout error
Sleep for 1.813226 seconds and try again... (tryings = 2, bot id = 8514363728)
Failed to fetch updates - TelegramNetworkError: HTTP Client says - ClientConnectorDNSError: Cannot connect to host api.telegram.org:443 ssl:default [Temporary failure in name resolution]
Sleep for 2.302364 seconds and try again... (tryings = 3, bot id = 8514363728)
Failed to fetch updates - TelegramNetworkError: HTTP Client says - ClientConnectorDNSError: Cannot connect to host api.telegram.org:443 ssl:default [Temporary failure in name resolution]
Sleep for 2.964543 seconds and try again... (tryings = 4, bot id = 8514363728)
Failed to fetch updates - TelegramNetworkError: HTTP Client says - ClientConnectorDNSError: Cannot connect to host api.telegram.org:443 ssl:default [Temporary failure in name resolution]
Sleep for 3.733244 seconds and try again... (tryings = 5, bot id = 8514363728)
Cause exception while process update id=309618606 by bot id=8514363728
TelegramNetworkError: HTTP Client says - Request timeout error
Traceback (most recent call last):
  File "/var/www/ezh-dev.ru/saver_bot/venv/lib/python3.12/site-packages/aiohttp/client.py", line 779, in _request
    resp = await handler(req)
           ^^^^^^^^^^^^^^^^^^
  File "/var/www/ezh-dev.ru/saver_bot/venv/lib/python3.12/site-packages/aiohttp/client.py", line 734, in _connect_and_send_request
    conn = await self._connector.connect(
           ^^^^^^^^^^^^^^^^^^^^^^^^^^^^^^
  File "/var/www/ezh-dev.ru/saver_bot/venv/lib/python3.12/site-packages/aiohttp/connector.py", line 642, in connect
    proto = await self._create_connection(req, traces, timeout)
            ^^^^^^^^^^^^^^^^^^^^^^^^^^^^^^^^^^^^^^^^^^^^^^^^^^^
  File "/var/www/ezh-dev.ru/saver_bot/venv/lib/python3.12/site-packages/aiohttp/connector.py", line 1209, in _create_connection
    _, proto = await self._create_direct_connection(req, traces, timeout)
               ^^^^^^^^^^^^^^^^^^^^^^^^^^^^^^^^^^^^^^^^^^^^^^^^^^^^^^^^^^
  File "/var/www/ezh-dev.ru/saver_bot/venv/lib/python3.12/site-packages/aiohttp/connector.py", line 1550, in _create_direct_connection
    transp, proto = await self._wrap_create_connection(
                    ^^^^^^^^^^^^^^^^^^^^^^^^^^^^^^^^^^^
  File "/var/www/ezh-dev.ru/saver_bot/venv/lib/python3.12/site-packages/aiohttp/connector.py", line 1268, in _wrap_create_connection
    sock = await aiohappyeyeballs.start_connection(
           ^^^^^^^^^^^^^^^^^^^^^^^^^^^^^^^^^^^^^^^^
  File "/var/www/ezh-dev.ru/saver_bot/venv/lib/python3.12/site-packages/aiohappyeyeballs/impl.py", line 87, in start_connection
    sock, _, _ = await _staggered.staggered_race(
                 ^^^^^^^^^^^^^^^^^^^^^^^^^^^^^^^^
  File "/var/www/ezh-dev.ru/saver_bot/venv/lib/python3.12/site-packages/aiohappyeyeballs/_staggered.py", line 165, in staggered_race
    done = await _wait_one(
           ^^^^^^^^^^^^^^^^
  File "/var/www/ezh-dev.ru/saver_bot/venv/lib/python3.12/site-packages/aiohappyeyeballs/_staggered.py", line 46, in _wait_one
    return await wait_next
           ^^^^^^^^^^^^^^^
asyncio.exceptions.CancelledError

The above exception was the direct cause of the following exception:

Traceback (most recent call last):
  File "/var/www/ezh-dev.ru/saver_bot/venv/lib/python3.12/site-packages/aiogram/client/session/aiohttp.py", line 167, in make_request
    async with session.post(
  File "/var/www/ezh-dev.ru/saver_bot/venv/lib/python3.12/site-packages/aiohttp/client.py", line 1510, in __aenter__
    self._resp: _RetType = await self._coro
                           ^^^^^^^^^^^^^^^^
  File "/var/www/ezh-dev.ru/saver_bot/venv/lib/python3.12/site-packages/aiohttp/client.py", line 624, in _request
    with timer:
  File "/var/www/ezh-dev.ru/saver_bot/venv/lib/python3.12/site-packages/aiohttp/helpers.py", line 713, in __exit__
    raise asyncio.TimeoutError from exc_val
TimeoutError

During handling of the above exception, another exception occurred:

Traceback (most recent call last):
  File "/var/www/ezh-dev.ru/saver_bot/venv/lib/python3.12/site-packages/aiogram/dispatcher/dispatcher.py", line 320, in _process_update
    response = await self.feed_update(bot, update, **kwargs)
               ^^^^^^^^^^^^^^^^^^^^^^^^^^^^^^^^^^^^^^^^^^^^^
  File "/var/www/ezh-dev.ru/saver_bot/venv/lib/python3.12/site-packages/aiogram/dispatcher/dispatcher.py", line 164, in feed_update
    response = await self.update.wrap_outer_middleware(
               ^^^^^^^^^^^^^^^^^^^^^^^^^^^^^^^^^^^^^^^^
  File "/var/www/ezh-dev.ru/saver_bot/venv/lib/python3.12/site-packages/aiogram/dispatcher/middlewares/error.py", line 27, in __call__
    return await handler(event, data)
           ^^^^^^^^^^^^^^^^^^^^^^^^^^
  File "/var/www/ezh-dev.ru/saver_bot/venv/lib/python3.12/site-packages/aiogram/dispatcher/middlewares/user_context.py", line 58, in __call__
    return await handler(event, data)
           ^^^^^^^^^^^^^^^^^^^^^^^^^^
  File "/var/www/ezh-dev.ru/saver_bot/venv/lib/python3.12/site-packages/aiogram/fsm/middleware.py", line 43, in __call__
    return await handler(event, data)
           ^^^^^^^^^^^^^^^^^^^^^^^^^^
  File "/var/www/ezh-dev.ru/saver_bot/venv/lib/python3.12/site-packages/aiogram/dispatcher/event/telegram.py", line 126, in trigger
    return await wrapped_inner(event, kwargs)
           ^^^^^^^^^^^^^^^^^^^^^^^^^^^^^^^^^^
  File "/var/www/ezh-dev.ru/saver_bot/venv/lib/python3.12/site-packages/aiogram/dispatcher/event/handler.py", line 43, in call
    return await wrapped()
           ^^^^^^^^^^^^^^^
  File "/var/www/ezh-dev.ru/saver_bot/venv/lib/python3.12/site-packages/aiogram/dispatcher/dispatcher.py", line 283, in _listen_update
    return await self.propagate_event(update_type=update_type, event=event, **kwargs)
           ^^^^^^^^^^^^^^^^^^^^^^^^^^^^^^^^^^^^^^^^^^^^^^^^^^^^^^^^^^^^^^^^^^^^^^^^^^
  File "/var/www/ezh-dev.ru/saver_bot/venv/lib/python3.12/site-packages/aiogram/dispatcher/router.py", line 161, in propagate_event
    return await observer.wrap_outer_middleware(_wrapped, event=event, data=kwargs)
           ^^^^^^^^^^^^^^^^^^^^^^^^^^^^^^^^^^^^^^^^^^^^^^^^^^^^^^^^^^^^^^^^^^^^^^^^
  File "/var/www/ezh-dev.ru/saver_bot/venv/lib/python3.12/site-packages/aiogram/dispatcher/router.py", line 153, in _wrapped
    return await self._propagate_event(
           ^^^^^^^^^^^^^^^^^^^^^^^^^^^^
  File "/var/www/ezh-dev.ru/saver_bot/venv/lib/python3.12/site-packages/aiogram/dispatcher/router.py", line 189, in _propagate_event
    response = await router.propagate_event(update_type=update_type, event=event, **kwargs)
               ^^^^^^^^^^^^^^^^^^^^^^^^^^^^^^^^^^^^^^^^^^^^^^^^^^^^^^^^^^^^^^^^^^^^^^^^^^^^
  File "/var/www/ezh-dev.ru/saver_bot/venv/lib/python3.12/site-packages/aiogram/dispatcher/router.py", line 161, in propagate_event
    return await observer.wrap_outer_middleware(_wrapped, event=event, data=kwargs)
           ^^^^^^^^^^^^^^^^^^^^^^^^^^^^^^^^^^^^^^^^^^^^^^^^^^^^^^^^^^^^^^^^^^^^^^^^
  File "/var/www/ezh-dev.ru/saver_bot/venv/lib/python3.12/site-packages/aiogram/dispatcher/router.py", line 153, in _wrapped
    return await self._propagate_event(
           ^^^^^^^^^^^^^^^^^^^^^^^^^^^^
  File "/var/www/ezh-dev.ru/saver_bot/venv/lib/python3.12/site-packages/aiogram/dispatcher/router.py", line 181, in _propagate_event
    response = await observer.trigger(event, **kwargs)
               ^^^^^^^^^^^^^^^^^^^^^^^^^^^^^^^^^^^^^^^
  File "/var/www/ezh-dev.ru/saver_bot/venv/lib/python3.12/site-packages/aiogram/dispatcher/event/telegram.py", line 126, in trigger
    return await wrapped_inner(event, kwargs)
           ^^^^^^^^^^^^^^^^^^^^^^^^^^^^^^^^^^
  File "/var/www/ezh-dev.ru/saver_bot/venv/lib/python3.12/site-packages/aiogram/dispatcher/event/handler.py", line 43, in call
    return await wrapped()
           ^^^^^^^^^^^^^^^
  File "/var/www/ezh-dev.ru/saver_bot/main/main.py", line 223, in edited_business_message
    await bot.send_message(user_id, f'🔏 {user_link} изменил текст:\n\nСтарый:\n```{old_text}```\n\nНовый:\n```{message.text or "(удален)"}```', parse_mode=ParseMode.MARKDOWN, disable_web_page_preview=True)
  File "/var/www/ezh-dev.ru/saver_bot/venv/lib/python3.12/site-packages/aiogram/client/bot.py", line 2925, in send_message
    return await self(call, request_timeout=request_timeout)
           ^^^^^^^^^^^^^^^^^^^^^^^^^^^^^^^^^^^^^^^^^^^^^^^^^
  File "/var/www/ezh-dev.ru/saver_bot/venv/lib/python3.12/site-packages/aiogram/client/bot.py", line 485, in __call__
    return await self.session(self, method, timeout=request_timeout)
           ^^^^^^^^^^^^^^^^^^^^^^^^^^^^^^^^^^^^^^^^^^^^^^^^^^^^^^^^^
  File "/var/www/ezh-dev.ru/saver_bot/venv/lib/python3.12/site-packages/aiogram/client/session/base.py", line 259, in __call__
    return cast(TelegramType, await middleware(bot, method))
                              ^^^^^^^^^^^^^^^^^^^^^^^^^^^^^
  File "/var/www/ezh-dev.ru/saver_bot/venv/lib/python3.12/site-packages/aiogram/client/session/aiohttp.py", line 174, in make_request
    raise TelegramNetworkError(method=method, message="Request timeout error")
aiogram.exceptions.TelegramNetworkError: HTTP Client says - Request timeout error
Failed to fetch updates - TelegramNetworkError: HTTP Client says - Request timeout error
Sleep for 1.000000 seconds and try again... (tryings = 0, bot id = 8514363728)
Failed to fetch updates - TelegramNetworkError: HTTP Client says - Request timeout error
Sleep for 1.344209 seconds and try again... (tryings = 1, bot id = 8514363728)
Cause exception while process update id=309618661 by bot id=8514363728
TelegramNetworkError: HTTP Client says - Request timeout error
Traceback (most recent call last):
  File "/var/www/ezh-dev.ru/saver_bot/venv/lib/python3.12/site-packages/aiohttp/client_reqrep.py", line 539, in start
    message, payload = await protocol.read()  # type: ignore[union-attr]
                       ^^^^^^^^^^^^^^^^^^^^^
  File "/var/www/ezh-dev.ru/saver_bot/venv/lib/python3.12/site-packages/aiohttp/streams.py", line 680, in read
    await self._waiter
asyncio.exceptions.CancelledError

The above exception was the direct cause of the following exception:

Traceback (most recent call last):
  File "/var/www/ezh-dev.ru/saver_bot/venv/lib/python3.12/site-packages/aiogram/client/session/aiohttp.py", line 167, in make_request
    async with session.post(
  File "/var/www/ezh-dev.ru/saver_bot/venv/lib/python3.12/site-packages/aiohttp/client.py", line 1510, in __aenter__
    self._resp: _RetType = await self._coro
                           ^^^^^^^^^^^^^^^^
  File "/var/www/ezh-dev.ru/saver_bot/venv/lib/python3.12/site-packages/aiohttp/client.py", line 779, in _request
    resp = await handler(req)
           ^^^^^^^^^^^^^^^^^^
  File "/var/www/ezh-dev.ru/saver_bot/venv/lib/python3.12/site-packages/aiohttp/client.py", line 757, in _connect_and_send_request
    await resp.start(conn)
  File "/var/www/ezh-dev.ru/saver_bot/venv/lib/python3.12/site-packages/aiohttp/client_reqrep.py", line 534, in start
    with self._timer:
  File "/var/www/ezh-dev.ru/saver_bot/venv/lib/python3.12/site-packages/aiohttp/helpers.py", line 713, in __exit__
    raise asyncio.TimeoutError from exc_val
TimeoutError

During handling of the above exception, another exception occurred:

Traceback (most recent call last):
  File "/var/www/ezh-dev.ru/saver_bot/venv/lib/python3.12/site-packages/aiogram/dispatcher/dispatcher.py", line 320, in _process_update
    response = await self.feed_update(bot, update, **kwargs)
               ^^^^^^^^^^^^^^^^^^^^^^^^^^^^^^^^^^^^^^^^^^^^^
  File "/var/www/ezh-dev.ru/saver_bot/venv/lib/python3.12/site-packages/aiogram/dispatcher/dispatcher.py", line 164, in feed_update
    response = await self.update.wrap_outer_middleware(
               ^^^^^^^^^^^^^^^^^^^^^^^^^^^^^^^^^^^^^^^^
  File "/var/www/ezh-dev.ru/saver_bot/venv/lib/python3.12/site-packages/aiogram/dispatcher/middlewares/error.py", line 27, in __call__
    return await handler(event, data)
           ^^^^^^^^^^^^^^^^^^^^^^^^^^
  File "/var/www/ezh-dev.ru/saver_bot/venv/lib/python3.12/site-packages/aiogram/dispatcher/middlewares/user_context.py", line 58, in __call__
    return await handler(event, data)
           ^^^^^^^^^^^^^^^^^^^^^^^^^^
  File "/var/www/ezh-dev.ru/saver_bot/venv/lib/python3.12/site-packages/aiogram/fsm/middleware.py", line 44, in __call__
    return await handler(event, data)
           ^^^^^^^^^^^^^^^^^^^^^^^^^^
  File "/var/www/ezh-dev.ru/saver_bot/venv/lib/python3.12/site-packages/aiogram/dispatcher/event/telegram.py", line 126, in trigger
    return await wrapped_inner(event, kwargs)
           ^^^^^^^^^^^^^^^^^^^^^^^^^^^^^^^^^^
  File "/var/www/ezh-dev.ru/saver_bot/venv/lib/python3.12/site-packages/aiogram/dispatcher/event/handler.py", line 43, in call
    return await wrapped()
           ^^^^^^^^^^^^^^^
  File "/var/www/ezh-dev.ru/saver_bot/venv/lib/python3.12/site-packages/aiogram/dispatcher/dispatcher.py", line 283, in _listen_update
    return await self.propagate_event(update_type=update_type, event=event, **kwargs)
           ^^^^^^^^^^^^^^^^^^^^^^^^^^^^^^^^^^^^^^^^^^^^^^^^^^^^^^^^^^^^^^^^^^^^^^^^^^
  File "/var/www/ezh-dev.ru/saver_bot/venv/lib/python3.12/site-packages/aiogram/dispatcher/router.py", line 161, in propagate_event
    return await observer.wrap_outer_middleware(_wrapped, event=event, data=kwargs)
           ^^^^^^^^^^^^^^^^^^^^^^^^^^^^^^^^^^^^^^^^^^^^^^^^^^^^^^^^^^^^^^^^^^^^^^^^
  File "/var/www/ezh-dev.ru/saver_bot/venv/lib/python3.12/site-packages/aiogram/dispatcher/router.py", line 153, in _wrapped
    return await self._propagate_event(
           ^^^^^^^^^^^^^^^^^^^^^^^^^^^^
  File "/var/www/ezh-dev.ru/saver_bot/venv/lib/python3.12/site-packages/aiogram/dispatcher/router.py", line 189, in _propagate_event
    response = await router.propagate_event(update_type=update_type, event=event, **kwargs)
               ^^^^^^^^^^^^^^^^^^^^^^^^^^^^^^^^^^^^^^^^^^^^^^^^^^^^^^^^^^^^^^^^^^^^^^^^^^^^
  File "/var/www/ezh-dev.ru/saver_bot/venv/lib/python3.12/site-packages/aiogram/dispatcher/router.py", line 161, in propagate_event
    return await observer.wrap_outer_middleware(_wrapped, event=event, data=kwargs)
           ^^^^^^^^^^^^^^^^^^^^^^^^^^^^^^^^^^^^^^^^^^^^^^^^^^^^^^^^^^^^^^^^^^^^^^^^
  File "/var/www/ezh-dev.ru/saver_bot/venv/lib/python3.12/site-packages/aiogram/dispatcher/router.py", line 153, in _wrapped
    return await self._propagate_event(
           ^^^^^^^^^^^^^^^^^^^^^^^^^^^^
  File "/var/www/ezh-dev.ru/saver_bot/venv/lib/python3.12/site-packages/aiogram/dispatcher/router.py", line 181, in _propagate_event
    response = await observer.trigger(event, **kwargs)
               ^^^^^^^^^^^^^^^^^^^^^^^^^^^^^^^^^^^^^^^
  File "/var/www/ezh-dev.ru/saver_bot/venv/lib/python3.12/site-packages/aiogram/dispatcher/event/telegram.py", line 126, in trigger
    return await wrapped_inner(event, kwargs)
           ^^^^^^^^^^^^^^^^^^^^^^^^^^^^^^^^^^
  File "/var/www/ezh-dev.ru/saver_bot/venv/lib/python3.12/site-packages/aiogram/dispatcher/event/handler.py", line 43, in call
    return await wrapped()
           ^^^^^^^^^^^^^^^
  File "/var/www/ezh-dev.ru/saver_bot/main/main.py", line 300, in deleted_business_messages
    await bot.send_message(user_id, f'🗑 Это сообщение было удалено {user_link}\n\n```{message.chat.full_name}\n\n{text}```', parse_mode=ParseMode.MARKDOWN, disable_web_page_preview=True)
  File "/var/www/ezh-dev.ru/saver_bot/venv/lib/python3.12/site-packages/aiogram/client/bot.py", line 2925, in send_message
    return await self(call, request_timeout=request_timeout)
           ^^^^^^^^^^^^^^^^^^^^^^^^^^^^^^^^^^^^^^^^^^^^^^^^^
  File "/var/www/ezh-dev.ru/saver_bot/venv/lib/python3.12/site-packages/aiogram/client/bot.py", line 485, in __call__
    return await self.session(self, method, timeout=request_timeout)
           ^^^^^^^^^^^^^^^^^^^^^^^^^^^^^^^^^^^^^^^^^^^^^^^^^^^^^^^^^
  File "/var/www/ezh-dev.ru/saver_bot/venv/lib/python3.12/site-packages/aiogram/client/session/base.py", line 259, in __call__
    return cast(TelegramType, await middleware(bot, method))
                              ^^^^^^^^^^^^^^^^^^^^^^^^^^^^^
  File "/var/www/ezh-dev.ru/saver_bot/venv/lib/python3.12/site-packages/aiogram/client/session/aiohttp.py", line 174, in make_request
    raise TelegramNetworkError(method=method, message="Request timeout error")
aiogram.exceptions.TelegramNetworkError: HTTP Client says - Request timeout error
Failed to fetch updates - TelegramNetworkError: HTTP Client says - Request timeout error
Sleep for 1.831020 seconds and try again... (tryings = 2, bot id = 8514363728)
Failed to fetch updates - TelegramNetworkError: HTTP Client says - Request timeout error
Sleep for 2.461645 seconds and try again... (tryings = 3, bot id = 8514363728)
                                                                                                                                                                        Cause exception while process update id=309619525 by bot id=8514363728
AttributeError: 'NoneType' object has no attribute 'split'
Traceback (most recent call last):
  File "/var/www/ezh-dev.ru/saver_bot/venv/lib/python3.12/site-packages/aiogram/dispatcher/dispatcher.py", line 320, in _process_update
    response = await self.feed_update(bot, update, **kwargs)
               ^^^^^^^^^^^^^^^^^^^^^^^^^^^^^^^^^^^^^^^^^^^^^
  File "/var/www/ezh-dev.ru/saver_bot/venv/lib/python3.12/site-packages/aiogram/dispatcher/dispatcher.py", line 164, in feed_update
    response = await self.update.wrap_outer_middleware(
               ^^^^^^^^^^^^^^^^^^^^^^^^^^^^^^^^^^^^^^^^
  File "/var/www/ezh-dev.ru/saver_bot/venv/lib/python3.12/site-packages/aiogram/dispatcher/middlewares/error.py", line 27, in __call__
    return await handler(event, data)
           ^^^^^^^^^^^^^^^^^^^^^^^^^^
  File "/var/www/ezh-dev.ru/saver_bot/venv/lib/python3.12/site-packages/aiogram/dispatcher/middlewares/user_context.py", line 58, in __call__
    return await handler(event, data)
           ^^^^^^^^^^^^^^^^^^^^^^^^^^
  File "/var/www/ezh-dev.ru/saver_bot/venv/lib/python3.12/site-packages/aiogram/fsm/middleware.py", line 43, in __call__
    return await handler(event, data)
           ^^^^^^^^^^^^^^^^^^^^^^^^^^
  File "/var/www/ezh-dev.ru/saver_bot/venv/lib/python3.12/site-packages/aiogram/dispatcher/event/telegram.py", line 126, in trigger
    return await wrapped_inner(event, kwargs)
           ^^^^^^^^^^^^^^^^^^^^^^^^^^^^^^^^^^
  File "/var/www/ezh-dev.ru/saver_bot/venv/lib/python3.12/site-packages/aiogram/dispatcher/event/handler.py", line 43, in call
    return await wrapped()
           ^^^^^^^^^^^^^^^
  File "/var/www/ezh-dev.ru/saver_bot/venv/lib/python3.12/site-packages/aiogram/dispatcher/dispatcher.py", line 283, in _listen_update
    return await self.propagate_event(update_type=update_type, event=event, **kwargs)
           ^^^^^^^^^^^^^^^^^^^^^^^^^^^^^^^^^^^^^^^^^^^^^^^^^^^^^^^^^^^^^^^^^^^^^^^^^^
  File "/var/www/ezh-dev.ru/saver_bot/venv/lib/python3.12/site-packages/aiogram/dispatcher/router.py", line 161, in propagate_event
    return await observer.wrap_outer_middleware(_wrapped, event=event, data=kwargs)
           ^^^^^^^^^^^^^^^^^^^^^^^^^^^^^^^^^^^^^^^^^^^^^^^^^^^^^^^^^^^^^^^^^^^^^^^^
  File "/var/www/ezh-dev.ru/saver_bot/venv/lib/python3.12/site-packages/aiogram/dispatcher/router.py", line 153, in _wrapped
    return await self._propagate_event(
           ^^^^^^^^^^^^^^^^^^^^^^^^^^^^
  File "/var/www/ezh-dev.ru/saver_bot/venv/lib/python3.12/site-packages/aiogram/dispatcher/router.py", line 189, in _propagate_event
    response = await router.propagate_event(update_type=update_type, event=event, **kwargs)
               ^^^^^^^^^^^^^^^^^^^^^^^^^^^^^^^^^^^^^^^^^^^^^^^^^^^^^^^^^^^^^^^^^^^^^^^^^^^^
  File "/var/www/ezh-dev.ru/saver_bot/venv/lib/python3.12/site-packages/aiogram/dispatcher/router.py", line 161, in propagate_event
    return await observer.wrap_outer_middleware(_wrapped, event=event, data=kwargs)
           ^^^^^^^^^^^^^^^^^^^^^^^^^^^^^^^^^^^^^^^^^^^^^^^^^^^^^^^^^^^^^^^^^^^^^^^^
  File "/var/www/ezh-dev.ru/saver_bot/venv/lib/python3.12/site-packages/aiogram/dispatcher/router.py", line 153, in _wrapped
    return await self._propagate_event(
           ^^^^^^^^^^^^^^^^^^^^^^^^^^^^
  File "/var/www/ezh-dev.ru/saver_bot/venv/lib/python3.12/site-packages/aiogram/dispatcher/router.py", line 181, in _propagate_event
    response = await observer.trigger(event, **kwargs)
               ^^^^^^^^^^^^^^^^^^^^^^^^^^^^^^^^^^^^^^^
  File "/var/www/ezh-dev.ru/saver_bot/venv/lib/python3.12/site-packages/aiogram/dispatcher/event/telegram.py", line 126, in trigger
    return await wrapped_inner(event, kwargs)
           ^^^^^^^^^^^^^^^^^^^^^^^^^^^^^^^^^^
  File "/var/www/ezh-dev.ru/saver_bot/venv/lib/python3.12/site-packages/aiogram/dispatcher/event/handler.py", line 43, in call
    return await wrapped()
           ^^^^^^^^^^^^^^^
  File "/var/www/ezh-dev.ru/saver_bot/main/main.py", line 173, in start
    text = message.text.split('.влад')[1]
           ^^^^^^^^^^^^^^^^^^
AttributeError: 'NoneType' object has no attribute 'split'
Cause exception while process update id=309619530 by bot id=8514363728
AttributeError: 'NoneType' object has no attribute 'split'
Traceback (most recent call last):
  File "/var/www/ezh-dev.ru/saver_bot/venv/lib/python3.12/site-packages/aiogram/dispatcher/dispatcher.py", line 320, in _process_update
    response = await self.feed_update(bot, update, **kwargs)
               ^^^^^^^^^^^^^^^^^^^^^^^^^^^^^^^^^^^^^^^^^^^^^
  File "/var/www/ezh-dev.ru/saver_bot/venv/lib/python3.12/site-packages/aiogram/dispatcher/dispatcher.py", line 164, in feed_update
    response = await self.update.wrap_outer_middleware(
               ^^^^^^^^^^^^^^^^^^^^^^^^^^^^^^^^^^^^^^^^
  File "/var/www/ezh-dev.ru/saver_bot/venv/lib/python3.12/site-packages/aiogram/dispatcher/middlewares/error.py", line 27, in __call__
    return await handler(event, data)
           ^^^^^^^^^^^^^^^^^^^^^^^^^^
  File "/var/www/ezh-dev.ru/saver_bot/venv/lib/python3.12/site-packages/aiogram/dispatcher/middlewares/user_context.py", line 58, in __call__
    return await handler(event, data)
           ^^^^^^^^^^^^^^^^^^^^^^^^^^
  File "/var/www/ezh-dev.ru/saver_bot/venv/lib/python3.12/site-packages/aiogram/fsm/middleware.py", line 43, in __call__
    return await handler(event, data)
           ^^^^^^^^^^^^^^^^^^^^^^^^^^
  File "/var/www/ezh-dev.ru/saver_bot/venv/lib/python3.12/site-packages/aiogram/dispatcher/event/telegram.py", line 126, in trigger
    return await wrapped_inner(event, kwargs)
           ^^^^^^^^^^^^^^^^^^^^^^^^^^^^^^^^^^
  File "/var/www/ezh-dev.ru/saver_bot/venv/lib/python3.12/site-packages/aiogram/dispatcher/event/handler.py", line 43, in call
    return await wrapped()
           ^^^^^^^^^^^^^^^
  File "/var/www/ezh-dev.ru/saver_bot/venv/lib/python3.12/site-packages/aiogram/dispatcher/dispatcher.py", line 283, in _listen_update
    return await self.propagate_event(update_type=update_type, event=event, **kwargs)
           ^^^^^^^^^^^^^^^^^^^^^^^^^^^^^^^^^^^^^^^^^^^^^^^^^^^^^^^^^^^^^^^^^^^^^^^^^^
  File "/var/www/ezh-dev.ru/saver_bot/venv/lib/python3.12/site-packages/aiogram/dispatcher/router.py", line 161, in propagate_event
    return await observer.wrap_outer_middleware(_wrapped, event=event, data=kwargs)
           ^^^^^^^^^^^^^^^^^^^^^^^^^^^^^^^^^^^^^^^^^^^^^^^^^^^^^^^^^^^^^^^^^^^^^^^^
  File "/var/www/ezh-dev.ru/saver_bot/venv/lib/python3.12/site-packages/aiogram/dispatcher/router.py", line 153, in _wrapped
    return await self._propagate_event(
           ^^^^^^^^^^^^^^^^^^^^^^^^^^^^
  File "/var/www/ezh-dev.ru/saver_bot/venv/lib/python3.12/site-packages/aiogram/dispatcher/router.py", line 189, in _propagate_event
    response = await router.propagate_event(update_type=update_type, event=event, **kwargs)
               ^^^^^^^^^^^^^^^^^^^^^^^^^^^^^^^^^^^^^^^^^^^^^^^^^^^^^^^^^^^^^^^^^^^^^^^^^^^^
  File "/var/www/ezh-dev.ru/saver_bot/venv/lib/python3.12/site-packages/aiogram/dispatcher/router.py", line 161, in propagate_event
    return await observer.wrap_outer_middleware(_wrapped, event=event, data=kwargs)
           ^^^^^^^^^^^^^^^^^^^^^^^^^^^^^^^^^^^^^^^^^^^^^^^^^^^^^^^^^^^^^^^^^^^^^^^^
  File "/var/www/ezh-dev.ru/saver_bot/venv/lib/python3.12/site-packages/aiogram/dispatcher/router.py", line 153, in _wrapped
    return await self._propagate_event(
           ^^^^^^^^^^^^^^^^^^^^^^^^^^^^
  File "/var/www/ezh-dev.ru/saver_bot/venv/lib/python3.12/site-packages/aiogram/dispatcher/router.py", line 181, in _propagate_event
    response = await observer.trigger(event, **kwargs)
               ^^^^^^^^^^^^^^^^^^^^^^^^^^^^^^^^^^^^^^^
  File "/var/www/ezh-dev.ru/saver_bot/venv/lib/python3.12/site-packages/aiogram/dispatcher/event/telegram.py", line 126, in trigger
    return await wrapped_inner(event, kwargs)
           ^^^^^^^^^^^^^^^^^^^^^^^^^^^^^^^^^^
  File "/var/www/ezh-dev.ru/saver_bot/venv/lib/python3.12/site-packages/aiogram/dispatcher/event/handler.py", line 43, in call
    return await wrapped()
           ^^^^^^^^^^^^^^^
  File "/var/www/ezh-dev.ru/saver_bot/main/main.py", line 173, in start
    text = message.text.split('.влад')[1]
           ^^^^^^^^^^^^^^^^^^
AttributeError: 'NoneType' object has no attribute 'split'
Failed to fetch updates - TelegramNetworkError: HTTP Client says - Request timeout error
Sleep for 1.000000 seconds and try again... (tryings = 0, bot id = 8514363728)
Failed to fetch updates - TelegramNetworkError: HTTP Client says - Request timeout error
Sleep for 1.145877 seconds and try again... (tryings = 1, bot id = 8514363728)
Failed to fetch updates - TelegramNetworkError: HTTP Client says - Request timeout error
Sleep for 1.466259 seconds and try again... (tryings = 2, bot id = 8514363728)
Failed to fetch updates - TelegramNetworkError: HTTP Client says - Request timeout error
Sleep for 2.084243 seconds and try again... (tryings = 3, bot id = 8514363728)
Failed to fetch updates - TelegramNetworkError: HTTP Client says - Request timeout error
Sleep for 2.526278 seconds and try again... (tryings = 4, bot id = 8514363728)
Failed to fetch updates - TelegramNetworkError: HTTP Client says - Request timeout error
Sleep for 3.398075 seconds and try again... (tryings = 5, bot id = 8514363728)
Failed to fetch updates - TelegramNetworkError: HTTP Client says - Request timeout error
Sleep for 4.310049 seconds and try again... (tryings = 6, bot id = 8514363728)
Failed to fetch updates - TelegramNetworkError: HTTP Client says - Request timeout error
Sleep for 5.116859 seconds and try again... (tryings = 7, bot id = 8514363728)
Failed to fetch updates - TelegramNetworkError: HTTP Client says - Request timeout error
Sleep for 5.097254 seconds and try again... (tryings = 8, bot id = 8514363728)
Failed to fetch updates - TelegramNetworkError: HTTP Client says - Request timeout error
Sleep for 5.034952 seconds and try again... (tryings = 9, bot id = 8514363728)
Failed to fetch updates - TelegramNetworkError: HTTP Client says - Request timeout error
Sleep for 4.879377 seconds and try again... (tryings = 10, bot id = 8514363728)
Failed to fetch updates - TelegramNetworkError: HTTP Client says - Request timeout error
Sleep for 4.953829 seconds and try again... (tryings = 11, bot id = 8514363728)
Failed to fetch updates - TelegramNetworkError: HTTP Client says - Request timeout error
Sleep for 5.011006 seconds and try again... (tryings = 12, bot id = 8514363728)
Cause exception while process update id=309620631 by bot id=8514363728
AttributeError: 'NoneType' object has no attribute 'split'
Traceback (most recent call last):
  File "/var/www/ezh-dev.ru/saver_bot/venv/lib/python3.12/site-packages/aiogram/dispatcher/dispatcher.py", line 320, in _process_update
    response = await self.feed_update(bot, update, **kwargs)
               ^^^^^^^^^^^^^^^^^^^^^^^^^^^^^^^^^^^^^^^^^^^^^
  File "/var/www/ezh-dev.ru/saver_bot/venv/lib/python3.12/site-packages/aiogram/dispatcher/dispatcher.py", line 164, in feed_update
    response = await self.update.wrap_outer_middleware(
               ^^^^^^^^^^^^^^^^^^^^^^^^^^^^^^^^^^^^^^^^
  File "/var/www/ezh-dev.ru/saver_bot/venv/lib/python3.12/site-packages/aiogram/dispatcher/middlewares/error.py", line 27, in __call__
    return await handler(event, data)
           ^^^^^^^^^^^^^^^^^^^^^^^^^^
  File "/var/www/ezh-dev.ru/saver_bot/venv/lib/python3.12/site-packages/aiogram/dispatcher/middlewares/user_context.py", line 58, in __call__
    return await handler(event, data)
           ^^^^^^^^^^^^^^^^^^^^^^^^^^
  File "/var/www/ezh-dev.ru/saver_bot/venv/lib/python3.12/site-packages/aiogram/fsm/middleware.py", line 43, in __call__
    return await handler(event, data)
           ^^^^^^^^^^^^^^^^^^^^^^^^^^
  File "/var/www/ezh-dev.ru/saver_bot/venv/lib/python3.12/site-packages/aiogram/dispatcher/event/telegram.py", line 126, in trigger
    return await wrapped_inner(event, kwargs)
           ^^^^^^^^^^^^^^^^^^^^^^^^^^^^^^^^^^
  File "/var/www/ezh-dev.ru/saver_bot/venv/lib/python3.12/site-packages/aiogram/dispatcher/event/handler.py", line 43, in call
    return await wrapped()
           ^^^^^^^^^^^^^^^
  File "/var/www/ezh-dev.ru/saver_bot/venv/lib/python3.12/site-packages/aiogram/dispatcher/dispatcher.py", line 283, in _listen_update
    return await self.propagate_event(update_type=update_type, event=event, **kwargs)
           ^^^^^^^^^^^^^^^^^^^^^^^^^^^^^^^^^^^^^^^^^^^^^^^^^^^^^^^^^^^^^^^^^^^^^^^^^^
  File "/var/www/ezh-dev.ru/saver_bot/venv/lib/python3.12/site-packages/aiogram/dispatcher/router.py", line 161, in propagate_event
    return await observer.wrap_outer_middleware(_wrapped, event=event, data=kwargs)
           ^^^^^^^^^^^^^^^^^^^^^^^^^^^^^^^^^^^^^^^^^^^^^^^^^^^^^^^^^^^^^^^^^^^^^^^^
  File "/var/www/ezh-dev.ru/saver_bot/venv/lib/python3.12/site-packages/aiogram/dispatcher/router.py", line 153, in _wrapped
    return await self._propagate_event(
           ^^^^^^^^^^^^^^^^^^^^^^^^^^^^
  File "/var/www/ezh-dev.ru/saver_bot/venv/lib/python3.12/site-packages/aiogram/dispatcher/router.py", line 189, in _propagate_event
    response = await router.propagate_event(update_type=update_type, event=event, **kwargs)
               ^^^^^^^^^^^^^^^^^^^^^^^^^^^^^^^^^^^^^^^^^^^^^^^^^^^^^^^^^^^^^^^^^^^^^^^^^^^^
  File "/var/www/ezh-dev.ru/saver_bot/venv/lib/python3.12/site-packages/aiogram/dispatcher/router.py", line 161, in propagate_event
    return await observer.wrap_outer_middleware(_wrapped, event=event, data=kwargs)
           ^^^^^^^^^^^^^^^^^^^^^^^^^^^^^^^^^^^^^^^^^^^^^^^^^^^^^^^^^^^^^^^^^^^^^^^^
  File "/var/www/ezh-dev.ru/saver_bot/venv/lib/python3.12/site-packages/aiogram/dispatcher/router.py", line 153, in _wrapped
    return await self._propagate_event(
           ^^^^^^^^^^^^^^^^^^^^^^^^^^^^
  File "/var/www/ezh-dev.ru/saver_bot/venv/lib/python3.12/site-packages/aiogram/dispatcher/router.py", line 181, in _propagate_event
    response = await observer.trigger(event, **kwargs)
               ^^^^^^^^^^^^^^^^^^^^^^^^^^^^^^^^^^^^^^^
  File "/var/www/ezh-dev.ru/saver_bot/venv/lib/python3.12/site-packages/aiogram/dispatcher/event/telegram.py", line 126, in trigger
    return await wrapped_inner(event, kwargs)
           ^^^^^^^^^^^^^^^^^^^^^^^^^^^^^^^^^^
  File "/var/www/ezh-dev.ru/saver_bot/venv/lib/python3.12/site-packages/aiogram/dispatcher/event/handler.py", line 43, in call
    return await wrapped()
           ^^^^^^^^^^^^^^^
  File "/var/www/ezh-dev.ru/saver_bot/main/main.py", line 173, in start
    text = message.text.split('.влад')[1]
           ^^^^^^^^^^^^^^^^^^
AttributeError: 'NoneType' object has no attribute 'split'
Failed to fetch updates - TelegramNetworkError: HTTP Client says - Request timeout error
Sleep for 1.000000 seconds and try again... (tryings = 0, bot id = 8514363728)
Failed to fetch updates - TelegramNetworkError: HTTP Client says - ClientConnectorError: Cannot connect to host api.telegram.org:443 ssl:default [Network is unreachable]
Sleep for 1.327157 seconds and try again... (tryings = 1, bot id = 8514363728)
Failed to fetch updates - TelegramNetworkError: HTTP Client says - ClientConnectorError: Cannot connect to host api.telegram.org:443 ssl:default [Network is unreachable]
Sleep for 1.712942 seconds and try again... (tryings = 2, bot id = 8514363728)
Failed to fetch updates - TelegramNetworkError: HTTP Client says - ClientConnectorError: Cannot connect to host api.telegram.org:443 ssl:default [Network is unreachable]
Sleep for 2.222460 seconds and try again... (tryings = 3, bot id = 8514363728)
Failed to fetch updates - TelegramNetworkError: HTTP Client says - ClientConnectorError: Cannot connect to host api.telegram.org:443 ssl:default [Network is unreachable]
Sleep for 2.704093 seconds and try again... (tryings = 4, bot id = 8514363728)
Failed to fetch updates - TelegramNetworkError: HTTP Client says - ClientConnectorError: Cannot connect to host api.telegram.org:443 ssl:default [Network is unreachable]
Sleep for 3.321115 seconds and try again... (tryings = 5, bot id = 8514363728)
Failed to fetch updates - TelegramNetworkError: HTTP Client says - ClientConnectorError: Cannot connect to host api.telegram.org:443 ssl:default [Network is unreachable]
Sleep for 4.363461 seconds and try again... (tryings = 6, bot id = 8514363728)
Failed to fetch updates - TelegramNetworkError: HTTP Client says - ClientConnectorError: Cannot connect to host api.telegram.org:443 ssl:default [Network is unreachable]
Sleep for 4.812936 seconds and try again... (tryings = 7, bot id = 8514363728)
Failed to fetch updates - TelegramNetworkError: HTTP Client says - ClientConnectorError: Cannot connect to host api.telegram.org:443 ssl:default [Network is unreachable]
Sleep for 4.970642 seconds and try again... (tryings = 8, bot id = 8514363728)
Failed to fetch updates - TelegramNetworkError: HTTP Client says - ClientConnectorError: Cannot connect to host api.telegram.org:443 ssl:default [Network is unreachable]
Sleep for 4.880613 seconds and try again... (tryings = 9, bot id = 8514363728)
Failed to fetch updates - TelegramNetworkError: HTTP Client says - ClientConnectorError: Cannot connect to host api.telegram.org:443 ssl:default [Network is unreachable]
Sleep for 5.013205 seconds and try again... (tryings = 10, bot id = 8514363728)
Failed to fetch updates - TelegramNetworkError: HTTP Client says - ClientConnectorError: Cannot connect to host api.telegram.org:443 ssl:default [Network is unreachable]
Sleep for 5.052088 seconds and try again... (tryings = 11, bot id = 8514363728)
Failed to fetch updates - TelegramNetworkError: HTTP Client says - ClientConnectorError: Cannot connect to host api.telegram.org:443 ssl:default [Network is unreachable]
Sleep for 5.031356 seconds and try again... (tryings = 12, bot id = 8514363728)
Failed to fetch updates - TelegramNetworkError: HTTP Client says - ClientConnectorError: Cannot connect to host api.telegram.org:443 ssl:default [Network is unreachable]
Sleep for 4.891070 seconds and try again... (tryings = 13, bot id = 8514363728)
Failed to fetch updates - TelegramNetworkError: HTTP Client says - ClientConnectorError: Cannot connect to host api.telegram.org:443 ssl:default [Network is unreachable]
Sleep for 5.080487 seconds and try again... (tryings = 14, bot id = 8514363728)
Failed to fetch updates - TelegramNetworkError: HTTP Client says - ClientConnectorError: Cannot connect to host api.telegram.org:443 ssl:default [Network is unreachable]
Sleep for 4.997915 seconds and try again... (tryings = 15, bot id = 8514363728)
Failed to fetch updates - TelegramNetworkError: HTTP Client says - ClientConnectorError: Cannot connect to host api.telegram.org:443 ssl:default [Network is unreachable]
Sleep for 4.860013 seconds and try again... (tryings = 16, bot id = 8514363728)
Failed to fetch updates - TelegramNetworkError: HTTP Client says - ClientConnectorError: Cannot connect to host api.telegram.org:443 ssl:default [Network is unreachable]
Sleep for 5.011084 seconds and try again... (tryings = 17, bot id = 8514363728)
Failed to fetch updates - TelegramNetworkError: HTTP Client says - ClientConnectorError: Cannot connect to host api.telegram.org:443 ssl:default [Network is unreachable]
Sleep for 5.001360 seconds and try again... (tryings = 18, bot id = 8514363728)
Failed to fetch updates - TelegramNetworkError: HTTP Client says - ClientConnectorError: Cannot connect to host api.telegram.org:443 ssl:default [Network is unreachable]
Sleep for 4.873494 seconds and try again... (tryings = 19, bot id = 8514363728)
Failed to fetch updates - TelegramNetworkError: HTTP Client says - ClientConnectorError: Cannot connect to host api.telegram.org:443 ssl:default [Network is unreachable]
Sleep for 5.038307 seconds and try again... (tryings = 20, bot id = 8514363728)
Failed to fetch updates - TelegramNetworkError: HTTP Client says - ClientConnectorError: Cannot connect to host api.telegram.org:443 ssl:default [Network is unreachable]
Sleep for 5.190780 seconds and try again... (tryings = 21, bot id = 8514363728)
Failed to fetch updates - TelegramNetworkError: HTTP Client says - ClientConnectorError: Cannot connect to host api.telegram.org:443 ssl:default [Network is unreachable]
Sleep for 4.997154 seconds and try again... (tryings = 22, bot id = 8514363728)
Failed to fetch updates - TelegramNetworkError: HTTP Client says - ClientConnectorError: Cannot connect to host api.telegram.org:443 ssl:default [Network is unreachable]
Sleep for 4.973000 seconds and try again... (tryings = 23, bot id = 8514363728)
Failed to fetch updates - TelegramNetworkError: HTTP Client says - ClientConnectorError: Cannot connect to host api.telegram.org:443 ssl:default [Network is unreachable]
Sleep for 5.141692 seconds and try again... (tryings = 24, bot id = 8514363728)
Failed to fetch updates - TelegramNetworkError: HTTP Client says - ClientConnectorError: Cannot connect to host api.telegram.org:443 ssl:default [Network is unreachable]
Sleep for 5.219242 seconds and try again... (tryings = 25, bot id = 8514363728)
Failed to fetch updates - TelegramNetworkError: HTTP Client says - ClientConnectorError: Cannot connect to host api.telegram.org:443 ssl:default [Network is unreachable]
Sleep for 5.067799 seconds and try again... (tryings = 26, bot id = 8514363728)
Failed to fetch updates - TelegramNetworkError: HTTP Client says - ClientConnectorError: Cannot connect to host api.telegram.org:443 ssl:default [Network is unreachable]
Sleep for 4.871662 seconds and try again... (tryings = 27, bot id = 8514363728)
Failed to fetch updates - TelegramNetworkError: HTTP Client says - ClientConnectorError: Cannot connect to host api.telegram.org:443 ssl:default [Network is unreachable]
Sleep for 5.222993 seconds and try again... (tryings = 28, bot id = 8514363728)
Failed to fetch updates - TelegramNetworkError: HTTP Client says - ClientConnectorError: Cannot connect to host api.telegram.org:443 ssl:default [Network is unreachable]
Sleep for 4.928901 seconds and try again... (tryings = 29, bot id = 8514363728)
Failed to fetch updates - TelegramNetworkError: HTTP Client says - ClientConnectorError: Cannot connect to host api.telegram.org:443 ssl:default [Network is unreachable]
Sleep for 4.873653 seconds and try again... (tryings = 30, bot id = 8514363728)
Failed to fetch updates - TelegramNetworkError: HTTP Client says - ClientConnectorError: Cannot connect to host api.telegram.org:443 ssl:default [Network is unreachable]
Sleep for 5.004615 seconds and try again... (tryings = 31, bot id = 8514363728)
Failed to fetch updates - TelegramNetworkError: HTTP Client says - ClientConnectorError: Cannot connect to host api.telegram.org:443 ssl:default [Network is unreachable]
Sleep for 5.046901 seconds and try again... (tryings = 32, bot id = 8514363728)
Failed to fetch updates - TelegramNetworkError: HTTP Client says - ClientConnectorError: Cannot connect to host api.telegram.org:443 ssl:default [Network is unreachable]
Sleep for 5.064806 seconds and try again... (tryings = 33, bot id = 8514363728)
Failed to fetch updates - TelegramNetworkError: HTTP Client says - ClientConnectorError: Cannot connect to host api.telegram.org:443 ssl:default [Network is unreachable]
Sleep for 4.996927 seconds and try again... (tryings = 34, bot id = 8514363728)
Failed to fetch updates - TelegramNetworkError: HTTP Client says - ClientConnectorError: Cannot connect to host api.telegram.org:443 ssl:default [Network is unreachable]
Sleep for 5.175590 seconds and try again... (tryings = 35, bot id = 8514363728)
Failed to fetch updates - TelegramNetworkError: HTTP Client says - ClientConnectorError: Cannot connect to host api.telegram.org:443 ssl:default [Network is unreachable]
Sleep for 4.973153 seconds and try again... (tryings = 36, bot id = 8514363728)
Failed to fetch updates - TelegramNetworkError: HTTP Client says - ClientConnectorError: Cannot connect to host api.telegram.org:443 ssl:default [Network is unreachable]
Sleep for 5.133956 seconds and try again... (tryings = 37, bot id = 8514363728)
Failed to fetch updates - TelegramNetworkError: HTTP Client says - ClientConnectorError: Cannot connect to host api.telegram.org:443 ssl:default [Network is unreachable]
Sleep for 4.893981 seconds and try again... (tryings = 38, bot id = 8514363728)
Failed to fetch updates - TelegramNetworkError: HTTP Client says - ClientConnectorError: Cannot connect to host api.telegram.org:443 ssl:default [Network is unreachable]
Sleep for 5.113932 seconds and try again... (tryings = 39, bot id = 8514363728)
Failed to fetch updates - TelegramNetworkError: HTTP Client says - ClientConnectorError: Cannot connect to host api.telegram.org:443 ssl:default [Network is unreachable]
Sleep for 4.929733 seconds and try again... (tryings = 40, bot id = 8514363728)
Failed to fetch updates - TelegramNetworkError: HTTP Client says - ClientConnectorError: Cannot connect to host api.telegram.org:443 ssl:default [Network is unreachable]
Sleep for 5.160744 seconds and try again... (tryings = 41, bot id = 8514363728)
Failed to fetch updates - TelegramNetworkError: HTTP Client says - ClientConnectorError: Cannot connect to host api.telegram.org:443 ssl:default [Network is unreachable]
Sleep for 5.000893 seconds and try again... (tryings = 42, bot id = 8514363728)
Failed to fetch updates - TelegramNetworkError: HTTP Client says - ClientConnectorError: Cannot connect to host api.telegram.org:443 ssl:default [Network is unreachable]
Sleep for 5.213224 seconds and try again... (tryings = 43, bot id = 8514363728)
Failed to fetch updates - TelegramNetworkError: HTTP Client says - ClientConnectorError: Cannot connect to host api.telegram.org:443 ssl:default [Network is unreachable]
Sleep for 4.821591 seconds and try again... (tryings = 44, bot id = 8514363728)
Failed to fetch updates - TelegramNetworkError: HTTP Client says - ClientConnectorError: Cannot connect to host api.telegram.org:443 ssl:default [Network is unreachable]
Sleep for 5.120800 seconds and try again... (tryings = 45, bot id = 8514363728)
Failed to fetch updates - TelegramNetworkError: HTTP Client says - ClientConnectorError: Cannot connect to host api.telegram.org:443 ssl:default [Network is unreachable]
Sleep for 5.158981 seconds and try again... (tryings = 46, bot id = 8514363728)
Failed to fetch updates - TelegramNetworkError: HTTP Client says - ClientConnectorError: Cannot connect to host api.telegram.org:443 ssl:default [Network is unreachable]
Sleep for 4.959559 seconds and try again... (tryings = 47, bot id = 8514363728)
Failed to fetch updates - TelegramNetworkError: HTTP Client says - ClientConnectorError: Cannot connect to host api.telegram.org:443 ssl:default [Network is unreachable]
Sleep for 5.004336 seconds and try again... (tryings = 48, bot id = 8514363728)
Failed to fetch updates - TelegramNetworkError: HTTP Client says - ClientConnectorError: Cannot connect to host api.telegram.org:443 ssl:default [Network is unreachable]
Sleep for 4.905809 seconds and try again... (tryings = 49, bot id = 8514363728)
Failed to fetch updates - TelegramNetworkError: HTTP Client says - ClientConnectorError: Cannot connect to host api.telegram.org:443 ssl:default [Network is unreachable]
Sleep for 4.896034 seconds and try again... (tryings = 50, bot id = 8514363728)
Failed to fetch updates - TelegramNetworkError: HTTP Client says - ClientConnectorError: Cannot connect to host api.telegram.org:443 ssl:default [Network is unreachable]
Sleep for 4.919947 seconds and try again... (tryings = 51, bot id = 8514363728)
Failed to fetch updates - TelegramNetworkError: HTTP Client says - ClientConnectorError: Cannot connect to host api.telegram.org:443 ssl:default [Network is unreachable]
Sleep for 5.022258 seconds and try again... (tryings = 52, bot id = 8514363728)
Failed to fetch updates - TelegramNetworkError: HTTP Client says - ClientConnectorError: Cannot connect to host api.telegram.org:443 ssl:default [Network is unreachable]
Sleep for 5.058810 seconds and try again... (tryings = 53, bot id = 8514363728)
Failed to fetch updates - TelegramNetworkError: HTTP Client says - ClientConnectorError: Cannot connect to host api.telegram.org:443 ssl:default [Network is unreachable]
Sleep for 5.027044 seconds and try again... (tryings = 54, bot id = 8514363728)
Failed to fetch updates - TelegramNetworkError: HTTP Client says - ClientConnectorError: Cannot connect to host api.telegram.org:443 ssl:default [Network is unreachable]
Sleep for 4.958819 seconds and try again... (tryings = 55, bot id = 8514363728)
Received SIGTERM signal
1
second
1
second
tetetee
(486261,)
1
second
Failed to fetch updates - TelegramNetworkError: HTTP Client says - Request timeout error
Sleep for 1.000000 seconds and try again... (tryings = 0, bot id = 8514363728)
Received SIGTERM signal
Cause exception while process update id=309622828 by bot id=8514363728
AttributeError: 'NoneType' object has no attribute 'split'
Traceback (most recent call last):
  File "/var/www/ezh-dev.ru/saver_bot/venv/lib/python3.12/site-packages/aiogram/dispatcher/dispatcher.py", line 320, in _process_update
    response = await self.feed_update(bot, update, **kwargs)
               ^^^^^^^^^^^^^^^^^^^^^^^^^^^^^^^^^^^^^^^^^^^^^
  File "/var/www/ezh-dev.ru/saver_bot/venv/lib/python3.12/site-packages/aiogram/dispatcher/dispatcher.py", line 164, in feed_update
    response = await self.update.wrap_outer_middleware(
               ^^^^^^^^^^^^^^^^^^^^^^^^^^^^^^^^^^^^^^^^
  File "/var/www/ezh-dev.ru/saver_bot/venv/lib/python3.12/site-packages/aiogram/dispatcher/middlewares/error.py", line 27, in __call__
    return await handler(event, data)
           ^^^^^^^^^^^^^^^^^^^^^^^^^^
  File "/var/www/ezh-dev.ru/saver_bot/venv/lib/python3.12/site-packages/aiogram/dispatcher/middlewares/user_context.py", line 58, in __call__
    return await handler(event, data)
           ^^^^^^^^^^^^^^^^^^^^^^^^^^
  File "/var/www/ezh-dev.ru/saver_bot/venv/lib/python3.12/site-packages/aiogram/fsm/middleware.py", line 43, in __call__
    return await handler(event, data)
           ^^^^^^^^^^^^^^^^^^^^^^^^^^
  File "/var/www/ezh-dev.ru/saver_bot/venv/lib/python3.12/site-packages/aiogram/dispatcher/event/telegram.py", line 126, in trigger
    return await wrapped_inner(event, kwargs)
           ^^^^^^^^^^^^^^^^^^^^^^^^^^^^^^^^^^
  File "/var/www/ezh-dev.ru/saver_bot/venv/lib/python3.12/site-packages/aiogram/dispatcher/event/handler.py", line 43, in call
    return await wrapped()
           ^^^^^^^^^^^^^^^
  File "/var/www/ezh-dev.ru/saver_bot/venv/lib/python3.12/site-packages/aiogram/dispatcher/dispatcher.py", line 283, in _listen_update
    return await self.propagate_event(update_type=update_type, event=event, **kwargs)
           ^^^^^^^^^^^^^^^^^^^^^^^^^^^^^^^^^^^^^^^^^^^^^^^^^^^^^^^^^^^^^^^^^^^^^^^^^^
  File "/var/www/ezh-dev.ru/saver_bot/venv/lib/python3.12/site-packages/aiogram/dispatcher/router.py", line 161, in propagate_event
    return await observer.wrap_outer_middleware(_wrapped, event=event, data=kwargs)
           ^^^^^^^^^^^^^^^^^^^^^^^^^^^^^^^^^^^^^^^^^^^^^^^^^^^^^^^^^^^^^^^^^^^^^^^^
  File "/var/www/ezh-dev.ru/saver_bot/venv/lib/python3.12/site-packages/aiogram/dispatcher/router.py", line 153, in _wrapped
    return await self._propagate_event(
           ^^^^^^^^^^^^^^^^^^^^^^^^^^^^
  File "/var/www/ezh-dev.ru/saver_bot/venv/lib/python3.12/site-packages/aiogram/dispatcher/router.py", line 189, in _propagate_event
    response = await router.propagate_event(update_type=update_type, event=event, **kwargs)
               ^^^^^^^^^^^^^^^^^^^^^^^^^^^^^^^^^^^^^^^^^^^^^^^^^^^^^^^^^^^^^^^^^^^^^^^^^^^^
  File "/var/www/ezh-dev.ru/saver_bot/venv/lib/python3.12/site-packages/aiogram/dispatcher/router.py", line 161, in propagate_event
    return await observer.wrap_outer_middleware(_wrapped, event=event, data=kwargs)
           ^^^^^^^^^^^^^^^^^^^^^^^^^^^^^^^^^^^^^^^^^^^^^^^^^^^^^^^^^^^^^^^^^^^^^^^^
  File "/var/www/ezh-dev.ru/saver_bot/venv/lib/python3.12/site-packages/aiogram/dispatcher/router.py", line 153, in _wrapped
    return await self._propagate_event(
           ^^^^^^^^^^^^^^^^^^^^^^^^^^^^
  File "/var/www/ezh-dev.ru/saver_bot/venv/lib/python3.12/site-packages/aiogram/dispatcher/router.py", line 181, in _propagate_event
    response = await observer.trigger(event, **kwargs)
               ^^^^^^^^^^^^^^^^^^^^^^^^^^^^^^^^^^^^^^^
  File "/var/www/ezh-dev.ru/saver_bot/venv/lib/python3.12/site-packages/aiogram/dispatcher/event/telegram.py", line 126, in trigger
    return await wrapped_inner(event, kwargs)
           ^^^^^^^^^^^^^^^^^^^^^^^^^^^^^^^^^^
  File "/var/www/ezh-dev.ru/saver_bot/venv/lib/python3.12/site-packages/aiogram/dispatcher/event/handler.py", line 43, in call
    return await wrapped()
           ^^^^^^^^^^^^^^^
  File "/var/www/ezh-dev.ru/saver_bot/main/main.py", line 173, in start
    text = message.text.split('.влад')[1]
           ^^^^^^^^^^^^^^^^^^
AttributeError: 'NoneType' object has no attribute 'split'
Failed to fetch updates - TelegramNetworkError: HTTP Client says - ServerDisconnectedError: Server disconnected
Sleep for 1.000000 seconds and try again... (tryings = 0, bot id = 8514363728)
Failed to fetch updates - TelegramNetworkError: HTTP Client says - ServerDisconnectedError: Server disconnected
Sleep for 1.000000 seconds and try again... (tryings = 0, bot id = 8514363728)
Failed to fetch updates - TelegramNetworkError: HTTP Client says - ServerDisconnectedError: Server disconnected
Sleep for 1.000000 seconds and try again... (tryings = 0, bot id = 8514363728)
Failed to fetch updates - TelegramNetworkError: HTTP Client says - ServerDisconnectedError: Server disconnected
Sleep for 1.000000 seconds and try again... (tryings = 0, bot id = 8514363728)
Cause exception while process update id=309625373 by bot id=8514363728
TelegramForbiddenError: Telegram server says - Forbidden: bot was blocked by the user
Traceback (most recent call last):
  File "/var/www/ezh-dev.ru/saver_bot/venv/lib/python3.12/site-packages/aiogram/dispatcher/dispatcher.py", line 320, in _process_update
    response = await self.feed_update(bot, update, **kwargs)
               ^^^^^^^^^^^^^^^^^^^^^^^^^^^^^^^^^^^^^^^^^^^^^
  File "/var/www/ezh-dev.ru/saver_bot/venv/lib/python3.12/site-packages/aiogram/dispatcher/dispatcher.py", line 164, in feed_update
    response = await self.update.wrap_outer_middleware(
               ^^^^^^^^^^^^^^^^^^^^^^^^^^^^^^^^^^^^^^^^
  File "/var/www/ezh-dev.ru/saver_bot/venv/lib/python3.12/site-packages/aiogram/dispatcher/middlewares/error.py", line 27, in __call__
    return await handler(event, data)
           ^^^^^^^^^^^^^^^^^^^^^^^^^^
  File "/var/www/ezh-dev.ru/saver_bot/venv/lib/python3.12/site-packages/aiogram/dispatcher/middlewares/user_context.py", line 58, in __call__
    return await handler(event, data)
           ^^^^^^^^^^^^^^^^^^^^^^^^^^
  File "/var/www/ezh-dev.ru/saver_bot/venv/lib/python3.12/site-packages/aiogram/fsm/middleware.py", line 43, in __call__
    return await handler(event, data)
           ^^^^^^^^^^^^^^^^^^^^^^^^^^
  File "/var/www/ezh-dev.ru/saver_bot/venv/lib/python3.12/site-packages/aiogram/dispatcher/event/telegram.py", line 126, in trigger
    return await wrapped_inner(event, kwargs)
           ^^^^^^^^^^^^^^^^^^^^^^^^^^^^^^^^^^
  File "/var/www/ezh-dev.ru/saver_bot/venv/lib/python3.12/site-packages/aiogram/dispatcher/event/handler.py", line 43, in call
    return await wrapped()
           ^^^^^^^^^^^^^^^
  File "/var/www/ezh-dev.ru/saver_bot/venv/lib/python3.12/site-packages/aiogram/dispatcher/dispatcher.py", line 283, in _listen_update
    return await self.propagate_event(update_type=update_type, event=event, **kwargs)
           ^^^^^^^^^^^^^^^^^^^^^^^^^^^^^^^^^^^^^^^^^^^^^^^^^^^^^^^^^^^^^^^^^^^^^^^^^^
  File "/var/www/ezh-dev.ru/saver_bot/venv/lib/python3.12/site-packages/aiogram/dispatcher/router.py", line 161, in propagate_event
    return await observer.wrap_outer_middleware(_wrapped, event=event, data=kwargs)
           ^^^^^^^^^^^^^^^^^^^^^^^^^^^^^^^^^^^^^^^^^^^^^^^^^^^^^^^^^^^^^^^^^^^^^^^^
  File "/var/www/ezh-dev.ru/saver_bot/venv/lib/python3.12/site-packages/aiogram/dispatcher/router.py", line 153, in _wrapped
    return await self._propagate_event(
           ^^^^^^^^^^^^^^^^^^^^^^^^^^^^
  File "/var/www/ezh-dev.ru/saver_bot/venv/lib/python3.12/site-packages/aiogram/dispatcher/router.py", line 189, in _propagate_event
    response = await router.propagate_event(update_type=update_type, event=event, **kwargs)
               ^^^^^^^^^^^^^^^^^^^^^^^^^^^^^^^^^^^^^^^^^^^^^^^^^^^^^^^^^^^^^^^^^^^^^^^^^^^^
  File "/var/www/ezh-dev.ru/saver_bot/venv/lib/python3.12/site-packages/aiogram/dispatcher/router.py", line 161, in propagate_event
    return await observer.wrap_outer_middleware(_wrapped, event=event, data=kwargs)
           ^^^^^^^^^^^^^^^^^^^^^^^^^^^^^^^^^^^^^^^^^^^^^^^^^^^^^^^^^^^^^^^^^^^^^^^^
  File "/var/www/ezh-dev.ru/saver_bot/venv/lib/python3.12/site-packages/aiogram/dispatcher/router.py", line 153, in _wrapped
    return await self._propagate_event(
           ^^^^^^^^^^^^^^^^^^^^^^^^^^^^
  File "/var/www/ezh-dev.ru/saver_bot/venv/lib/python3.12/site-packages/aiogram/dispatcher/router.py", line 181, in _propagate_event
    response = await observer.trigger(event, **kwargs)
               ^^^^^^^^^^^^^^^^^^^^^^^^^^^^^^^^^^^^^^^
  File "/var/www/ezh-dev.ru/saver_bot/venv/lib/python3.12/site-packages/aiogram/dispatcher/event/telegram.py", line 126, in trigger
    return await wrapped_inner(event, kwargs)
           ^^^^^^^^^^^^^^^^^^^^^^^^^^^^^^^^^^
  File "/var/www/ezh-dev.ru/saver_bot/venv/lib/python3.12/site-packages/aiogram/dispatcher/event/handler.py", line 43, in call
    return await wrapped()
           ^^^^^^^^^^^^^^^
  File "/var/www/ezh-dev.ru/saver_bot/main/main.py", line 223, in edited_business_message
    await bot.send_message(user_id, f'🔏 {user_link} изменил текст:\n\nСтарый:\n```{old_text}```\n\nНовый:\n```{message.text or "(удален)"}```', parse_mode=ParseMode.MARKDOWN, disable_web_page_preview=True)
  File "/var/www/ezh-dev.ru/saver_bot/venv/lib/python3.12/site-packages/aiogram/client/bot.py", line 2925, in send_message
    return await self(call, request_timeout=request_timeout)
           ^^^^^^^^^^^^^^^^^^^^^^^^^^^^^^^^^^^^^^^^^^^^^^^^^
  File "/var/www/ezh-dev.ru/saver_bot/venv/lib/python3.12/site-packages/aiogram/client/bot.py", line 485, in __call__
    return await self.session(self, method, timeout=request_timeout)
           ^^^^^^^^^^^^^^^^^^^^^^^^^^^^^^^^^^^^^^^^^^^^^^^^^^^^^^^^^
  File "/var/www/ezh-dev.ru/saver_bot/venv/lib/python3.12/site-packages/aiogram/client/session/base.py", line 259, in __call__
    return cast(TelegramType, await middleware(bot, method))
                              ^^^^^^^^^^^^^^^^^^^^^^^^^^^^^
  File "/var/www/ezh-dev.ru/saver_bot/venv/lib/python3.12/site-packages/aiogram/client/session/aiohttp.py", line 177, in make_request
    response = self.check_response(
               ^^^^^^^^^^^^^^^^^^^^
  File "/var/www/ezh-dev.ru/saver_bot/venv/lib/python3.12/site-packages/aiogram/client/session/base.py", line 129, in check_response
    raise TelegramForbiddenError(method=method, message=description)
aiogram.exceptions.TelegramForbiddenError: Telegram server says - Forbidden: bot was blocked by the user
Cause exception while process update id=309626411 by bot id=8514363728
AttributeError: 'NoneType' object has no attribute 'split'
Traceback (most recent call last):
  File "/var/www/ezh-dev.ru/saver_bot/venv/lib/python3.12/site-packages/aiogram/dispatcher/dispatcher.py", line 320, in _process_update
    response = await self.feed_update(bot, update, **kwargs)
               ^^^^^^^^^^^^^^^^^^^^^^^^^^^^^^^^^^^^^^^^^^^^^
  File "/var/www/ezh-dev.ru/saver_bot/venv/lib/python3.12/site-packages/aiogram/dispatcher/dispatcher.py", line 164, in feed_update
    response = await self.update.wrap_outer_middleware(
               ^^^^^^^^^^^^^^^^^^^^^^^^^^^^^^^^^^^^^^^^
  File "/var/www/ezh-dev.ru/saver_bot/venv/lib/python3.12/site-packages/aiogram/dispatcher/middlewares/error.py", line 27, in __call__
    return await handler(event, data)
           ^^^^^^^^^^^^^^^^^^^^^^^^^^
  File "/var/www/ezh-dev.ru/saver_bot/venv/lib/python3.12/site-packages/aiogram/dispatcher/middlewares/user_context.py", line 58, in __call__
    return await handler(event, data)
           ^^^^^^^^^^^^^^^^^^^^^^^^^^
  File "/var/www/ezh-dev.ru/saver_bot/venv/lib/python3.12/site-packages/aiogram/fsm/middleware.py", line 43, in __call__
    return await handler(event, data)
           ^^^^^^^^^^^^^^^^^^^^^^^^^^
  File "/var/www/ezh-dev.ru/saver_bot/venv/lib/python3.12/site-packages/aiogram/dispatcher/event/telegram.py", line 126, in trigger
    return await wrapped_inner(event, kwargs)
           ^^^^^^^^^^^^^^^^^^^^^^^^^^^^^^^^^^
  File "/var/www/ezh-dev.ru/saver_bot/venv/lib/python3.12/site-packages/aiogram/dispatcher/event/handler.py", line 43, in call
    return await wrapped()
           ^^^^^^^^^^^^^^^
  File "/var/www/ezh-dev.ru/saver_bot/venv/lib/python3.12/site-packages/aiogram/dispatcher/dispatcher.py", line 283, in _listen_update
    return await self.propagate_event(update_type=update_type, event=event, **kwargs)
           ^^^^^^^^^^^^^^^^^^^^^^^^^^^^^^^^^^^^^^^^^^^^^^^^^^^^^^^^^^^^^^^^^^^^^^^^^^
  File "/var/www/ezh-dev.ru/saver_bot/venv/lib/python3.12/site-packages/aiogram/dispatcher/router.py", line 161, in propagate_event
    return await observer.wrap_outer_middleware(_wrapped, event=event, data=kwargs)
           ^^^^^^^^^^^^^^^^^^^^^^^^^^^^^^^^^^^^^^^^^^^^^^^^^^^^^^^^^^^^^^^^^^^^^^^^
  File "/var/www/ezh-dev.ru/saver_bot/venv/lib/python3.12/site-packages/aiogram/dispatcher/router.py", line 153, in _wrapped
    return await self._propagate_event(
           ^^^^^^^^^^^^^^^^^^^^^^^^^^^^
  File "/var/www/ezh-dev.ru/saver_bot/venv/lib/python3.12/site-packages/aiogram/dispatcher/router.py", line 189, in _propagate_event
    response = await router.propagate_event(update_type=update_type, event=event, **kwargs)
               ^^^^^^^^^^^^^^^^^^^^^^^^^^^^^^^^^^^^^^^^^^^^^^^^^^^^^^^^^^^^^^^^^^^^^^^^^^^^
  File "/var/www/ezh-dev.ru/saver_bot/venv/lib/python3.12/site-packages/aiogram/dispatcher/router.py", line 161, in propagate_event
    return await observer.wrap_outer_middleware(_wrapped, event=event, data=kwargs)
           ^^^^^^^^^^^^^^^^^^^^^^^^^^^^^^^^^^^^^^^^^^^^^^^^^^^^^^^^^^^^^^^^^^^^^^^^
  File "/var/www/ezh-dev.ru/saver_bot/venv/lib/python3.12/site-packages/aiogram/dispatcher/router.py", line 153, in _wrapped
    return await self._propagate_event(
           ^^^^^^^^^^^^^^^^^^^^^^^^^^^^
  File "/var/www/ezh-dev.ru/saver_bot/venv/lib/python3.12/site-packages/aiogram/dispatcher/router.py", line 181, in _propagate_event
    response = await observer.trigger(event, **kwargs)
               ^^^^^^^^^^^^^^^^^^^^^^^^^^^^^^^^^^^^^^^
  File "/var/www/ezh-dev.ru/saver_bot/venv/lib/python3.12/site-packages/aiogram/dispatcher/event/telegram.py", line 126, in trigger
    return await wrapped_inner(event, kwargs)
           ^^^^^^^^^^^^^^^^^^^^^^^^^^^^^^^^^^
  File "/var/www/ezh-dev.ru/saver_bot/venv/lib/python3.12/site-packages/aiogram/dispatcher/event/handler.py", line 43, in call
    return await wrapped()
           ^^^^^^^^^^^^^^^
  File "/var/www/ezh-dev.ru/saver_bot/main/main.py", line 173, in start
    text = message.text.split('.влад')[1]
           ^^^^^^^^^^^^^^^^^^
AttributeError: 'NoneType' object has no attribute 'split'
Cause exception while process update id=309626478 by bot id=8514363728
TelegramForbiddenError: Telegram server says - Forbidden: bot was blocked by the user
Traceback (most recent call last):
  File "/var/www/ezh-dev.ru/saver_bot/venv/lib/python3.12/site-packages/aiogram/dispatcher/dispatcher.py", line 320, in _process_update
    response = await self.feed_update(bot, update, **kwargs)
               ^^^^^^^^^^^^^^^^^^^^^^^^^^^^^^^^^^^^^^^^^^^^^
  File "/var/www/ezh-dev.ru/saver_bot/venv/lib/python3.12/site-packages/aiogram/dispatcher/dispatcher.py", line 164, in feed_update
    response = await self.update.wrap_outer_middleware(
               ^^^^^^^^^^^^^^^^^^^^^^^^^^^^^^^^^^^^^^^^
  File "/var/www/ezh-dev.ru/saver_bot/venv/lib/python3.12/site-packages/aiogram/dispatcher/middlewares/error.py", line 27, in __call__
    return await handler(event, data)
           ^^^^^^^^^^^^^^^^^^^^^^^^^^
  File "/var/www/ezh-dev.ru/saver_bot/venv/lib/python3.12/site-packages/aiogram/dispatcher/middlewares/user_context.py", line 58, in __call__
    return await handler(event, data)
           ^^^^^^^^^^^^^^^^^^^^^^^^^^
  File "/var/www/ezh-dev.ru/saver_bot/venv/lib/python3.12/site-packages/aiogram/fsm/middleware.py", line 43, in __call__
    return await handler(event, data)
           ^^^^^^^^^^^^^^^^^^^^^^^^^^
  File "/var/www/ezh-dev.ru/saver_bot/venv/lib/python3.12/site-packages/aiogram/dispatcher/event/telegram.py", line 126, in trigger
    return await wrapped_inner(event, kwargs)
           ^^^^^^^^^^^^^^^^^^^^^^^^^^^^^^^^^^
  File "/var/www/ezh-dev.ru/saver_bot/venv/lib/python3.12/site-packages/aiogram/dispatcher/event/handler.py", line 43, in call
    return await wrapped()
           ^^^^^^^^^^^^^^^
  File "/var/www/ezh-dev.ru/saver_bot/venv/lib/python3.12/site-packages/aiogram/dispatcher/dispatcher.py", line 283, in _listen_update
    return await self.propagate_event(update_type=update_type, event=event, **kwargs)
           ^^^^^^^^^^^^^^^^^^^^^^^^^^^^^^^^^^^^^^^^^^^^^^^^^^^^^^^^^^^^^^^^^^^^^^^^^^
  File "/var/www/ezh-dev.ru/saver_bot/venv/lib/python3.12/site-packages/aiogram/dispatcher/router.py", line 161, in propagate_event
    return await observer.wrap_outer_middleware(_wrapped, event=event, data=kwargs)
           ^^^^^^^^^^^^^^^^^^^^^^^^^^^^^^^^^^^^^^^^^^^^^^^^^^^^^^^^^^^^^^^^^^^^^^^^
  File "/var/www/ezh-dev.ru/saver_bot/venv/lib/python3.12/site-packages/aiogram/dispatcher/router.py", line 153, in _wrapped
    return await self._propagate_event(
           ^^^^^^^^^^^^^^^^^^^^^^^^^^^^
  File "/var/www/ezh-dev.ru/saver_bot/venv/lib/python3.12/site-packages/aiogram/dispatcher/router.py", line 189, in _propagate_event
    response = await router.propagate_event(update_type=update_type, event=event, **kwargs)
               ^^^^^^^^^^^^^^^^^^^^^^^^^^^^^^^^^^^^^^^^^^^^^^^^^^^^^^^^^^^^^^^^^^^^^^^^^^^^
  File "/var/www/ezh-dev.ru/saver_bot/venv/lib/python3.12/site-packages/aiogram/dispatcher/router.py", line 161, in propagate_event
    return await observer.wrap_outer_middleware(_wrapped, event=event, data=kwargs)
           ^^^^^^^^^^^^^^^^^^^^^^^^^^^^^^^^^^^^^^^^^^^^^^^^^^^^^^^^^^^^^^^^^^^^^^^^
  File "/var/www/ezh-dev.ru/saver_bot/venv/lib/python3.12/site-packages/aiogram/dispatcher/router.py", line 153, in _wrapped
    return await self._propagate_event(
           ^^^^^^^^^^^^^^^^^^^^^^^^^^^^
  File "/var/www/ezh-dev.ru/saver_bot/venv/lib/python3.12/site-packages/aiogram/dispatcher/router.py", line 181, in _propagate_event
    response = await observer.trigger(event, **kwargs)
               ^^^^^^^^^^^^^^^^^^^^^^^^^^^^^^^^^^^^^^^
  File "/var/www/ezh-dev.ru/saver_bot/venv/lib/python3.12/site-packages/aiogram/dispatcher/event/telegram.py", line 126, in trigger
    return await wrapped_inner(event, kwargs)
           ^^^^^^^^^^^^^^^^^^^^^^^^^^^^^^^^^^
  File "/var/www/ezh-dev.ru/saver_bot/venv/lib/python3.12/site-packages/aiogram/dispatcher/event/handler.py", line 43, in call
    return await wrapped()
           ^^^^^^^^^^^^^^^
  File "/var/www/ezh-dev.ru/saver_bot/main/main.py", line 223, in edited_business_message
    await bot.send_message(user_id, f'🔏 {user_link} изменил текст:\n\nСтарый:\n```{old_text}```\n\nНовый:\n```{message.text or "(удален)"}```', parse_mode=ParseMode.MARKDOWN, disable_web_page_preview=True)
  File "/var/www/ezh-dev.ru/saver_bot/venv/lib/python3.12/site-packages/aiogram/client/bot.py", line 2925, in send_message
    return await self(call, request_timeout=request_timeout)
           ^^^^^^^^^^^^^^^^^^^^^^^^^^^^^^^^^^^^^^^^^^^^^^^^^
  File "/var/www/ezh-dev.ru/saver_bot/venv/lib/python3.12/site-packages/aiogram/client/bot.py", line 485, in __call__
    return await self.session(self, method, timeout=request_timeout)
           ^^^^^^^^^^^^^^^^^^^^^^^^^^^^^^^^^^^^^^^^^^^^^^^^^^^^^^^^^
  File "/var/www/ezh-dev.ru/saver_bot/venv/lib/python3.12/site-packages/aiogram/client/session/base.py", line 259, in __call__
    return cast(TelegramType, await middleware(bot, method))
                              ^^^^^^^^^^^^^^^^^^^^^^^^^^^^^
  File "/var/www/ezh-dev.ru/saver_bot/venv/lib/python3.12/site-packages/aiogram/client/session/aiohttp.py", line 177, in make_request
    response = self.check_response(
               ^^^^^^^^^^^^^^^^^^^^
  File "/var/www/ezh-dev.ru/saver_bot/venv/lib/python3.12/site-packages/aiogram/client/session/base.py", line 129, in check_response
    raise TelegramForbiddenError(method=method, message=description)
aiogram.exceptions.TelegramForbiddenError: Telegram server says - Forbidden: bot was blocked by the user
Cause exception while process update id=309626501 by bot id=8514363728
AttributeError: 'NoneType' object has no attribute 'split'
Traceback (most recent call last):
  File "/var/www/ezh-dev.ru/saver_bot/venv/lib/python3.12/site-packages/aiogram/dispatcher/dispatcher.py", line 320, in _process_update
    response = await self.feed_update(bot, update, **kwargs)
               ^^^^^^^^^^^^^^^^^^^^^^^^^^^^^^^^^^^^^^^^^^^^^
  File "/var/www/ezh-dev.ru/saver_bot/venv/lib/python3.12/site-packages/aiogram/dispatcher/dispatcher.py", line 164, in feed_update
    response = await self.update.wrap_outer_middleware(
               ^^^^^^^^^^^^^^^^^^^^^^^^^^^^^^^^^^^^^^^^
  File "/var/www/ezh-dev.ru/saver_bot/venv/lib/python3.12/site-packages/aiogram/dispatcher/middlewares/error.py", line 27, in __call__
    return await handler(event, data)
           ^^^^^^^^^^^^^^^^^^^^^^^^^^
  File "/var/www/ezh-dev.ru/saver_bot/venv/lib/python3.12/site-packages/aiogram/dispatcher/middlewares/user_context.py", line 58, in __call__
    return await handler(event, data)
           ^^^^^^^^^^^^^^^^^^^^^^^^^^
  File "/var/www/ezh-dev.ru/saver_bot/venv/lib/python3.12/site-packages/aiogram/fsm/middleware.py", line 43, in __call__
    return await handler(event, data)
           ^^^^^^^^^^^^^^^^^^^^^^^^^^
  File "/var/www/ezh-dev.ru/saver_bot/venv/lib/python3.12/site-packages/aiogram/dispatcher/event/telegram.py", line 126, in trigger
    return await wrapped_inner(event, kwargs)
           ^^^^^^^^^^^^^^^^^^^^^^^^^^^^^^^^^^
  File "/var/www/ezh-dev.ru/saver_bot/venv/lib/python3.12/site-packages/aiogram/dispatcher/event/handler.py", line 43, in call
    return await wrapped()
           ^^^^^^^^^^^^^^^
  File "/var/www/ezh-dev.ru/saver_bot/venv/lib/python3.12/site-packages/aiogram/dispatcher/dispatcher.py", line 283, in _listen_update
    return await self.propagate_event(update_type=update_type, event=event, **kwargs)
           ^^^^^^^^^^^^^^^^^^^^^^^^^^^^^^^^^^^^^^^^^^^^^^^^^^^^^^^^^^^^^^^^^^^^^^^^^^
  File "/var/www/ezh-dev.ru/saver_bot/venv/lib/python3.12/site-packages/aiogram/dispatcher/router.py", line 161, in propagate_event
    return await observer.wrap_outer_middleware(_wrapped, event=event, data=kwargs)
           ^^^^^^^^^^^^^^^^^^^^^^^^^^^^^^^^^^^^^^^^^^^^^^^^^^^^^^^^^^^^^^^^^^^^^^^^
  File "/var/www/ezh-dev.ru/saver_bot/venv/lib/python3.12/site-packages/aiogram/dispatcher/router.py", line 153, in _wrapped
    return await self._propagate_event(
           ^^^^^^^^^^^^^^^^^^^^^^^^^^^^
  File "/var/www/ezh-dev.ru/saver_bot/venv/lib/python3.12/site-packages/aiogram/dispatcher/router.py", line 189, in _propagate_event
    response = await router.propagate_event(update_type=update_type, event=event, **kwargs)
               ^^^^^^^^^^^^^^^^^^^^^^^^^^^^^^^^^^^^^^^^^^^^^^^^^^^^^^^^^^^^^^^^^^^^^^^^^^^^
  File "/var/www/ezh-dev.ru/saver_bot/venv/lib/python3.12/site-packages/aiogram/dispatcher/router.py", line 161, in propagate_event
    return await observer.wrap_outer_middleware(_wrapped, event=event, data=kwargs)
           ^^^^^^^^^^^^^^^^^^^^^^^^^^^^^^^^^^^^^^^^^^^^^^^^^^^^^^^^^^^^^^^^^^^^^^^^
  File "/var/www/ezh-dev.ru/saver_bot/venv/lib/python3.12/site-packages/aiogram/dispatcher/router.py", line 153, in _wrapped
    return await self._propagate_event(
           ^^^^^^^^^^^^^^^^^^^^^^^^^^^^
  File "/var/www/ezh-dev.ru/saver_bot/venv/lib/python3.12/site-packages/aiogram/dispatcher/router.py", line 181, in _propagate_event
    response = await observer.trigger(event, **kwargs)
               ^^^^^^^^^^^^^^^^^^^^^^^^^^^^^^^^^^^^^^^
  File "/var/www/ezh-dev.ru/saver_bot/venv/lib/python3.12/site-packages/aiogram/dispatcher/event/telegram.py", line 126, in trigger
    return await wrapped_inner(event, kwargs)
           ^^^^^^^^^^^^^^^^^^^^^^^^^^^^^^^^^^
  File "/var/www/ezh-dev.ru/saver_bot/venv/lib/python3.12/site-packages/aiogram/dispatcher/event/handler.py", line 43, in call
    return await wrapped()
           ^^^^^^^^^^^^^^^
  File "/var/www/ezh-dev.ru/saver_bot/main/main.py", line 173, in start
    text = message.text.split('.влад')[1]
           ^^^^^^^^^^^^^^^^^^
AttributeError: 'NoneType' object has no attribute 'split'
Cause exception while process update id=309626502 by bot id=8514363728
AttributeError: 'NoneType' object has no attribute 'split'
Traceback (most recent call last):
  File "/var/www/ezh-dev.ru/saver_bot/venv/lib/python3.12/site-packages/aiogram/dispatcher/dispatcher.py", line 320, in _process_update
    response = await self.feed_update(bot, update, **kwargs)
               ^^^^^^^^^^^^^^^^^^^^^^^^^^^^^^^^^^^^^^^^^^^^^
  File "/var/www/ezh-dev.ru/saver_bot/venv/lib/python3.12/site-packages/aiogram/dispatcher/dispatcher.py", line 164, in feed_update
    response = await self.update.wrap_outer_middleware(
               ^^^^^^^^^^^^^^^^^^^^^^^^^^^^^^^^^^^^^^^^
  File "/var/www/ezh-dev.ru/saver_bot/venv/lib/python3.12/site-packages/aiogram/dispatcher/middlewares/error.py", line 27, in __call__
    return await handler(event, data)
           ^^^^^^^^^^^^^^^^^^^^^^^^^^
  File "/var/www/ezh-dev.ru/saver_bot/venv/lib/python3.12/site-packages/aiogram/dispatcher/middlewares/user_context.py", line 58, in __call__
    return await handler(event, data)
           ^^^^^^^^^^^^^^^^^^^^^^^^^^
  File "/var/www/ezh-dev.ru/saver_bot/venv/lib/python3.12/site-packages/aiogram/fsm/middleware.py", line 43, in __call__
    return await handler(event, data)
           ^^^^^^^^^^^^^^^^^^^^^^^^^^
  File "/var/www/ezh-dev.ru/saver_bot/venv/lib/python3.12/site-packages/aiogram/dispatcher/event/telegram.py", line 126, in trigger
    return await wrapped_inner(event, kwargs)
           ^^^^^^^^^^^^^^^^^^^^^^^^^^^^^^^^^^
  File "/var/www/ezh-dev.ru/saver_bot/venv/lib/python3.12/site-packages/aiogram/dispatcher/event/handler.py", line 43, in call
    return await wrapped()
           ^^^^^^^^^^^^^^^
  File "/var/www/ezh-dev.ru/saver_bot/venv/lib/python3.12/site-packages/aiogram/dispatcher/dispatcher.py", line 283, in _listen_update
    return await self.propagate_event(update_type=update_type, event=event, **kwargs)
           ^^^^^^^^^^^^^^^^^^^^^^^^^^^^^^^^^^^^^^^^^^^^^^^^^^^^^^^^^^^^^^^^^^^^^^^^^^
  File "/var/www/ezh-dev.ru/saver_bot/venv/lib/python3.12/site-packages/aiogram/dispatcher/router.py", line 161, in propagate_event
    return await observer.wrap_outer_middleware(_wrapped, event=event, data=kwargs)
           ^^^^^^^^^^^^^^^^^^^^^^^^^^^^^^^^^^^^^^^^^^^^^^^^^^^^^^^^^^^^^^^^^^^^^^^^
  File "/var/www/ezh-dev.ru/saver_bot/venv/lib/python3.12/site-packages/aiogram/dispatcher/router.py", line 153, in _wrapped
    return await self._propagate_event(
           ^^^^^^^^^^^^^^^^^^^^^^^^^^^^
  File "/var/www/ezh-dev.ru/saver_bot/venv/lib/python3.12/site-packages/aiogram/dispatcher/router.py", line 189, in _propagate_event
    response = await router.propagate_event(update_type=update_type, event=event, **kwargs)
               ^^^^^^^^^^^^^^^^^^^^^^^^^^^^^^^^^^^^^^^^^^^^^^^^^^^^^^^^^^^^^^^^^^^^^^^^^^^^
  File "/var/www/ezh-dev.ru/saver_bot/venv/lib/python3.12/site-packages/aiogram/dispatcher/router.py", line 161, in propagate_event
    return await observer.wrap_outer_middleware(_wrapped, event=event, data=kwargs)
           ^^^^^^^^^^^^^^^^^^^^^^^^^^^^^^^^^^^^^^^^^^^^^^^^^^^^^^^^^^^^^^^^^^^^^^^^
  File "/var/www/ezh-dev.ru/saver_bot/venv/lib/python3.12/site-packages/aiogram/dispatcher/router.py", line 153, in _wrapped
    return await self._propagate_event(
           ^^^^^^^^^^^^^^^^^^^^^^^^^^^^
  File "/var/www/ezh-dev.ru/saver_bot/venv/lib/python3.12/site-packages/aiogram/dispatcher/router.py", line 181, in _propagate_event
    response = await observer.trigger(event, **kwargs)
               ^^^^^^^^^^^^^^^^^^^^^^^^^^^^^^^^^^^^^^^
  File "/var/www/ezh-dev.ru/saver_bot/venv/lib/python3.12/site-packages/aiogram/dispatcher/event/telegram.py", line 126, in trigger
    return await wrapped_inner(event, kwargs)
           ^^^^^^^^^^^^^^^^^^^^^^^^^^^^^^^^^^
  File "/var/www/ezh-dev.ru/saver_bot/venv/lib/python3.12/site-packages/aiogram/dispatcher/event/handler.py", line 43, in call
    return await wrapped()
           ^^^^^^^^^^^^^^^
  File "/var/www/ezh-dev.ru/saver_bot/main/main.py", line 173, in start
    text = message.text.split('.влад')[1]
           ^^^^^^^^^^^^^^^^^^
AttributeError: 'NoneType' object has no attribute 'split'
Cause exception while process update id=309626530 by bot id=8514363728
AttributeError: 'NoneType' object has no attribute 'split'
Traceback (most recent call last):
  File "/var/www/ezh-dev.ru/saver_bot/venv/lib/python3.12/site-packages/aiogram/dispatcher/dispatcher.py", line 320, in _process_update
    response = await self.feed_update(bot, update, **kwargs)
               ^^^^^^^^^^^^^^^^^^^^^^^^^^^^^^^^^^^^^^^^^^^^^
  File "/var/www/ezh-dev.ru/saver_bot/venv/lib/python3.12/site-packages/aiogram/dispatcher/dispatcher.py", line 164, in feed_update
    response = await self.update.wrap_outer_middleware(
               ^^^^^^^^^^^^^^^^^^^^^^^^^^^^^^^^^^^^^^^^
  File "/var/www/ezh-dev.ru/saver_bot/venv/lib/python3.12/site-packages/aiogram/dispatcher/middlewares/error.py", line 27, in __call__
    return await handler(event, data)
           ^^^^^^^^^^^^^^^^^^^^^^^^^^
  File "/var/www/ezh-dev.ru/saver_bot/venv/lib/python3.12/site-packages/aiogram/dispatcher/middlewares/user_context.py", line 58, in __call__
    return await handler(event, data)
           ^^^^^^^^^^^^^^^^^^^^^^^^^^
  File "/var/www/ezh-dev.ru/saver_bot/venv/lib/python3.12/site-packages/aiogram/fsm/middleware.py", line 43, in __call__
    return await handler(event, data)
           ^^^^^^^^^^^^^^^^^^^^^^^^^^
  File "/var/www/ezh-dev.ru/saver_bot/venv/lib/python3.12/site-packages/aiogram/dispatcher/event/telegram.py", line 126, in trigger
    return await wrapped_inner(event, kwargs)
           ^^^^^^^^^^^^^^^^^^^^^^^^^^^^^^^^^^
  File "/var/www/ezh-dev.ru/saver_bot/venv/lib/python3.12/site-packages/aiogram/dispatcher/event/handler.py", line 43, in call
    return await wrapped()
           ^^^^^^^^^^^^^^^
  File "/var/www/ezh-dev.ru/saver_bot/venv/lib/python3.12/site-packages/aiogram/dispatcher/dispatcher.py", line 283, in _listen_update
    return await self.propagate_event(update_type=update_type, event=event, **kwargs)
           ^^^^^^^^^^^^^^^^^^^^^^^^^^^^^^^^^^^^^^^^^^^^^^^^^^^^^^^^^^^^^^^^^^^^^^^^^^
  File "/var/www/ezh-dev.ru/saver_bot/venv/lib/python3.12/site-packages/aiogram/dispatcher/router.py", line 161, in propagate_event
    return await observer.wrap_outer_middleware(_wrapped, event=event, data=kwargs)
           ^^^^^^^^^^^^^^^^^^^^^^^^^^^^^^^^^^^^^^^^^^^^^^^^^^^^^^^^^^^^^^^^^^^^^^^^
  File "/var/www/ezh-dev.ru/saver_bot/venv/lib/python3.12/site-packages/aiogram/dispatcher/router.py", line 153, in _wrapped
    return await self._propagate_event(
           ^^^^^^^^^^^^^^^^^^^^^^^^^^^^
  File "/var/www/ezh-dev.ru/saver_bot/venv/lib/python3.12/site-packages/aiogram/dispatcher/router.py", line 189, in _propagate_event
    response = await router.propagate_event(update_type=update_type, event=event, **kwargs)
               ^^^^^^^^^^^^^^^^^^^^^^^^^^^^^^^^^^^^^^^^^^^^^^^^^^^^^^^^^^^^^^^^^^^^^^^^^^^^
  File "/var/www/ezh-dev.ru/saver_bot/venv/lib/python3.12/site-packages/aiogram/dispatcher/router.py", line 161, in propagate_event
    return await observer.wrap_outer_middleware(_wrapped, event=event, data=kwargs)
           ^^^^^^^^^^^^^^^^^^^^^^^^^^^^^^^^^^^^^^^^^^^^^^^^^^^^^^^^^^^^^^^^^^^^^^^^
  File "/var/www/ezh-dev.ru/saver_bot/venv/lib/python3.12/site-packages/aiogram/dispatcher/router.py", line 153, in _wrapped
    return await self._propagate_event(
           ^^^^^^^^^^^^^^^^^^^^^^^^^^^^
  File "/var/www/ezh-dev.ru/saver_bot/venv/lib/python3.12/site-packages/aiogram/dispatcher/router.py", line 181, in _propagate_event
    response = await observer.trigger(event, **kwargs)
               ^^^^^^^^^^^^^^^^^^^^^^^^^^^^^^^^^^^^^^^
  File "/var/www/ezh-dev.ru/saver_bot/venv/lib/python3.12/site-packages/aiogram/dispatcher/event/telegram.py", line 126, in trigger
    return await wrapped_inner(event, kwargs)
           ^^^^^^^^^^^^^^^^^^^^^^^^^^^^^^^^^^
  File "/var/www/ezh-dev.ru/saver_bot/venv/lib/python3.12/site-packages/aiogram/dispatcher/event/handler.py", line 43, in call
    return await wrapped()
           ^^^^^^^^^^^^^^^
  File "/var/www/ezh-dev.ru/saver_bot/main/main.py", line 173, in start
    text = message.text.split('.влад')[1]
           ^^^^^^^^^^^^^^^^^^
AttributeError: 'NoneType' object has no attribute 'split'
Cause exception while process update id=309626614 by bot id=8514363728
AttributeError: 'NoneType' object has no attribute 'split'
Traceback (most recent call last):
  File "/var/www/ezh-dev.ru/saver_bot/venv/lib/python3.12/site-packages/aiogram/dispatcher/dispatcher.py", line 320, in _process_update
    response = await self.feed_update(bot, update, **kwargs)
               ^^^^^^^^^^^^^^^^^^^^^^^^^^^^^^^^^^^^^^^^^^^^^
  File "/var/www/ezh-dev.ru/saver_bot/venv/lib/python3.12/site-packages/aiogram/dispatcher/dispatcher.py", line 164, in feed_update
    response = await self.update.wrap_outer_middleware(
               ^^^^^^^^^^^^^^^^^^^^^^^^^^^^^^^^^^^^^^^^
  File "/var/www/ezh-dev.ru/saver_bot/venv/lib/python3.12/site-packages/aiogram/dispatcher/middlewares/error.py", line 27, in __call__
    return await handler(event, data)
           ^^^^^^^^^^^^^^^^^^^^^^^^^^
  File "/var/www/ezh-dev.ru/saver_bot/venv/lib/python3.12/site-packages/aiogram/dispatcher/middlewares/user_context.py", line 58, in __call__
    return await handler(event, data)
           ^^^^^^^^^^^^^^^^^^^^^^^^^^
  File "/var/www/ezh-dev.ru/saver_bot/venv/lib/python3.12/site-packages/aiogram/fsm/middleware.py", line 43, in __call__
    return await handler(event, data)
           ^^^^^^^^^^^^^^^^^^^^^^^^^^
  File "/var/www/ezh-dev.ru/saver_bot/venv/lib/python3.12/site-packages/aiogram/dispatcher/event/telegram.py", line 126, in trigger
    return await wrapped_inner(event, kwargs)
           ^^^^^^^^^^^^^^^^^^^^^^^^^^^^^^^^^^
  File "/var/www/ezh-dev.ru/saver_bot/venv/lib/python3.12/site-packages/aiogram/dispatcher/event/handler.py", line 43, in call
    return await wrapped()
           ^^^^^^^^^^^^^^^
  File "/var/www/ezh-dev.ru/saver_bot/venv/lib/python3.12/site-packages/aiogram/dispatcher/dispatcher.py", line 283, in _listen_update
    return await self.propagate_event(update_type=update_type, event=event, **kwargs)
           ^^^^^^^^^^^^^^^^^^^^^^^^^^^^^^^^^^^^^^^^^^^^^^^^^^^^^^^^^^^^^^^^^^^^^^^^^^
  File "/var/www/ezh-dev.ru/saver_bot/venv/lib/python3.12/site-packages/aiogram/dispatcher/router.py", line 161, in propagate_event
    return await observer.wrap_outer_middleware(_wrapped, event=event, data=kwargs)
           ^^^^^^^^^^^^^^^^^^^^^^^^^^^^^^^^^^^^^^^^^^^^^^^^^^^^^^^^^^^^^^^^^^^^^^^^
  File "/var/www/ezh-dev.ru/saver_bot/venv/lib/python3.12/site-packages/aiogram/dispatcher/router.py", line 153, in _wrapped
    return await self._propagate_event(
           ^^^^^^^^^^^^^^^^^^^^^^^^^^^^
  File "/var/www/ezh-dev.ru/saver_bot/venv/lib/python3.12/site-packages/aiogram/dispatcher/router.py", line 189, in _propagate_event
    response = await router.propagate_event(update_type=update_type, event=event, **kwargs)
               ^^^^^^^^^^^^^^^^^^^^^^^^^^^^^^^^^^^^^^^^^^^^^^^^^^^^^^^^^^^^^^^^^^^^^^^^^^^^
  File "/var/www/ezh-dev.ru/saver_bot/venv/lib/python3.12/site-packages/aiogram/dispatcher/router.py", line 161, in propagate_event
    return await observer.wrap_outer_middleware(_wrapped, event=event, data=kwargs)
           ^^^^^^^^^^^^^^^^^^^^^^^^^^^^^^^^^^^^^^^^^^^^^^^^^^^^^^^^^^^^^^^^^^^^^^^^
  File "/var/www/ezh-dev.ru/saver_bot/venv/lib/python3.12/site-packages/aiogram/dispatcher/router.py", line 153, in _wrapped
    return await self._propagate_event(
           ^^^^^^^^^^^^^^^^^^^^^^^^^^^^
  File "/var/www/ezh-dev.ru/saver_bot/venv/lib/python3.12/site-packages/aiogram/dispatcher/router.py", line 181, in _propagate_event
    response = await observer.trigger(event, **kwargs)
               ^^^^^^^^^^^^^^^^^^^^^^^^^^^^^^^^^^^^^^^
  File "/var/www/ezh-dev.ru/saver_bot/venv/lib/python3.12/site-packages/aiogram/dispatcher/event/telegram.py", line 126, in trigger
    return await wrapped_inner(event, kwargs)
           ^^^^^^^^^^^^^^^^^^^^^^^^^^^^^^^^^^
  File "/var/www/ezh-dev.ru/saver_bot/venv/lib/python3.12/site-packages/aiogram/dispatcher/event/handler.py", line 43, in call
    return await wrapped()
           ^^^^^^^^^^^^^^^
  File "/var/www/ezh-dev.ru/saver_bot/main/main.py", line 173, in start
    text = message.text.split('.влад')[1]
           ^^^^^^^^^^^^^^^^^^
AttributeError: 'NoneType' object has no attribute 'split'
Cause exception while process update id=309626616 by bot id=8514363728
AttributeError: 'NoneType' object has no attribute 'split'
Traceback (most recent call last):
  File "/var/www/ezh-dev.ru/saver_bot/venv/lib/python3.12/site-packages/aiogram/dispatcher/dispatcher.py", line 320, in _process_update
    response = await self.feed_update(bot, update, **kwargs)
               ^^^^^^^^^^^^^^^^^^^^^^^^^^^^^^^^^^^^^^^^^^^^^
  File "/var/www/ezh-dev.ru/saver_bot/venv/lib/python3.12/site-packages/aiogram/dispatcher/dispatcher.py", line 164, in feed_update
    response = await self.update.wrap_outer_middleware(
               ^^^^^^^^^^^^^^^^^^^^^^^^^^^^^^^^^^^^^^^^
  File "/var/www/ezh-dev.ru/saver_bot/venv/lib/python3.12/site-packages/aiogram/dispatcher/middlewares/error.py", line 27, in __call__
    return await handler(event, data)
           ^^^^^^^^^^^^^^^^^^^^^^^^^^
  File "/var/www/ezh-dev.ru/saver_bot/venv/lib/python3.12/site-packages/aiogram/dispatcher/middlewares/user_context.py", line 58, in __call__
    return await handler(event, data)
           ^^^^^^^^^^^^^^^^^^^^^^^^^^
  File "/var/www/ezh-dev.ru/saver_bot/venv/lib/python3.12/site-packages/aiogram/fsm/middleware.py", line 43, in __call__
    return await handler(event, data)
           ^^^^^^^^^^^^^^^^^^^^^^^^^^
  File "/var/www/ezh-dev.ru/saver_bot/venv/lib/python3.12/site-packages/aiogram/dispatcher/event/telegram.py", line 126, in trigger
    return await wrapped_inner(event, kwargs)
           ^^^^^^^^^^^^^^^^^^^^^^^^^^^^^^^^^^
  File "/var/www/ezh-dev.ru/saver_bot/venv/lib/python3.12/site-packages/aiogram/dispatcher/event/handler.py", line 43, in call
    return await wrapped()
           ^^^^^^^^^^^^^^^
  File "/var/www/ezh-dev.ru/saver_bot/venv/lib/python3.12/site-packages/aiogram/dispatcher/dispatcher.py", line 283, in _listen_update
    return await self.propagate_event(update_type=update_type, event=event, **kwargs)
           ^^^^^^^^^^^^^^^^^^^^^^^^^^^^^^^^^^^^^^^^^^^^^^^^^^^^^^^^^^^^^^^^^^^^^^^^^^
  File "/var/www/ezh-dev.ru/saver_bot/venv/lib/python3.12/site-packages/aiogram/dispatcher/router.py", line 161, in propagate_event
    return await observer.wrap_outer_middleware(_wrapped, event=event, data=kwargs)
           ^^^^^^^^^^^^^^^^^^^^^^^^^^^^^^^^^^^^^^^^^^^^^^^^^^^^^^^^^^^^^^^^^^^^^^^^
  File "/var/www/ezh-dev.ru/saver_bot/venv/lib/python3.12/site-packages/aiogram/dispatcher/router.py", line 153, in _wrapped
    return await self._propagate_event(
           ^^^^^^^^^^^^^^^^^^^^^^^^^^^^
  File "/var/www/ezh-dev.ru/saver_bot/venv/lib/python3.12/site-packages/aiogram/dispatcher/router.py", line 189, in _propagate_event
    response = await router.propagate_event(update_type=update_type, event=event, **kwargs)
               ^^^^^^^^^^^^^^^^^^^^^^^^^^^^^^^^^^^^^^^^^^^^^^^^^^^^^^^^^^^^^^^^^^^^^^^^^^^^
  File "/var/www/ezh-dev.ru/saver_bot/venv/lib/python3.12/site-packages/aiogram/dispatcher/router.py", line 161, in propagate_event
    return await observer.wrap_outer_middleware(_wrapped, event=event, data=kwargs)
           ^^^^^^^^^^^^^^^^^^^^^^^^^^^^^^^^^^^^^^^^^^^^^^^^^^^^^^^^^^^^^^^^^^^^^^^^
  File "/var/www/ezh-dev.ru/saver_bot/venv/lib/python3.12/site-packages/aiogram/dispatcher/router.py", line 153, in _wrapped
    return await self._propagate_event(
           ^^^^^^^^^^^^^^^^^^^^^^^^^^^^
  File "/var/www/ezh-dev.ru/saver_bot/venv/lib/python3.12/site-packages/aiogram/dispatcher/router.py", line 181, in _propagate_event
    response = await observer.trigger(event, **kwargs)
               ^^^^^^^^^^^^^^^^^^^^^^^^^^^^^^^^^^^^^^^
  File "/var/www/ezh-dev.ru/saver_bot/venv/lib/python3.12/site-packages/aiogram/dispatcher/event/telegram.py", line 126, in trigger
    return await wrapped_inner(event, kwargs)
           ^^^^^^^^^^^^^^^^^^^^^^^^^^^^^^^^^^
  File "/var/www/ezh-dev.ru/saver_bot/venv/lib/python3.12/site-packages/aiogram/dispatcher/event/handler.py", line 43, in call
    return await wrapped()
           ^^^^^^^^^^^^^^^
  File "/var/www/ezh-dev.ru/saver_bot/main/main.py", line 173, in start
    text = message.text.split('.влад')[1]
           ^^^^^^^^^^^^^^^^^^
AttributeError: 'NoneType' object has no attribute 'split'
Cause exception while process update id=309626688 by bot id=8514363728
AttributeError: 'NoneType' object has no attribute 'split'
Traceback (most recent call last):
  File "/var/www/ezh-dev.ru/saver_bot/venv/lib/python3.12/site-packages/aiogram/dispatcher/dispatcher.py", line 320, in _process_update
    response = await self.feed_update(bot, update, **kwargs)
               ^^^^^^^^^^^^^^^^^^^^^^^^^^^^^^^^^^^^^^^^^^^^^
  File "/var/www/ezh-dev.ru/saver_bot/venv/lib/python3.12/site-packages/aiogram/dispatcher/dispatcher.py", line 164, in feed_update
    response = await self.update.wrap_outer_middleware(
               ^^^^^^^^^^^^^^^^^^^^^^^^^^^^^^^^^^^^^^^^
  File "/var/www/ezh-dev.ru/saver_bot/venv/lib/python3.12/site-packages/aiogram/dispatcher/middlewares/error.py", line 27, in __call__
    return await handler(event, data)
           ^^^^^^^^^^^^^^^^^^^^^^^^^^
  File "/var/www/ezh-dev.ru/saver_bot/venv/lib/python3.12/site-packages/aiogram/dispatcher/middlewares/user_context.py", line 58, in __call__
    return await handler(event, data)
           ^^^^^^^^^^^^^^^^^^^^^^^^^^
  File "/var/www/ezh-dev.ru/saver_bot/venv/lib/python3.12/site-packages/aiogram/fsm/middleware.py", line 43, in __call__
    return await handler(event, data)
           ^^^^^^^^^^^^^^^^^^^^^^^^^^
  File "/var/www/ezh-dev.ru/saver_bot/venv/lib/python3.12/site-packages/aiogram/dispatcher/event/telegram.py", line 126, in trigger
    return await wrapped_inner(event, kwargs)
           ^^^^^^^^^^^^^^^^^^^^^^^^^^^^^^^^^^
  File "/var/www/ezh-dev.ru/saver_bot/venv/lib/python3.12/site-packages/aiogram/dispatcher/event/handler.py", line 43, in call
    return await wrapped()
           ^^^^^^^^^^^^^^^
  File "/var/www/ezh-dev.ru/saver_bot/venv/lib/python3.12/site-packages/aiogram/dispatcher/dispatcher.py", line 283, in _listen_update
    return await self.propagate_event(update_type=update_type, event=event, **kwargs)
           ^^^^^^^^^^^^^^^^^^^^^^^^^^^^^^^^^^^^^^^^^^^^^^^^^^^^^^^^^^^^^^^^^^^^^^^^^^
  File "/var/www/ezh-dev.ru/saver_bot/venv/lib/python3.12/site-packages/aiogram/dispatcher/router.py", line 161, in propagate_event
    return await observer.wrap_outer_middleware(_wrapped, event=event, data=kwargs)
           ^^^^^^^^^^^^^^^^^^^^^^^^^^^^^^^^^^^^^^^^^^^^^^^^^^^^^^^^^^^^^^^^^^^^^^^^
  File "/var/www/ezh-dev.ru/saver_bot/venv/lib/python3.12/site-packages/aiogram/dispatcher/router.py", line 153, in _wrapped
    return await self._propagate_event(
           ^^^^^^^^^^^^^^^^^^^^^^^^^^^^
  File "/var/www/ezh-dev.ru/saver_bot/venv/lib/python3.12/site-packages/aiogram/dispatcher/router.py", line 189, in _propagate_event
    response = await router.propagate_event(update_type=update_type, event=event, **kwargs)
               ^^^^^^^^^^^^^^^^^^^^^^^^^^^^^^^^^^^^^^^^^^^^^^^^^^^^^^^^^^^^^^^^^^^^^^^^^^^^
  File "/var/www/ezh-dev.ru/saver_bot/venv/lib/python3.12/site-packages/aiogram/dispatcher/router.py", line 161, in propagate_event
    return await observer.wrap_outer_middleware(_wrapped, event=event, data=kwargs)
           ^^^^^^^^^^^^^^^^^^^^^^^^^^^^^^^^^^^^^^^^^^^^^^^^^^^^^^^^^^^^^^^^^^^^^^^^
  File "/var/www/ezh-dev.ru/saver_bot/venv/lib/python3.12/site-packages/aiogram/dispatcher/router.py", line 153, in _wrapped
    return await self._propagate_event(
           ^^^^^^^^^^^^^^^^^^^^^^^^^^^^
  File "/var/www/ezh-dev.ru/saver_bot/venv/lib/python3.12/site-packages/aiogram/dispatcher/router.py", line 181, in _propagate_event
    response = await observer.trigger(event, **kwargs)
               ^^^^^^^^^^^^^^^^^^^^^^^^^^^^^^^^^^^^^^^
  File "/var/www/ezh-dev.ru/saver_bot/venv/lib/python3.12/site-packages/aiogram/dispatcher/event/telegram.py", line 126, in trigger
    return await wrapped_inner(event, kwargs)
           ^^^^^^^^^^^^^^^^^^^^^^^^^^^^^^^^^^
  File "/var/www/ezh-dev.ru/saver_bot/venv/lib/python3.12/site-packages/aiogram/dispatcher/event/handler.py", line 43, in call
    return await wrapped()
           ^^^^^^^^^^^^^^^
  File "/var/www/ezh-dev.ru/saver_bot/main/main.py", line 173, in start
    text = message.text.split('.влад')[1]
           ^^^^^^^^^^^^^^^^^^
AttributeError: 'NoneType' object has no attribute 'split'
Cause exception while process update id=309626689 by bot id=8514363728
AttributeError: 'NoneType' object has no attribute 'split'
Traceback (most recent call last):
  File "/var/www/ezh-dev.ru/saver_bot/venv/lib/python3.12/site-packages/aiogram/dispatcher/dispatcher.py", line 320, in _process_update
    response = await self.feed_update(bot, update, **kwargs)
               ^^^^^^^^^^^^^^^^^^^^^^^^^^^^^^^^^^^^^^^^^^^^^
  File "/var/www/ezh-dev.ru/saver_bot/venv/lib/python3.12/site-packages/aiogram/dispatcher/dispatcher.py", line 164, in feed_update
    response = await self.update.wrap_outer_middleware(
               ^^^^^^^^^^^^^^^^^^^^^^^^^^^^^^^^^^^^^^^^
  File "/var/www/ezh-dev.ru/saver_bot/venv/lib/python3.12/site-packages/aiogram/dispatcher/middlewares/error.py", line 27, in __call__
    return await handler(event, data)
           ^^^^^^^^^^^^^^^^^^^^^^^^^^
  File "/var/www/ezh-dev.ru/saver_bot/venv/lib/python3.12/site-packages/aiogram/dispatcher/middlewares/user_context.py", line 58, in __call__
    return await handler(event, data)
           ^^^^^^^^^^^^^^^^^^^^^^^^^^
  File "/var/www/ezh-dev.ru/saver_bot/venv/lib/python3.12/site-packages/aiogram/fsm/middleware.py", line 43, in __call__
    return await handler(event, data)
           ^^^^^^^^^^^^^^^^^^^^^^^^^^
  File "/var/www/ezh-dev.ru/saver_bot/venv/lib/python3.12/site-packages/aiogram/dispatcher/event/telegram.py", line 126, in trigger
    return await wrapped_inner(event, kwargs)
           ^^^^^^^^^^^^^^^^^^^^^^^^^^^^^^^^^^
  File "/var/www/ezh-dev.ru/saver_bot/venv/lib/python3.12/site-packages/aiogram/dispatcher/event/handler.py", line 43, in call
    return await wrapped()
           ^^^^^^^^^^^^^^^
  File "/var/www/ezh-dev.ru/saver_bot/venv/lib/python3.12/site-packages/aiogram/dispatcher/dispatcher.py", line 283, in _listen_update
    return await self.propagate_event(update_type=update_type, event=event, **kwargs)
           ^^^^^^^^^^^^^^^^^^^^^^^^^^^^^^^^^^^^^^^^^^^^^^^^^^^^^^^^^^^^^^^^^^^^^^^^^^
  File "/var/www/ezh-dev.ru/saver_bot/venv/lib/python3.12/site-packages/aiogram/dispatcher/router.py", line 161, in propagate_event
    return await observer.wrap_outer_middleware(_wrapped, event=event, data=kwargs)
           ^^^^^^^^^^^^^^^^^^^^^^^^^^^^^^^^^^^^^^^^^^^^^^^^^^^^^^^^^^^^^^^^^^^^^^^^
  File "/var/www/ezh-dev.ru/saver_bot/venv/lib/python3.12/site-packages/aiogram/dispatcher/router.py", line 153, in _wrapped
    return await self._propagate_event(
           ^^^^^^^^^^^^^^^^^^^^^^^^^^^^
  File "/var/www/ezh-dev.ru/saver_bot/venv/lib/python3.12/site-packages/aiogram/dispatcher/router.py", line 189, in _propagate_event
    response = await router.propagate_event(update_type=update_type, event=event, **kwargs)
               ^^^^^^^^^^^^^^^^^^^^^^^^^^^^^^^^^^^^^^^^^^^^^^^^^^^^^^^^^^^^^^^^^^^^^^^^^^^^
  File "/var/www/ezh-dev.ru/saver_bot/venv/lib/python3.12/site-packages/aiogram/dispatcher/router.py", line 161, in propagate_event
    return await observer.wrap_outer_middleware(_wrapped, event=event, data=kwargs)
           ^^^^^^^^^^^^^^^^^^^^^^^^^^^^^^^^^^^^^^^^^^^^^^^^^^^^^^^^^^^^^^^^^^^^^^^^
  File "/var/www/ezh-dev.ru/saver_bot/venv/lib/python3.12/site-packages/aiogram/dispatcher/router.py", line 153, in _wrapped
    return await self._propagate_event(
           ^^^^^^^^^^^^^^^^^^^^^^^^^^^^
  File "/var/www/ezh-dev.ru/saver_bot/venv/lib/python3.12/site-packages/aiogram/dispatcher/router.py", line 181, in _propagate_event
    response = await observer.trigger(event, **kwargs)
               ^^^^^^^^^^^^^^^^^^^^^^^^^^^^^^^^^^^^^^^
  File "/var/www/ezh-dev.ru/saver_bot/venv/lib/python3.12/site-packages/aiogram/dispatcher/event/telegram.py", line 126, in trigger
    return await wrapped_inner(event, kwargs)
           ^^^^^^^^^^^^^^^^^^^^^^^^^^^^^^^^^^
  File "/var/www/ezh-dev.ru/saver_bot/venv/lib/python3.12/site-packages/aiogram/dispatcher/event/handler.py", line 43, in call
    return await wrapped()
           ^^^^^^^^^^^^^^^
  File "/var/www/ezh-dev.ru/saver_bot/main/main.py", line 173, in start
    text = message.text.split('.влад')[1]
           ^^^^^^^^^^^^^^^^^^
AttributeError: 'NoneType' object has no attribute 'split'
Cause exception while process update id=309626774 by bot id=8514363728
AttributeError: 'NoneType' object has no attribute 'split'
Traceback (most recent call last):
  File "/var/www/ezh-dev.ru/saver_bot/venv/lib/python3.12/site-packages/aiogram/dispatcher/dispatcher.py", line 320, in _process_update
    response = await self.feed_update(bot, update, **kwargs)
               ^^^^^^^^^^^^^^^^^^^^^^^^^^^^^^^^^^^^^^^^^^^^^
  File "/var/www/ezh-dev.ru/saver_bot/venv/lib/python3.12/site-packages/aiogram/dispatcher/dispatcher.py", line 164, in feed_update
    response = await self.update.wrap_outer_middleware(
               ^^^^^^^^^^^^^^^^^^^^^^^^^^^^^^^^^^^^^^^^
  File "/var/www/ezh-dev.ru/saver_bot/venv/lib/python3.12/site-packages/aiogram/dispatcher/middlewares/error.py", line 27, in __call__
    return await handler(event, data)
           ^^^^^^^^^^^^^^^^^^^^^^^^^^
  File "/var/www/ezh-dev.ru/saver_bot/venv/lib/python3.12/site-packages/aiogram/dispatcher/middlewares/user_context.py", line 58, in __call__
    return await handler(event, data)
           ^^^^^^^^^^^^^^^^^^^^^^^^^^
  File "/var/www/ezh-dev.ru/saver_bot/venv/lib/python3.12/site-packages/aiogram/fsm/middleware.py", line 43, in __call__
    return await handler(event, data)
           ^^^^^^^^^^^^^^^^^^^^^^^^^^
  File "/var/www/ezh-dev.ru/saver_bot/venv/lib/python3.12/site-packages/aiogram/dispatcher/event/telegram.py", line 126, in trigger
    return await wrapped_inner(event, kwargs)
           ^^^^^^^^^^^^^^^^^^^^^^^^^^^^^^^^^^
  File "/var/www/ezh-dev.ru/saver_bot/venv/lib/python3.12/site-packages/aiogram/dispatcher/event/handler.py", line 43, in call
    return await wrapped()
           ^^^^^^^^^^^^^^^
  File "/var/www/ezh-dev.ru/saver_bot/venv/lib/python3.12/site-packages/aiogram/dispatcher/dispatcher.py", line 283, in _listen_update
    return await self.propagate_event(update_type=update_type, event=event, **kwargs)
           ^^^^^^^^^^^^^^^^^^^^^^^^^^^^^^^^^^^^^^^^^^^^^^^^^^^^^^^^^^^^^^^^^^^^^^^^^^
  File "/var/www/ezh-dev.ru/saver_bot/venv/lib/python3.12/site-packages/aiogram/dispatcher/router.py", line 161, in propagate_event
    return await observer.wrap_outer_middleware(_wrapped, event=event, data=kwargs)
           ^^^^^^^^^^^^^^^^^^^^^^^^^^^^^^^^^^^^^^^^^^^^^^^^^^^^^^^^^^^^^^^^^^^^^^^^
  File "/var/www/ezh-dev.ru/saver_bot/venv/lib/python3.12/site-packages/aiogram/dispatcher/router.py", line 153, in _wrapped
    return await self._propagate_event(
           ^^^^^^^^^^^^^^^^^^^^^^^^^^^^
  File "/var/www/ezh-dev.ru/saver_bot/venv/lib/python3.12/site-packages/aiogram/dispatcher/router.py", line 189, in _propagate_event
    response = await router.propagate_event(update_type=update_type, event=event, **kwargs)
               ^^^^^^^^^^^^^^^^^^^^^^^^^^^^^^^^^^^^^^^^^^^^^^^^^^^^^^^^^^^^^^^^^^^^^^^^^^^^
  File "/var/www/ezh-dev.ru/saver_bot/venv/lib/python3.12/site-packages/aiogram/dispatcher/router.py", line 161, in propagate_event
    return await observer.wrap_outer_middleware(_wrapped, event=event, data=kwargs)
           ^^^^^^^^^^^^^^^^^^^^^^^^^^^^^^^^^^^^^^^^^^^^^^^^^^^^^^^^^^^^^^^^^^^^^^^^
  File "/var/www/ezh-dev.ru/saver_bot/venv/lib/python3.12/site-packages/aiogram/dispatcher/router.py", line 153, in _wrapped
    return await self._propagate_event(
           ^^^^^^^^^^^^^^^^^^^^^^^^^^^^
  File "/var/www/ezh-dev.ru/saver_bot/venv/lib/python3.12/site-packages/aiogram/dispatcher/router.py", line 181, in _propagate_event
    response = await observer.trigger(event, **kwargs)
               ^^^^^^^^^^^^^^^^^^^^^^^^^^^^^^^^^^^^^^^
  File "/var/www/ezh-dev.ru/saver_bot/venv/lib/python3.12/site-packages/aiogram/dispatcher/event/telegram.py", line 126, in trigger
    return await wrapped_inner(event, kwargs)
           ^^^^^^^^^^^^^^^^^^^^^^^^^^^^^^^^^^
  File "/var/www/ezh-dev.ru/saver_bot/venv/lib/python3.12/site-packages/aiogram/dispatcher/event/handler.py", line 43, in call
    return await wrapped()
           ^^^^^^^^^^^^^^^
  File "/var/www/ezh-dev.ru/saver_bot/main/main.py", line 173, in start
    text = message.text.split('.влад')[1]
           ^^^^^^^^^^^^^^^^^^
AttributeError: 'NoneType' object has no attribute 'split'
Cause exception while process update id=309626791 by bot id=8514363728
AttributeError: 'NoneType' object has no attribute 'split'
Traceback (most recent call last):
  File "/var/www/ezh-dev.ru/saver_bot/venv/lib/python3.12/site-packages/aiogram/dispatcher/dispatcher.py", line 320, in _process_update
    response = await self.feed_update(bot, update, **kwargs)
               ^^^^^^^^^^^^^^^^^^^^^^^^^^^^^^^^^^^^^^^^^^^^^
  File "/var/www/ezh-dev.ru/saver_bot/venv/lib/python3.12/site-packages/aiogram/dispatcher/dispatcher.py", line 164, in feed_update
    response = await self.update.wrap_outer_middleware(
               ^^^^^^^^^^^^^^^^^^^^^^^^^^^^^^^^^^^^^^^^
  File "/var/www/ezh-dev.ru/saver_bot/venv/lib/python3.12/site-packages/aiogram/dispatcher/middlewares/error.py", line 27, in __call__
    return await handler(event, data)
           ^^^^^^^^^^^^^^^^^^^^^^^^^^
  File "/var/www/ezh-dev.ru/saver_bot/venv/lib/python3.12/site-packages/aiogram/dispatcher/middlewares/user_context.py", line 58, in __call__
    return await handler(event, data)
           ^^^^^^^^^^^^^^^^^^^^^^^^^^
  File "/var/www/ezh-dev.ru/saver_bot/venv/lib/python3.12/site-packages/aiogram/fsm/middleware.py", line 43, in __call__
    return await handler(event, data)
           ^^^^^^^^^^^^^^^^^^^^^^^^^^
  File "/var/www/ezh-dev.ru/saver_bot/venv/lib/python3.12/site-packages/aiogram/dispatcher/event/telegram.py", line 126, in trigger
    return await wrapped_inner(event, kwargs)
           ^^^^^^^^^^^^^^^^^^^^^^^^^^^^^^^^^^
  File "/var/www/ezh-dev.ru/saver_bot/venv/lib/python3.12/site-packages/aiogram/dispatcher/event/handler.py", line 43, in call
    return await wrapped()
           ^^^^^^^^^^^^^^^
  File "/var/www/ezh-dev.ru/saver_bot/venv/lib/python3.12/site-packages/aiogram/dispatcher/dispatcher.py", line 283, in _listen_update
    return await self.propagate_event(update_type=update_type, event=event, **kwargs)
           ^^^^^^^^^^^^^^^^^^^^^^^^^^^^^^^^^^^^^^^^^^^^^^^^^^^^^^^^^^^^^^^^^^^^^^^^^^
  File "/var/www/ezh-dev.ru/saver_bot/venv/lib/python3.12/site-packages/aiogram/dispatcher/router.py", line 161, in propagate_event
    return await observer.wrap_outer_middleware(_wrapped, event=event, data=kwargs)
           ^^^^^^^^^^^^^^^^^^^^^^^^^^^^^^^^^^^^^^^^^^^^^^^^^^^^^^^^^^^^^^^^^^^^^^^^
  File "/var/www/ezh-dev.ru/saver_bot/venv/lib/python3.12/site-packages/aiogram/dispatcher/router.py", line 153, in _wrapped
    return await self._propagate_event(
           ^^^^^^^^^^^^^^^^^^^^^^^^^^^^
  File "/var/www/ezh-dev.ru/saver_bot/venv/lib/python3.12/site-packages/aiogram/dispatcher/router.py", line 189, in _propagate_event
    response = await router.propagate_event(update_type=update_type, event=event, **kwargs)
               ^^^^^^^^^^^^^^^^^^^^^^^^^^^^^^^^^^^^^^^^^^^^^^^^^^^^^^^^^^^^^^^^^^^^^^^^^^^^
  File "/var/www/ezh-dev.ru/saver_bot/venv/lib/python3.12/site-packages/aiogram/dispatcher/router.py", line 161, in propagate_event
    return await observer.wrap_outer_middleware(_wrapped, event=event, data=kwargs)
           ^^^^^^^^^^^^^^^^^^^^^^^^^^^^^^^^^^^^^^^^^^^^^^^^^^^^^^^^^^^^^^^^^^^^^^^^
  File "/var/www/ezh-dev.ru/saver_bot/venv/lib/python3.12/site-packages/aiogram/dispatcher/router.py", line 153, in _wrapped
    return await self._propagate_event(
           ^^^^^^^^^^^^^^^^^^^^^^^^^^^^
  File "/var/www/ezh-dev.ru/saver_bot/venv/lib/python3.12/site-packages/aiogram/dispatcher/router.py", line 181, in _propagate_event
    response = await observer.trigger(event, **kwargs)
               ^^^^^^^^^^^^^^^^^^^^^^^^^^^^^^^^^^^^^^^
  File "/var/www/ezh-dev.ru/saver_bot/venv/lib/python3.12/site-packages/aiogram/dispatcher/event/telegram.py", line 126, in trigger
    return await wrapped_inner(event, kwargs)
           ^^^^^^^^^^^^^^^^^^^^^^^^^^^^^^^^^^
  File "/var/www/ezh-dev.ru/saver_bot/venv/lib/python3.12/site-packages/aiogram/dispatcher/event/handler.py", line 43, in call
    return await wrapped()
           ^^^^^^^^^^^^^^^
  File "/var/www/ezh-dev.ru/saver_bot/main/main.py", line 173, in start
    text = message.text.split('.влад')[1]
           ^^^^^^^^^^^^^^^^^^
AttributeError: 'NoneType' object has no attribute 'split'
Cause exception while process update id=309627163 by bot id=8514363728
AttributeError: 'NoneType' object has no attribute 'split'
Traceback (most recent call last):
  File "/var/www/ezh-dev.ru/saver_bot/venv/lib/python3.12/site-packages/aiogram/dispatcher/dispatcher.py", line 320, in _process_update
    response = await self.feed_update(bot, update, **kwargs)
               ^^^^^^^^^^^^^^^^^^^^^^^^^^^^^^^^^^^^^^^^^^^^^
  File "/var/www/ezh-dev.ru/saver_bot/venv/lib/python3.12/site-packages/aiogram/dispatcher/dispatcher.py", line 164, in feed_update
    response = await self.update.wrap_outer_middleware(
               ^^^^^^^^^^^^^^^^^^^^^^^^^^^^^^^^^^^^^^^^
  File "/var/www/ezh-dev.ru/saver_bot/venv/lib/python3.12/site-packages/aiogram/dispatcher/middlewares/error.py", line 27, in __call__
    return await handler(event, data)
           ^^^^^^^^^^^^^^^^^^^^^^^^^^
  File "/var/www/ezh-dev.ru/saver_bot/venv/lib/python3.12/site-packages/aiogram/dispatcher/middlewares/user_context.py", line 58, in __call__
    return await handler(event, data)
           ^^^^^^^^^^^^^^^^^^^^^^^^^^
  File "/var/www/ezh-dev.ru/saver_bot/venv/lib/python3.12/site-packages/aiogram/fsm/middleware.py", line 43, in __call__
    return await handler(event, data)
           ^^^^^^^^^^^^^^^^^^^^^^^^^^
  File "/var/www/ezh-dev.ru/saver_bot/venv/lib/python3.12/site-packages/aiogram/dispatcher/event/telegram.py", line 126, in trigger
    return await wrapped_inner(event, kwargs)
           ^^^^^^^^^^^^^^^^^^^^^^^^^^^^^^^^^^
  File "/var/www/ezh-dev.ru/saver_bot/venv/lib/python3.12/site-packages/aiogram/dispatcher/event/handler.py", line 43, in call
    return await wrapped()
           ^^^^^^^^^^^^^^^
  File "/var/www/ezh-dev.ru/saver_bot/venv/lib/python3.12/site-packages/aiogram/dispatcher/dispatcher.py", line 283, in _listen_update
    return await self.propagate_event(update_type=update_type, event=event, **kwargs)
           ^^^^^^^^^^^^^^^^^^^^^^^^^^^^^^^^^^^^^^^^^^^^^^^^^^^^^^^^^^^^^^^^^^^^^^^^^^
  File "/var/www/ezh-dev.ru/saver_bot/venv/lib/python3.12/site-packages/aiogram/dispatcher/router.py", line 161, in propagate_event
    return await observer.wrap_outer_middleware(_wrapped, event=event, data=kwargs)
           ^^^^^^^^^^^^^^^^^^^^^^^^^^^^^^^^^^^^^^^^^^^^^^^^^^^^^^^^^^^^^^^^^^^^^^^^
  File "/var/www/ezh-dev.ru/saver_bot/venv/lib/python3.12/site-packages/aiogram/dispatcher/router.py", line 153, in _wrapped
    return await self._propagate_event(
           ^^^^^^^^^^^^^^^^^^^^^^^^^^^^
  File "/var/www/ezh-dev.ru/saver_bot/venv/lib/python3.12/site-packages/aiogram/dispatcher/router.py", line 189, in _propagate_event
    response = await router.propagate_event(update_type=update_type, event=event, **kwargs)
               ^^^^^^^^^^^^^^^^^^^^^^^^^^^^^^^^^^^^^^^^^^^^^^^^^^^^^^^^^^^^^^^^^^^^^^^^^^^^
  File "/var/www/ezh-dev.ru/saver_bot/venv/lib/python3.12/site-packages/aiogram/dispatcher/router.py", line 161, in propagate_event
    return await observer.wrap_outer_middleware(_wrapped, event=event, data=kwargs)
           ^^^^^^^^^^^^^^^^^^^^^^^^^^^^^^^^^^^^^^^^^^^^^^^^^^^^^^^^^^^^^^^^^^^^^^^^
  File "/var/www/ezh-dev.ru/saver_bot/venv/lib/python3.12/site-packages/aiogram/dispatcher/router.py", line 153, in _wrapped
    return await self._propagate_event(
           ^^^^^^^^^^^^^^^^^^^^^^^^^^^^
  File "/var/www/ezh-dev.ru/saver_bot/venv/lib/python3.12/site-packages/aiogram/dispatcher/router.py", line 181, in _propagate_event
    response = await observer.trigger(event, **kwargs)
               ^^^^^^^^^^^^^^^^^^^^^^^^^^^^^^^^^^^^^^^
  File "/var/www/ezh-dev.ru/saver_bot/venv/lib/python3.12/site-packages/aiogram/dispatcher/event/telegram.py", line 126, in trigger
    return await wrapped_inner(event, kwargs)
           ^^^^^^^^^^^^^^^^^^^^^^^^^^^^^^^^^^
  File "/var/www/ezh-dev.ru/saver_bot/venv/lib/python3.12/site-packages/aiogram/dispatcher/event/handler.py", line 43, in call
    return await wrapped()
           ^^^^^^^^^^^^^^^
  File "/var/www/ezh-dev.ru/saver_bot/main/main.py", line 173, in start
    text = message.text.split('.влад')[1]
           ^^^^^^^^^^^^^^^^^^
AttributeError: 'NoneType' object has no attribute 'split'
Cause exception while process update id=309627451 by bot id=8514363728
AttributeError: 'NoneType' object has no attribute 'split'
Traceback (most recent call last):
  File "/var/www/ezh-dev.ru/saver_bot/venv/lib/python3.12/site-packages/aiogram/dispatcher/dispatcher.py", line 320, in _process_update
    response = await self.feed_update(bot, update, **kwargs)
               ^^^^^^^^^^^^^^^^^^^^^^^^^^^^^^^^^^^^^^^^^^^^^
  File "/var/www/ezh-dev.ru/saver_bot/venv/lib/python3.12/site-packages/aiogram/dispatcher/dispatcher.py", line 164, in feed_update
    response = await self.update.wrap_outer_middleware(
               ^^^^^^^^^^^^^^^^^^^^^^^^^^^^^^^^^^^^^^^^
  File "/var/www/ezh-dev.ru/saver_bot/venv/lib/python3.12/site-packages/aiogram/dispatcher/middlewares/error.py", line 27, in __call__
    return await handler(event, data)
           ^^^^^^^^^^^^^^^^^^^^^^^^^^
  File "/var/www/ezh-dev.ru/saver_bot/venv/lib/python3.12/site-packages/aiogram/dispatcher/middlewares/user_context.py", line 58, in __call__
    return await handler(event, data)
           ^^^^^^^^^^^^^^^^^^^^^^^^^^
  File "/var/www/ezh-dev.ru/saver_bot/venv/lib/python3.12/site-packages/aiogram/fsm/middleware.py", line 43, in __call__
    return await handler(event, data)
           ^^^^^^^^^^^^^^^^^^^^^^^^^^
  File "/var/www/ezh-dev.ru/saver_bot/venv/lib/python3.12/site-packages/aiogram/dispatcher/event/telegram.py", line 126, in trigger
    return await wrapped_inner(event, kwargs)
           ^^^^^^^^^^^^^^^^^^^^^^^^^^^^^^^^^^
  File "/var/www/ezh-dev.ru/saver_bot/venv/lib/python3.12/site-packages/aiogram/dispatcher/event/handler.py", line 43, in call
    return await wrapped()
           ^^^^^^^^^^^^^^^
  File "/var/www/ezh-dev.ru/saver_bot/venv/lib/python3.12/site-packages/aiogram/dispatcher/dispatcher.py", line 283, in _listen_update
    return await self.propagate_event(update_type=update_type, event=event, **kwargs)
           ^^^^^^^^^^^^^^^^^^^^^^^^^^^^^^^^^^^^^^^^^^^^^^^^^^^^^^^^^^^^^^^^^^^^^^^^^^
  File "/var/www/ezh-dev.ru/saver_bot/venv/lib/python3.12/site-packages/aiogram/dispatcher/router.py", line 161, in propagate_event
    return await observer.wrap_outer_middleware(_wrapped, event=event, data=kwargs)
           ^^^^^^^^^^^^^^^^^^^^^^^^^^^^^^^^^^^^^^^^^^^^^^^^^^^^^^^^^^^^^^^^^^^^^^^^
  File "/var/www/ezh-dev.ru/saver_bot/venv/lib/python3.12/site-packages/aiogram/dispatcher/router.py", line 153, in _wrapped
    return await self._propagate_event(
           ^^^^^^^^^^^^^^^^^^^^^^^^^^^^
  File "/var/www/ezh-dev.ru/saver_bot/venv/lib/python3.12/site-packages/aiogram/dispatcher/router.py", line 189, in _propagate_event
    response = await router.propagate_event(update_type=update_type, event=event, **kwargs)
               ^^^^^^^^^^^^^^^^^^^^^^^^^^^^^^^^^^^^^^^^^^^^^^^^^^^^^^^^^^^^^^^^^^^^^^^^^^^^
  File "/var/www/ezh-dev.ru/saver_bot/venv/lib/python3.12/site-packages/aiogram/dispatcher/router.py", line 161, in propagate_event
    return await observer.wrap_outer_middleware(_wrapped, event=event, data=kwargs)
           ^^^^^^^^^^^^^^^^^^^^^^^^^^^^^^^^^^^^^^^^^^^^^^^^^^^^^^^^^^^^^^^^^^^^^^^^
  File "/var/www/ezh-dev.ru/saver_bot/venv/lib/python3.12/site-packages/aiogram/dispatcher/router.py", line 153, in _wrapped
    return await self._propagate_event(
           ^^^^^^^^^^^^^^^^^^^^^^^^^^^^
  File "/var/www/ezh-dev.ru/saver_bot/venv/lib/python3.12/site-packages/aiogram/dispatcher/router.py", line 181, in _propagate_event
    response = await observer.trigger(event, **kwargs)
               ^^^^^^^^^^^^^^^^^^^^^^^^^^^^^^^^^^^^^^^
  File "/var/www/ezh-dev.ru/saver_bot/venv/lib/python3.12/site-packages/aiogram/dispatcher/event/telegram.py", line 126, in trigger
    return await wrapped_inner(event, kwargs)
           ^^^^^^^^^^^^^^^^^^^^^^^^^^^^^^^^^^
  File "/var/www/ezh-dev.ru/saver_bot/venv/lib/python3.12/site-packages/aiogram/dispatcher/event/handler.py", line 43, in call
    return await wrapped()
           ^^^^^^^^^^^^^^^
  File "/var/www/ezh-dev.ru/saver_bot/main/main.py", line 173, in start
    text = message.text.split('.влад')[1]
           ^^^^^^^^^^^^^^^^^^
AttributeError: 'NoneType' object has no attribute 'split'
Cause exception while process update id=309627656 by bot id=8514363728
TelegramForbiddenError: Telegram server says - Forbidden: bot was blocked by the user
Traceback (most recent call last):
  File "/var/www/ezh-dev.ru/saver_bot/venv/lib/python3.12/site-packages/aiogram/dispatcher/dispatcher.py", line 320, in _process_update
    response = await self.feed_update(bot, update, **kwargs)
               ^^^^^^^^^^^^^^^^^^^^^^^^^^^^^^^^^^^^^^^^^^^^^
  File "/var/www/ezh-dev.ru/saver_bot/venv/lib/python3.12/site-packages/aiogram/dispatcher/dispatcher.py", line 164, in feed_update
    response = await self.update.wrap_outer_middleware(
               ^^^^^^^^^^^^^^^^^^^^^^^^^^^^^^^^^^^^^^^^
  File "/var/www/ezh-dev.ru/saver_bot/venv/lib/python3.12/site-packages/aiogram/dispatcher/middlewares/error.py", line 27, in __call__
    return await handler(event, data)
           ^^^^^^^^^^^^^^^^^^^^^^^^^^
  File "/var/www/ezh-dev.ru/saver_bot/venv/lib/python3.12/site-packages/aiogram/dispatcher/middlewares/user_context.py", line 58, in __call__
    return await handler(event, data)
           ^^^^^^^^^^^^^^^^^^^^^^^^^^
  File "/var/www/ezh-dev.ru/saver_bot/venv/lib/python3.12/site-packages/aiogram/fsm/middleware.py", line 43, in __call__
    return await handler(event, data)
           ^^^^^^^^^^^^^^^^^^^^^^^^^^
  File "/var/www/ezh-dev.ru/saver_bot/venv/lib/python3.12/site-packages/aiogram/dispatcher/event/telegram.py", line 126, in trigger
    return await wrapped_inner(event, kwargs)
           ^^^^^^^^^^^^^^^^^^^^^^^^^^^^^^^^^^
  File "/var/www/ezh-dev.ru/saver_bot/venv/lib/python3.12/site-packages/aiogram/dispatcher/event/handler.py", line 43, in call
    return await wrapped()
           ^^^^^^^^^^^^^^^
  File "/var/www/ezh-dev.ru/saver_bot/venv/lib/python3.12/site-packages/aiogram/dispatcher/dispatcher.py", line 283, in _listen_update
    return await self.propagate_event(update_type=update_type, event=event, **kwargs)
           ^^^^^^^^^^^^^^^^^^^^^^^^^^^^^^^^^^^^^^^^^^^^^^^^^^^^^^^^^^^^^^^^^^^^^^^^^^
  File "/var/www/ezh-dev.ru/saver_bot/venv/lib/python3.12/site-packages/aiogram/dispatcher/router.py", line 161, in propagate_event
    return await observer.wrap_outer_middleware(_wrapped, event=event, data=kwargs)
           ^^^^^^^^^^^^^^^^^^^^^^^^^^^^^^^^^^^^^^^^^^^^^^^^^^^^^^^^^^^^^^^^^^^^^^^^
  File "/var/www/ezh-dev.ru/saver_bot/venv/lib/python3.12/site-packages/aiogram/dispatcher/router.py", line 153, in _wrapped
    return await self._propagate_event(
           ^^^^^^^^^^^^^^^^^^^^^^^^^^^^
  File "/var/www/ezh-dev.ru/saver_bot/venv/lib/python3.12/site-packages/aiogram/dispatcher/router.py", line 189, in _propagate_event
    response = await router.propagate_event(update_type=update_type, event=event, **kwargs)
               ^^^^^^^^^^^^^^^^^^^^^^^^^^^^^^^^^^^^^^^^^^^^^^^^^^^^^^^^^^^^^^^^^^^^^^^^^^^^
  File "/var/www/ezh-dev.ru/saver_bot/venv/lib/python3.12/site-packages/aiogram/dispatcher/router.py", line 161, in propagate_event
    return await observer.wrap_outer_middleware(_wrapped, event=event, data=kwargs)
           ^^^^^^^^^^^^^^^^^^^^^^^^^^^^^^^^^^^^^^^^^^^^^^^^^^^^^^^^^^^^^^^^^^^^^^^^
  File "/var/www/ezh-dev.ru/saver_bot/venv/lib/python3.12/site-packages/aiogram/dispatcher/router.py", line 153, in _wrapped
    return await self._propagate_event(
           ^^^^^^^^^^^^^^^^^^^^^^^^^^^^
  File "/var/www/ezh-dev.ru/saver_bot/venv/lib/python3.12/site-packages/aiogram/dispatcher/router.py", line 181, in _propagate_event
    response = await observer.trigger(event, **kwargs)
               ^^^^^^^^^^^^^^^^^^^^^^^^^^^^^^^^^^^^^^^
  File "/var/www/ezh-dev.ru/saver_bot/venv/lib/python3.12/site-packages/aiogram/dispatcher/event/telegram.py", line 126, in trigger
    return await wrapped_inner(event, kwargs)
           ^^^^^^^^^^^^^^^^^^^^^^^^^^^^^^^^^^
  File "/var/www/ezh-dev.ru/saver_bot/venv/lib/python3.12/site-packages/aiogram/dispatcher/event/handler.py", line 43, in call
    return await wrapped()
           ^^^^^^^^^^^^^^^
  File "/var/www/ezh-dev.ru/saver_bot/main/main.py", line 223, in edited_business_message
    await bot.send_message(user_id, f'🔏 {user_link} изменил текст:\n\nСтарый:\n```{old_text}```\n\nНовый:\n```{message.text or "(удален)"}```', parse_mode=ParseMode.MARKDOWN, disable_web_page_preview=True)
  File "/var/www/ezh-dev.ru/saver_bot/venv/lib/python3.12/site-packages/aiogram/client/bot.py", line 2925, in send_message
    return await self(call, request_timeout=request_timeout)
           ^^^^^^^^^^^^^^^^^^^^^^^^^^^^^^^^^^^^^^^^^^^^^^^^^
  File "/var/www/ezh-dev.ru/saver_bot/venv/lib/python3.12/site-packages/aiogram/client/bot.py", line 485, in __call__
    return await self.session(self, method, timeout=request_timeout)
           ^^^^^^^^^^^^^^^^^^^^^^^^^^^^^^^^^^^^^^^^^^^^^^^^^^^^^^^^^
  File "/var/www/ezh-dev.ru/saver_bot/venv/lib/python3.12/site-packages/aiogram/client/session/base.py", line 259, in __call__
    return cast(TelegramType, await middleware(bot, method))
                              ^^^^^^^^^^^^^^^^^^^^^^^^^^^^^
  File "/var/www/ezh-dev.ru/saver_bot/venv/lib/python3.12/site-packages/aiogram/client/session/aiohttp.py", line 177, in make_request
    response = self.check_response(
               ^^^^^^^^^^^^^^^^^^^^
  File "/var/www/ezh-dev.ru/saver_bot/venv/lib/python3.12/site-packages/aiogram/client/session/base.py", line 129, in check_response
    raise TelegramForbiddenError(method=method, message=description)
aiogram.exceptions.TelegramForbiddenError: Telegram server says - Forbidden: bot was blocked by the user
Cause exception while process update id=309627720 by bot id=8514363728
TelegramForbiddenError: Telegram server says - Forbidden: bot was blocked by the user
Traceback (most recent call last):
  File "/var/www/ezh-dev.ru/saver_bot/venv/lib/python3.12/site-packages/aiogram/dispatcher/dispatcher.py", line 320, in _process_update
    response = await self.feed_update(bot, update, **kwargs)
               ^^^^^^^^^^^^^^^^^^^^^^^^^^^^^^^^^^^^^^^^^^^^^
  File "/var/www/ezh-dev.ru/saver_bot/venv/lib/python3.12/site-packages/aiogram/dispatcher/dispatcher.py", line 164, in feed_update
    response = await self.update.wrap_outer_middleware(
               ^^^^^^^^^^^^^^^^^^^^^^^^^^^^^^^^^^^^^^^^
  File "/var/www/ezh-dev.ru/saver_bot/venv/lib/python3.12/site-packages/aiogram/dispatcher/middlewares/error.py", line 27, in __call__
    return await handler(event, data)
           ^^^^^^^^^^^^^^^^^^^^^^^^^^
  File "/var/www/ezh-dev.ru/saver_bot/venv/lib/python3.12/site-packages/aiogram/dispatcher/middlewares/user_context.py", line 58, in __call__
    return await handler(event, data)
           ^^^^^^^^^^^^^^^^^^^^^^^^^^
  File "/var/www/ezh-dev.ru/saver_bot/venv/lib/python3.12/site-packages/aiogram/fsm/middleware.py", line 44, in __call__
    return await handler(event, data)
           ^^^^^^^^^^^^^^^^^^^^^^^^^^
  File "/var/www/ezh-dev.ru/saver_bot/venv/lib/python3.12/site-packages/aiogram/dispatcher/event/telegram.py", line 126, in trigger
    return await wrapped_inner(event, kwargs)
           ^^^^^^^^^^^^^^^^^^^^^^^^^^^^^^^^^^
  File "/var/www/ezh-dev.ru/saver_bot/venv/lib/python3.12/site-packages/aiogram/dispatcher/event/handler.py", line 43, in call
    return await wrapped()
           ^^^^^^^^^^^^^^^
  File "/var/www/ezh-dev.ru/saver_bot/venv/lib/python3.12/site-packages/aiogram/dispatcher/dispatcher.py", line 283, in _listen_update
    return await self.propagate_event(update_type=update_type, event=event, **kwargs)
           ^^^^^^^^^^^^^^^^^^^^^^^^^^^^^^^^^^^^^^^^^^^^^^^^^^^^^^^^^^^^^^^^^^^^^^^^^^
  File "/var/www/ezh-dev.ru/saver_bot/venv/lib/python3.12/site-packages/aiogram/dispatcher/router.py", line 161, in propagate_event
    return await observer.wrap_outer_middleware(_wrapped, event=event, data=kwargs)
           ^^^^^^^^^^^^^^^^^^^^^^^^^^^^^^^^^^^^^^^^^^^^^^^^^^^^^^^^^^^^^^^^^^^^^^^^
  File "/var/www/ezh-dev.ru/saver_bot/venv/lib/python3.12/site-packages/aiogram/dispatcher/router.py", line 153, in _wrapped
    return await self._propagate_event(
           ^^^^^^^^^^^^^^^^^^^^^^^^^^^^
  File "/var/www/ezh-dev.ru/saver_bot/venv/lib/python3.12/site-packages/aiogram/dispatcher/router.py", line 189, in _propagate_event
    response = await router.propagate_event(update_type=update_type, event=event, **kwargs)
               ^^^^^^^^^^^^^^^^^^^^^^^^^^^^^^^^^^^^^^^^^^^^^^^^^^^^^^^^^^^^^^^^^^^^^^^^^^^^
  File "/var/www/ezh-dev.ru/saver_bot/venv/lib/python3.12/site-packages/aiogram/dispatcher/router.py", line 161, in propagate_event
    return await observer.wrap_outer_middleware(_wrapped, event=event, data=kwargs)
           ^^^^^^^^^^^^^^^^^^^^^^^^^^^^^^^^^^^^^^^^^^^^^^^^^^^^^^^^^^^^^^^^^^^^^^^^
  File "/var/www/ezh-dev.ru/saver_bot/venv/lib/python3.12/site-packages/aiogram/dispatcher/router.py", line 153, in _wrapped
    return await self._propagate_event(
           ^^^^^^^^^^^^^^^^^^^^^^^^^^^^
  File "/var/www/ezh-dev.ru/saver_bot/venv/lib/python3.12/site-packages/aiogram/dispatcher/router.py", line 181, in _propagate_event
    response = await observer.trigger(event, **kwargs)
               ^^^^^^^^^^^^^^^^^^^^^^^^^^^^^^^^^^^^^^^
  File "/var/www/ezh-dev.ru/saver_bot/venv/lib/python3.12/site-packages/aiogram/dispatcher/event/telegram.py", line 126, in trigger
    return await wrapped_inner(event, kwargs)
           ^^^^^^^^^^^^^^^^^^^^^^^^^^^^^^^^^^
  File "/var/www/ezh-dev.ru/saver_bot/venv/lib/python3.12/site-packages/aiogram/dispatcher/event/handler.py", line 43, in call
    return await wrapped()
           ^^^^^^^^^^^^^^^
  File "/var/www/ezh-dev.ru/saver_bot/main/main.py", line 306, in deleted_business_messages
    await bot.send_voice(user_id, voice, caption=f'🗑 Это голосовое было удалено\nОт: {user_link}', parse_mode=ParseMode.MARKDOWN)
  File "/var/www/ezh-dev.ru/saver_bot/venv/lib/python3.12/site-packages/aiogram/client/bot.py", line 3471, in send_voice
    return await self(call, request_timeout=request_timeout)
           ^^^^^^^^^^^^^^^^^^^^^^^^^^^^^^^^^^^^^^^^^^^^^^^^^
  File "/var/www/ezh-dev.ru/saver_bot/venv/lib/python3.12/site-packages/aiogram/client/bot.py", line 485, in __call__
    return await self.session(self, method, timeout=request_timeout)
           ^^^^^^^^^^^^^^^^^^^^^^^^^^^^^^^^^^^^^^^^^^^^^^^^^^^^^^^^^
  File "/var/www/ezh-dev.ru/saver_bot/venv/lib/python3.12/site-packages/aiogram/client/session/base.py", line 259, in __call__
    return cast(TelegramType, await middleware(bot, method))
                              ^^^^^^^^^^^^^^^^^^^^^^^^^^^^^
  File "/var/www/ezh-dev.ru/saver_bot/venv/lib/python3.12/site-packages/aiogram/client/session/aiohttp.py", line 177, in make_request
    response = self.check_response(
               ^^^^^^^^^^^^^^^^^^^^
  File "/var/www/ezh-dev.ru/saver_bot/venv/lib/python3.12/site-packages/aiogram/client/session/base.py", line 129, in check_response
    raise TelegramForbiddenError(method=method, message=description)
aiogram.exceptions.TelegramForbiddenError: Telegram server says - Forbidden: bot was blocked by the user
Cause exception while process update id=309628121 by bot id=8514363728
AttributeError: 'NoneType' object has no attribute 'split'
Traceback (most recent call last):
  File "/var/www/ezh-dev.ru/saver_bot/venv/lib/python3.12/site-packages/aiogram/dispatcher/dispatcher.py", line 320, in _process_update
    response = await self.feed_update(bot, update, **kwargs)
               ^^^^^^^^^^^^^^^^^^^^^^^^^^^^^^^^^^^^^^^^^^^^^
  File "/var/www/ezh-dev.ru/saver_bot/venv/lib/python3.12/site-packages/aiogram/dispatcher/dispatcher.py", line 164, in feed_update
    response = await self.update.wrap_outer_middleware(
               ^^^^^^^^^^^^^^^^^^^^^^^^^^^^^^^^^^^^^^^^
  File "/var/www/ezh-dev.ru/saver_bot/venv/lib/python3.12/site-packages/aiogram/dispatcher/middlewares/error.py", line 27, in __call__
    return await handler(event, data)
           ^^^^^^^^^^^^^^^^^^^^^^^^^^
  File "/var/www/ezh-dev.ru/saver_bot/venv/lib/python3.12/site-packages/aiogram/dispatcher/middlewares/user_context.py", line 58, in __call__
    return await handler(event, data)
           ^^^^^^^^^^^^^^^^^^^^^^^^^^
  File "/var/www/ezh-dev.ru/saver_bot/venv/lib/python3.12/site-packages/aiogram/fsm/middleware.py", line 43, in __call__
    return await handler(event, data)
           ^^^^^^^^^^^^^^^^^^^^^^^^^^
  File "/var/www/ezh-dev.ru/saver_bot/venv/lib/python3.12/site-packages/aiogram/dispatcher/event/telegram.py", line 126, in trigger
    return await wrapped_inner(event, kwargs)
           ^^^^^^^^^^^^^^^^^^^^^^^^^^^^^^^^^^
  File "/var/www/ezh-dev.ru/saver_bot/venv/lib/python3.12/site-packages/aiogram/dispatcher/event/handler.py", line 43, in call
    return await wrapped()
           ^^^^^^^^^^^^^^^
  File "/var/www/ezh-dev.ru/saver_bot/venv/lib/python3.12/site-packages/aiogram/dispatcher/dispatcher.py", line 283, in _listen_update
    return await self.propagate_event(update_type=update_type, event=event, **kwargs)
           ^^^^^^^^^^^^^^^^^^^^^^^^^^^^^^^^^^^^^^^^^^^^^^^^^^^^^^^^^^^^^^^^^^^^^^^^^^
  File "/var/www/ezh-dev.ru/saver_bot/venv/lib/python3.12/site-packages/aiogram/dispatcher/router.py", line 161, in propagate_event
    return await observer.wrap_outer_middleware(_wrapped, event=event, data=kwargs)
           ^^^^^^^^^^^^^^^^^^^^^^^^^^^^^^^^^^^^^^^^^^^^^^^^^^^^^^^^^^^^^^^^^^^^^^^^
  File "/var/www/ezh-dev.ru/saver_bot/venv/lib/python3.12/site-packages/aiogram/dispatcher/router.py", line 153, in _wrapped
    return await self._propagate_event(
           ^^^^^^^^^^^^^^^^^^^^^^^^^^^^
  File "/var/www/ezh-dev.ru/saver_bot/venv/lib/python3.12/site-packages/aiogram/dispatcher/router.py", line 189, in _propagate_event
    response = await router.propagate_event(update_type=update_type, event=event, **kwargs)
               ^^^^^^^^^^^^^^^^^^^^^^^^^^^^^^^^^^^^^^^^^^^^^^^^^^^^^^^^^^^^^^^^^^^^^^^^^^^^
  File "/var/www/ezh-dev.ru/saver_bot/venv/lib/python3.12/site-packages/aiogram/dispatcher/router.py", line 161, in propagate_event
    return await observer.wrap_outer_middleware(_wrapped, event=event, data=kwargs)
           ^^^^^^^^^^^^^^^^^^^^^^^^^^^^^^^^^^^^^^^^^^^^^^^^^^^^^^^^^^^^^^^^^^^^^^^^
  File "/var/www/ezh-dev.ru/saver_bot/venv/lib/python3.12/site-packages/aiogram/dispatcher/router.py", line 153, in _wrapped
    return await self._propagate_event(
           ^^^^^^^^^^^^^^^^^^^^^^^^^^^^
  File "/var/www/ezh-dev.ru/saver_bot/venv/lib/python3.12/site-packages/aiogram/dispatcher/router.py", line 181, in _propagate_event
    response = await observer.trigger(event, **kwargs)
               ^^^^^^^^^^^^^^^^^^^^^^^^^^^^^^^^^^^^^^^
  File "/var/www/ezh-dev.ru/saver_bot/venv/lib/python3.12/site-packages/aiogram/dispatcher/event/telegram.py", line 126, in trigger
    return await wrapped_inner(event, kwargs)
           ^^^^^^^^^^^^^^^^^^^^^^^^^^^^^^^^^^
  File "/var/www/ezh-dev.ru/saver_bot/venv/lib/python3.12/site-packages/aiogram/dispatcher/event/handler.py", line 43, in call
    return await wrapped()
           ^^^^^^^^^^^^^^^
  File "/var/www/ezh-dev.ru/saver_bot/main/main.py", line 173, in start
    text = message.text.split('.влад')[1]
           ^^^^^^^^^^^^^^^^^^
AttributeError: 'NoneType' object has no attribute 'split'
Cause exception while process update id=309628640 by bot id=8514363728
AttributeError: 'NoneType' object has no attribute 'split'
Traceback (most recent call last):
  File "/var/www/ezh-dev.ru/saver_bot/venv/lib/python3.12/site-packages/aiogram/dispatcher/dispatcher.py", line 320, in _process_update
    response = await self.feed_update(bot, update, **kwargs)
               ^^^^^^^^^^^^^^^^^^^^^^^^^^^^^^^^^^^^^^^^^^^^^
  File "/var/www/ezh-dev.ru/saver_bot/venv/lib/python3.12/site-packages/aiogram/dispatcher/dispatcher.py", line 164, in feed_update
    response = await self.update.wrap_outer_middleware(
               ^^^^^^^^^^^^^^^^^^^^^^^^^^^^^^^^^^^^^^^^
  File "/var/www/ezh-dev.ru/saver_bot/venv/lib/python3.12/site-packages/aiogram/dispatcher/middlewares/error.py", line 27, in __call__
    return await handler(event, data)
           ^^^^^^^^^^^^^^^^^^^^^^^^^^
  File "/var/www/ezh-dev.ru/saver_bot/venv/lib/python3.12/site-packages/aiogram/dispatcher/middlewares/user_context.py", line 58, in __call__
    return await handler(event, data)
           ^^^^^^^^^^^^^^^^^^^^^^^^^^
  File "/var/www/ezh-dev.ru/saver_bot/venv/lib/python3.12/site-packages/aiogram/fsm/middleware.py", line 43, in __call__
    return await handler(event, data)
           ^^^^^^^^^^^^^^^^^^^^^^^^^^
  File "/var/www/ezh-dev.ru/saver_bot/venv/lib/python3.12/site-packages/aiogram/dispatcher/event/telegram.py", line 126, in trigger
    return await wrapped_inner(event, kwargs)
           ^^^^^^^^^^^^^^^^^^^^^^^^^^^^^^^^^^
  File "/var/www/ezh-dev.ru/saver_bot/venv/lib/python3.12/site-packages/aiogram/dispatcher/event/handler.py", line 43, in call
    return await wrapped()
           ^^^^^^^^^^^^^^^
  File "/var/www/ezh-dev.ru/saver_bot/venv/lib/python3.12/site-packages/aiogram/dispatcher/dispatcher.py", line 283, in _listen_update
    return await self.propagate_event(update_type=update_type, event=event, **kwargs)
           ^^^^^^^^^^^^^^^^^^^^^^^^^^^^^^^^^^^^^^^^^^^^^^^^^^^^^^^^^^^^^^^^^^^^^^^^^^
  File "/var/www/ezh-dev.ru/saver_bot/venv/lib/python3.12/site-packages/aiogram/dispatcher/router.py", line 161, in propagate_event
    return await observer.wrap_outer_middleware(_wrapped, event=event, data=kwargs)
           ^^^^^^^^^^^^^^^^^^^^^^^^^^^^^^^^^^^^^^^^^^^^^^^^^^^^^^^^^^^^^^^^^^^^^^^^
  File "/var/www/ezh-dev.ru/saver_bot/venv/lib/python3.12/site-packages/aiogram/dispatcher/router.py", line 153, in _wrapped
    return await self._propagate_event(
           ^^^^^^^^^^^^^^^^^^^^^^^^^^^^
  File "/var/www/ezh-dev.ru/saver_bot/venv/lib/python3.12/site-packages/aiogram/dispatcher/router.py", line 189, in _propagate_event
    response = await router.propagate_event(update_type=update_type, event=event, **kwargs)
               ^^^^^^^^^^^^^^^^^^^^^^^^^^^^^^^^^^^^^^^^^^^^^^^^^^^^^^^^^^^^^^^^^^^^^^^^^^^^
  File "/var/www/ezh-dev.ru/saver_bot/venv/lib/python3.12/site-packages/aiogram/dispatcher/router.py", line 161, in propagate_event
    return await observer.wrap_outer_middleware(_wrapped, event=event, data=kwargs)
           ^^^^^^^^^^^^^^^^^^^^^^^^^^^^^^^^^^^^^^^^^^^^^^^^^^^^^^^^^^^^^^^^^^^^^^^^
  File "/var/www/ezh-dev.ru/saver_bot/venv/lib/python3.12/site-packages/aiogram/dispatcher/router.py", line 153, in _wrapped
    return await self._propagate_event(
           ^^^^^^^^^^^^^^^^^^^^^^^^^^^^
  File "/var/www/ezh-dev.ru/saver_bot/venv/lib/python3.12/site-packages/aiogram/dispatcher/router.py", line 181, in _propagate_event
    response = await observer.trigger(event, **kwargs)
               ^^^^^^^^^^^^^^^^^^^^^^^^^^^^^^^^^^^^^^^
  File "/var/www/ezh-dev.ru/saver_bot/venv/lib/python3.12/site-packages/aiogram/dispatcher/event/telegram.py", line 126, in trigger
    return await wrapped_inner(event, kwargs)
           ^^^^^^^^^^^^^^^^^^^^^^^^^^^^^^^^^^
  File "/var/www/ezh-dev.ru/saver_bot/venv/lib/python3.12/site-packages/aiogram/dispatcher/event/handler.py", line 43, in call
    return await wrapped()
           ^^^^^^^^^^^^^^^
  File "/var/www/ezh-dev.ru/saver_bot/main/main.py", line 173, in start
    text = message.text.split('.влад')[1]
           ^^^^^^^^^^^^^^^^^^
AttributeError: 'NoneType' object has no attribute 'split'
Cause exception while process update id=309628641 by bot id=8514363728
AttributeError: 'NoneType' object has no attribute 'split'
Traceback (most recent call last):
  File "/var/www/ezh-dev.ru/saver_bot/venv/lib/python3.12/site-packages/aiogram/dispatcher/dispatcher.py", line 320, in _process_update
    response = await self.feed_update(bot, update, **kwargs)
               ^^^^^^^^^^^^^^^^^^^^^^^^^^^^^^^^^^^^^^^^^^^^^
  File "/var/www/ezh-dev.ru/saver_bot/venv/lib/python3.12/site-packages/aiogram/dispatcher/dispatcher.py", line 164, in feed_update
    response = await self.update.wrap_outer_middleware(
               ^^^^^^^^^^^^^^^^^^^^^^^^^^^^^^^^^^^^^^^^
  File "/var/www/ezh-dev.ru/saver_bot/venv/lib/python3.12/site-packages/aiogram/dispatcher/middlewares/error.py", line 27, in __call__
    return await handler(event, data)
           ^^^^^^^^^^^^^^^^^^^^^^^^^^
  File "/var/www/ezh-dev.ru/saver_bot/venv/lib/python3.12/site-packages/aiogram/dispatcher/middlewares/user_context.py", line 58, in __call__
    return await handler(event, data)
           ^^^^^^^^^^^^^^^^^^^^^^^^^^
  File "/var/www/ezh-dev.ru/saver_bot/venv/lib/python3.12/site-packages/aiogram/fsm/middleware.py", line 43, in __call__
    return await handler(event, data)
           ^^^^^^^^^^^^^^^^^^^^^^^^^^
  File "/var/www/ezh-dev.ru/saver_bot/venv/lib/python3.12/site-packages/aiogram/dispatcher/event/telegram.py", line 126, in trigger
    return await wrapped_inner(event, kwargs)
           ^^^^^^^^^^^^^^^^^^^^^^^^^^^^^^^^^^
  File "/var/www/ezh-dev.ru/saver_bot/venv/lib/python3.12/site-packages/aiogram/dispatcher/event/handler.py", line 43, in call
    return await wrapped()
           ^^^^^^^^^^^^^^^
  File "/var/www/ezh-dev.ru/saver_bot/venv/lib/python3.12/site-packages/aiogram/dispatcher/dispatcher.py", line 283, in _listen_update
    return await self.propagate_event(update_type=update_type, event=event, **kwargs)
           ^^^^^^^^^^^^^^^^^^^^^^^^^^^^^^^^^^^^^^^^^^^^^^^^^^^^^^^^^^^^^^^^^^^^^^^^^^
  File "/var/www/ezh-dev.ru/saver_bot/venv/lib/python3.12/site-packages/aiogram/dispatcher/router.py", line 161, in propagate_event
    return await observer.wrap_outer_middleware(_wrapped, event=event, data=kwargs)
           ^^^^^^^^^^^^^^^^^^^^^^^^^^^^^^^^^^^^^^^^^^^^^^^^^^^^^^^^^^^^^^^^^^^^^^^^
  File "/var/www/ezh-dev.ru/saver_bot/venv/lib/python3.12/site-packages/aiogram/dispatcher/router.py", line 153, in _wrapped
    return await self._propagate_event(
           ^^^^^^^^^^^^^^^^^^^^^^^^^^^^
  File "/var/www/ezh-dev.ru/saver_bot/venv/lib/python3.12/site-packages/aiogram/dispatcher/router.py", line 189, in _propagate_event
    response = await router.propagate_event(update_type=update_type, event=event, **kwargs)
               ^^^^^^^^^^^^^^^^^^^^^^^^^^^^^^^^^^^^^^^^^^^^^^^^^^^^^^^^^^^^^^^^^^^^^^^^^^^^
  File "/var/www/ezh-dev.ru/saver_bot/venv/lib/python3.12/site-packages/aiogram/dispatcher/router.py", line 161, in propagate_event
    return await observer.wrap_outer_middleware(_wrapped, event=event, data=kwargs)
           ^^^^^^^^^^^^^^^^^^^^^^^^^^^^^^^^^^^^^^^^^^^^^^^^^^^^^^^^^^^^^^^^^^^^^^^^
  File "/var/www/ezh-dev.ru/saver_bot/venv/lib/python3.12/site-packages/aiogram/dispatcher/router.py", line 153, in _wrapped
    return await self._propagate_event(
           ^^^^^^^^^^^^^^^^^^^^^^^^^^^^
  File "/var/www/ezh-dev.ru/saver_bot/venv/lib/python3.12/site-packages/aiogram/dispatcher/router.py", line 181, in _propagate_event
    response = await observer.trigger(event, **kwargs)
               ^^^^^^^^^^^^^^^^^^^^^^^^^^^^^^^^^^^^^^^
  File "/var/www/ezh-dev.ru/saver_bot/venv/lib/python3.12/site-packages/aiogram/dispatcher/event/telegram.py", line 126, in trigger
    return await wrapped_inner(event, kwargs)
           ^^^^^^^^^^^^^^^^^^^^^^^^^^^^^^^^^^
  File "/var/www/ezh-dev.ru/saver_bot/venv/lib/python3.12/site-packages/aiogram/dispatcher/event/handler.py", line 43, in call
    return await wrapped()
           ^^^^^^^^^^^^^^^
  File "/var/www/ezh-dev.ru/saver_bot/main/main.py", line 173, in start
    text = message.text.split('.влад')[1]
           ^^^^^^^^^^^^^^^^^^
AttributeError: 'NoneType' object has no attribute 'split'
Cause exception while process update id=309628642 by bot id=8514363728
AttributeError: 'NoneType' object has no attribute 'split'
Traceback (most recent call last):
  File "/var/www/ezh-dev.ru/saver_bot/venv/lib/python3.12/site-packages/aiogram/dispatcher/dispatcher.py", line 320, in _process_update
    response = await self.feed_update(bot, update, **kwargs)
               ^^^^^^^^^^^^^^^^^^^^^^^^^^^^^^^^^^^^^^^^^^^^^
  File "/var/www/ezh-dev.ru/saver_bot/venv/lib/python3.12/site-packages/aiogram/dispatcher/dispatcher.py", line 164, in feed_update
    response = await self.update.wrap_outer_middleware(
               ^^^^^^^^^^^^^^^^^^^^^^^^^^^^^^^^^^^^^^^^
  File "/var/www/ezh-dev.ru/saver_bot/venv/lib/python3.12/site-packages/aiogram/dispatcher/middlewares/error.py", line 27, in __call__
    return await handler(event, data)
           ^^^^^^^^^^^^^^^^^^^^^^^^^^
  File "/var/www/ezh-dev.ru/saver_bot/venv/lib/python3.12/site-packages/aiogram/dispatcher/middlewares/user_context.py", line 58, in __call__
    return await handler(event, data)
           ^^^^^^^^^^^^^^^^^^^^^^^^^^
  File "/var/www/ezh-dev.ru/saver_bot/venv/lib/python3.12/site-packages/aiogram/fsm/middleware.py", line 43, in __call__
    return await handler(event, data)
           ^^^^^^^^^^^^^^^^^^^^^^^^^^
  File "/var/www/ezh-dev.ru/saver_bot/venv/lib/python3.12/site-packages/aiogram/dispatcher/event/telegram.py", line 126, in trigger
    return await wrapped_inner(event, kwargs)
           ^^^^^^^^^^^^^^^^^^^^^^^^^^^^^^^^^^
  File "/var/www/ezh-dev.ru/saver_bot/venv/lib/python3.12/site-packages/aiogram/dispatcher/event/handler.py", line 43, in call
    return await wrapped()
           ^^^^^^^^^^^^^^^
  File "/var/www/ezh-dev.ru/saver_bot/venv/lib/python3.12/site-packages/aiogram/dispatcher/dispatcher.py", line 283, in _listen_update
    return await self.propagate_event(update_type=update_type, event=event, **kwargs)
           ^^^^^^^^^^^^^^^^^^^^^^^^^^^^^^^^^^^^^^^^^^^^^^^^^^^^^^^^^^^^^^^^^^^^^^^^^^
  File "/var/www/ezh-dev.ru/saver_bot/venv/lib/python3.12/site-packages/aiogram/dispatcher/router.py", line 161, in propagate_event
    return await observer.wrap_outer_middleware(_wrapped, event=event, data=kwargs)
           ^^^^^^^^^^^^^^^^^^^^^^^^^^^^^^^^^^^^^^^^^^^^^^^^^^^^^^^^^^^^^^^^^^^^^^^^
  File "/var/www/ezh-dev.ru/saver_bot/venv/lib/python3.12/site-packages/aiogram/dispatcher/router.py", line 153, in _wrapped
    return await self._propagate_event(
           ^^^^^^^^^^^^^^^^^^^^^^^^^^^^
  File "/var/www/ezh-dev.ru/saver_bot/venv/lib/python3.12/site-packages/aiogram/dispatcher/router.py", line 189, in _propagate_event
    response = await router.propagate_event(update_type=update_type, event=event, **kwargs)
               ^^^^^^^^^^^^^^^^^^^^^^^^^^^^^^^^^^^^^^^^^^^^^^^^^^^^^^^^^^^^^^^^^^^^^^^^^^^^
  File "/var/www/ezh-dev.ru/saver_bot/venv/lib/python3.12/site-packages/aiogram/dispatcher/router.py", line 161, in propagate_event
    return await observer.wrap_outer_middleware(_wrapped, event=event, data=kwargs)
           ^^^^^^^^^^^^^^^^^^^^^^^^^^^^^^^^^^^^^^^^^^^^^^^^^^^^^^^^^^^^^^^^^^^^^^^^
  File "/var/www/ezh-dev.ru/saver_bot/venv/lib/python3.12/site-packages/aiogram/dispatcher/router.py", line 153, in _wrapped
    return await self._propagate_event(
           ^^^^^^^^^^^^^^^^^^^^^^^^^^^^
  File "/var/www/ezh-dev.ru/saver_bot/venv/lib/python3.12/site-packages/aiogram/dispatcher/router.py", line 181, in _propagate_event
    response = await observer.trigger(event, **kwargs)
               ^^^^^^^^^^^^^^^^^^^^^^^^^^^^^^^^^^^^^^^
  File "/var/www/ezh-dev.ru/saver_bot/venv/lib/python3.12/site-packages/aiogram/dispatcher/event/telegram.py", line 126, in trigger
    return await wrapped_inner(event, kwargs)
           ^^^^^^^^^^^^^^^^^^^^^^^^^^^^^^^^^^
  File "/var/www/ezh-dev.ru/saver_bot/venv/lib/python3.12/site-packages/aiogram/dispatcher/event/handler.py", line 43, in call
    return await wrapped()
           ^^^^^^^^^^^^^^^
  File "/var/www/ezh-dev.ru/saver_bot/main/main.py", line 173, in start
    text = message.text.split('.влад')[1]
           ^^^^^^^^^^^^^^^^^^
AttributeError: 'NoneType' object has no attribute 'split'
Cause exception while process update id=309628648 by bot id=8514363728
AttributeError: 'NoneType' object has no attribute 'split'
Traceback (most recent call last):
  File "/var/www/ezh-dev.ru/saver_bot/venv/lib/python3.12/site-packages/aiogram/dispatcher/dispatcher.py", line 320, in _process_update
    response = await self.feed_update(bot, update, **kwargs)
               ^^^^^^^^^^^^^^^^^^^^^^^^^^^^^^^^^^^^^^^^^^^^^
  File "/var/www/ezh-dev.ru/saver_bot/venv/lib/python3.12/site-packages/aiogram/dispatcher/dispatcher.py", line 164, in feed_update
    response = await self.update.wrap_outer_middleware(
               ^^^^^^^^^^^^^^^^^^^^^^^^^^^^^^^^^^^^^^^^
  File "/var/www/ezh-dev.ru/saver_bot/venv/lib/python3.12/site-packages/aiogram/dispatcher/middlewares/error.py", line 27, in __call__
    return await handler(event, data)
           ^^^^^^^^^^^^^^^^^^^^^^^^^^
  File "/var/www/ezh-dev.ru/saver_bot/venv/lib/python3.12/site-packages/aiogram/dispatcher/middlewares/user_context.py", line 58, in __call__
    return await handler(event, data)
           ^^^^^^^^^^^^^^^^^^^^^^^^^^
  File "/var/www/ezh-dev.ru/saver_bot/venv/lib/python3.12/site-packages/aiogram/fsm/middleware.py", line 43, in __call__
    return await handler(event, data)
           ^^^^^^^^^^^^^^^^^^^^^^^^^^
  File "/var/www/ezh-dev.ru/saver_bot/venv/lib/python3.12/site-packages/aiogram/dispatcher/event/telegram.py", line 126, in trigger
    return await wrapped_inner(event, kwargs)
           ^^^^^^^^^^^^^^^^^^^^^^^^^^^^^^^^^^
  File "/var/www/ezh-dev.ru/saver_bot/venv/lib/python3.12/site-packages/aiogram/dispatcher/event/handler.py", line 43, in call
    return await wrapped()
           ^^^^^^^^^^^^^^^
  File "/var/www/ezh-dev.ru/saver_bot/venv/lib/python3.12/site-packages/aiogram/dispatcher/dispatcher.py", line 283, in _listen_update
    return await self.propagate_event(update_type=update_type, event=event, **kwargs)
           ^^^^^^^^^^^^^^^^^^^^^^^^^^^^^^^^^^^^^^^^^^^^^^^^^^^^^^^^^^^^^^^^^^^^^^^^^^
  File "/var/www/ezh-dev.ru/saver_bot/venv/lib/python3.12/site-packages/aiogram/dispatcher/router.py", line 161, in propagate_event
    return await observer.wrap_outer_middleware(_wrapped, event=event, data=kwargs)
           ^^^^^^^^^^^^^^^^^^^^^^^^^^^^^^^^^^^^^^^^^^^^^^^^^^^^^^^^^^^^^^^^^^^^^^^^
  File "/var/www/ezh-dev.ru/saver_bot/venv/lib/python3.12/site-packages/aiogram/dispatcher/router.py", line 153, in _wrapped
    return await self._propagate_event(
           ^^^^^^^^^^^^^^^^^^^^^^^^^^^^
  File "/var/www/ezh-dev.ru/saver_bot/venv/lib/python3.12/site-packages/aiogram/dispatcher/router.py", line 189, in _propagate_event
    response = await router.propagate_event(update_type=update_type, event=event, **kwargs)
               ^^^^^^^^^^^^^^^^^^^^^^^^^^^^^^^^^^^^^^^^^^^^^^^^^^^^^^^^^^^^^^^^^^^^^^^^^^^^
  File "/var/www/ezh-dev.ru/saver_bot/venv/lib/python3.12/site-packages/aiogram/dispatcher/router.py", line 161, in propagate_event
    return await observer.wrap_outer_middleware(_wrapped, event=event, data=kwargs)
           ^^^^^^^^^^^^^^^^^^^^^^^^^^^^^^^^^^^^^^^^^^^^^^^^^^^^^^^^^^^^^^^^^^^^^^^^
  File "/var/www/ezh-dev.ru/saver_bot/venv/lib/python3.12/site-packages/aiogram/dispatcher/router.py", line 153, in _wrapped
    return await self._propagate_event(
           ^^^^^^^^^^^^^^^^^^^^^^^^^^^^
  File "/var/www/ezh-dev.ru/saver_bot/venv/lib/python3.12/site-packages/aiogram/dispatcher/router.py", line 181, in _propagate_event
    response = await observer.trigger(event, **kwargs)
               ^^^^^^^^^^^^^^^^^^^^^^^^^^^^^^^^^^^^^^^
  File "/var/www/ezh-dev.ru/saver_bot/venv/lib/python3.12/site-packages/aiogram/dispatcher/event/telegram.py", line 126, in trigger
    return await wrapped_inner(event, kwargs)
           ^^^^^^^^^^^^^^^^^^^^^^^^^^^^^^^^^^
  File "/var/www/ezh-dev.ru/saver_bot/venv/lib/python3.12/site-packages/aiogram/dispatcher/event/handler.py", line 43, in call
    return await wrapped()
           ^^^^^^^^^^^^^^^
  File "/var/www/ezh-dev.ru/saver_bot/main/main.py", line 173, in start
    text = message.text.split('.влад')[1]
           ^^^^^^^^^^^^^^^^^^
AttributeError: 'NoneType' object has no attribute 'split'
Cause exception while process update id=309628699 by bot id=8514363728
AttributeError: 'NoneType' object has no attribute 'split'
Traceback (most recent call last):
  File "/var/www/ezh-dev.ru/saver_bot/venv/lib/python3.12/site-packages/aiogram/dispatcher/dispatcher.py", line 320, in _process_update
    response = await self.feed_update(bot, update, **kwargs)
               ^^^^^^^^^^^^^^^^^^^^^^^^^^^^^^^^^^^^^^^^^^^^^
  File "/var/www/ezh-dev.ru/saver_bot/venv/lib/python3.12/site-packages/aiogram/dispatcher/dispatcher.py", line 164, in feed_update
    response = await self.update.wrap_outer_middleware(
               ^^^^^^^^^^^^^^^^^^^^^^^^^^^^^^^^^^^^^^^^
  File "/var/www/ezh-dev.ru/saver_bot/venv/lib/python3.12/site-packages/aiogram/dispatcher/middlewares/error.py", line 27, in __call__
    return await handler(event, data)
           ^^^^^^^^^^^^^^^^^^^^^^^^^^
  File "/var/www/ezh-dev.ru/saver_bot/venv/lib/python3.12/site-packages/aiogram/dispatcher/middlewares/user_context.py", line 58, in __call__
    return await handler(event, data)
           ^^^^^^^^^^^^^^^^^^^^^^^^^^
  File "/var/www/ezh-dev.ru/saver_bot/venv/lib/python3.12/site-packages/aiogram/fsm/middleware.py", line 43, in __call__
    return await handler(event, data)
           ^^^^^^^^^^^^^^^^^^^^^^^^^^
  File "/var/www/ezh-dev.ru/saver_bot/venv/lib/python3.12/site-packages/aiogram/dispatcher/event/telegram.py", line 126, in trigger
    return await wrapped_inner(event, kwargs)
           ^^^^^^^^^^^^^^^^^^^^^^^^^^^^^^^^^^
  File "/var/www/ezh-dev.ru/saver_bot/venv/lib/python3.12/site-packages/aiogram/dispatcher/event/handler.py", line 43, in call
    return await wrapped()
           ^^^^^^^^^^^^^^^
  File "/var/www/ezh-dev.ru/saver_bot/venv/lib/python3.12/site-packages/aiogram/dispatcher/dispatcher.py", line 283, in _listen_update
    return await self.propagate_event(update_type=update_type, event=event, **kwargs)
           ^^^^^^^^^^^^^^^^^^^^^^^^^^^^^^^^^^^^^^^^^^^^^^^^^^^^^^^^^^^^^^^^^^^^^^^^^^
  File "/var/www/ezh-dev.ru/saver_bot/venv/lib/python3.12/site-packages/aiogram/dispatcher/router.py", line 161, in propagate_event
    return await observer.wrap_outer_middleware(_wrapped, event=event, data=kwargs)
           ^^^^^^^^^^^^^^^^^^^^^^^^^^^^^^^^^^^^^^^^^^^^^^^^^^^^^^^^^^^^^^^^^^^^^^^^
  File "/var/www/ezh-dev.ru/saver_bot/venv/lib/python3.12/site-packages/aiogram/dispatcher/router.py", line 153, in _wrapped
    return await self._propagate_event(
           ^^^^^^^^^^^^^^^^^^^^^^^^^^^^
  File "/var/www/ezh-dev.ru/saver_bot/venv/lib/python3.12/site-packages/aiogram/dispatcher/router.py", line 189, in _propagate_event
    response = await router.propagate_event(update_type=update_type, event=event, **kwargs)
               ^^^^^^^^^^^^^^^^^^^^^^^^^^^^^^^^^^^^^^^^^^^^^^^^^^^^^^^^^^^^^^^^^^^^^^^^^^^^
  File "/var/www/ezh-dev.ru/saver_bot/venv/lib/python3.12/site-packages/aiogram/dispatcher/router.py", line 161, in propagate_event
    return await observer.wrap_outer_middleware(_wrapped, event=event, data=kwargs)
           ^^^^^^^^^^^^^^^^^^^^^^^^^^^^^^^^^^^^^^^^^^^^^^^^^^^^^^^^^^^^^^^^^^^^^^^^
  File "/var/www/ezh-dev.ru/saver_bot/venv/lib/python3.12/site-packages/aiogram/dispatcher/router.py", line 153, in _wrapped
    return await self._propagate_event(
           ^^^^^^^^^^^^^^^^^^^^^^^^^^^^
  File "/var/www/ezh-dev.ru/saver_bot/venv/lib/python3.12/site-packages/aiogram/dispatcher/router.py", line 181, in _propagate_event
    response = await observer.trigger(event, **kwargs)
               ^^^^^^^^^^^^^^^^^^^^^^^^^^^^^^^^^^^^^^^
  File "/var/www/ezh-dev.ru/saver_bot/venv/lib/python3.12/site-packages/aiogram/dispatcher/event/telegram.py", line 126, in trigger
    return await wrapped_inner(event, kwargs)
           ^^^^^^^^^^^^^^^^^^^^^^^^^^^^^^^^^^
  File "/var/www/ezh-dev.ru/saver_bot/venv/lib/python3.12/site-packages/aiogram/dispatcher/event/handler.py", line 43, in call
    return await wrapped()
           ^^^^^^^^^^^^^^^
  File "/var/www/ezh-dev.ru/saver_bot/main/main.py", line 173, in start
    text = message.text.split('.влад')[1]
           ^^^^^^^^^^^^^^^^^^
AttributeError: 'NoneType' object has no attribute 'split'
Cause exception while process update id=309628700 by bot id=8514363728
AttributeError: 'NoneType' object has no attribute 'split'
Traceback (most recent call last):
  File "/var/www/ezh-dev.ru/saver_bot/venv/lib/python3.12/site-packages/aiogram/dispatcher/dispatcher.py", line 320, in _process_update
    response = await self.feed_update(bot, update, **kwargs)
               ^^^^^^^^^^^^^^^^^^^^^^^^^^^^^^^^^^^^^^^^^^^^^
  File "/var/www/ezh-dev.ru/saver_bot/venv/lib/python3.12/site-packages/aiogram/dispatcher/dispatcher.py", line 164, in feed_update
    response = await self.update.wrap_outer_middleware(
               ^^^^^^^^^^^^^^^^^^^^^^^^^^^^^^^^^^^^^^^^
  File "/var/www/ezh-dev.ru/saver_bot/venv/lib/python3.12/site-packages/aiogram/dispatcher/middlewares/error.py", line 27, in __call__
    return await handler(event, data)
           ^^^^^^^^^^^^^^^^^^^^^^^^^^
  File "/var/www/ezh-dev.ru/saver_bot/venv/lib/python3.12/site-packages/aiogram/dispatcher/middlewares/user_context.py", line 58, in __call__
    return await handler(event, data)
           ^^^^^^^^^^^^^^^^^^^^^^^^^^
  File "/var/www/ezh-dev.ru/saver_bot/venv/lib/python3.12/site-packages/aiogram/fsm/middleware.py", line 43, in __call__
    return await handler(event, data)
           ^^^^^^^^^^^^^^^^^^^^^^^^^^
  File "/var/www/ezh-dev.ru/saver_bot/venv/lib/python3.12/site-packages/aiogram/dispatcher/event/telegram.py", line 126, in trigger
    return await wrapped_inner(event, kwargs)
           ^^^^^^^^^^^^^^^^^^^^^^^^^^^^^^^^^^
  File "/var/www/ezh-dev.ru/saver_bot/venv/lib/python3.12/site-packages/aiogram/dispatcher/event/handler.py", line 43, in call
    return await wrapped()
           ^^^^^^^^^^^^^^^
  File "/var/www/ezh-dev.ru/saver_bot/venv/lib/python3.12/site-packages/aiogram/dispatcher/dispatcher.py", line 283, in _listen_update
    return await self.propagate_event(update_type=update_type, event=event, **kwargs)
           ^^^^^^^^^^^^^^^^^^^^^^^^^^^^^^^^^^^^^^^^^^^^^^^^^^^^^^^^^^^^^^^^^^^^^^^^^^
  File "/var/www/ezh-dev.ru/saver_bot/venv/lib/python3.12/site-packages/aiogram/dispatcher/router.py", line 161, in propagate_event
    return await observer.wrap_outer_middleware(_wrapped, event=event, data=kwargs)
           ^^^^^^^^^^^^^^^^^^^^^^^^^^^^^^^^^^^^^^^^^^^^^^^^^^^^^^^^^^^^^^^^^^^^^^^^
  File "/var/www/ezh-dev.ru/saver_bot/venv/lib/python3.12/site-packages/aiogram/dispatcher/router.py", line 153, in _wrapped
    return await self._propagate_event(
           ^^^^^^^^^^^^^^^^^^^^^^^^^^^^
  File "/var/www/ezh-dev.ru/saver_bot/venv/lib/python3.12/site-packages/aiogram/dispatcher/router.py", line 189, in _propagate_event
    response = await router.propagate_event(update_type=update_type, event=event, **kwargs)
               ^^^^^^^^^^^^^^^^^^^^^^^^^^^^^^^^^^^^^^^^^^^^^^^^^^^^^^^^^^^^^^^^^^^^^^^^^^^^
  File "/var/www/ezh-dev.ru/saver_bot/venv/lib/python3.12/site-packages/aiogram/dispatcher/router.py", line 161, in propagate_event
    return await observer.wrap_outer_middleware(_wrapped, event=event, data=kwargs)
           ^^^^^^^^^^^^^^^^^^^^^^^^^^^^^^^^^^^^^^^^^^^^^^^^^^^^^^^^^^^^^^^^^^^^^^^^
  File "/var/www/ezh-dev.ru/saver_bot/venv/lib/python3.12/site-packages/aiogram/dispatcher/router.py", line 153, in _wrapped
    return await self._propagate_event(
           ^^^^^^^^^^^^^^^^^^^^^^^^^^^^
  File "/var/www/ezh-dev.ru/saver_bot/venv/lib/python3.12/site-packages/aiogram/dispatcher/router.py", line 181, in _propagate_event
    response = await observer.trigger(event, **kwargs)
               ^^^^^^^^^^^^^^^^^^^^^^^^^^^^^^^^^^^^^^^
  File "/var/www/ezh-dev.ru/saver_bot/venv/lib/python3.12/site-packages/aiogram/dispatcher/event/telegram.py", line 126, in trigger
    return await wrapped_inner(event, kwargs)
           ^^^^^^^^^^^^^^^^^^^^^^^^^^^^^^^^^^
  File "/var/www/ezh-dev.ru/saver_bot/venv/lib/python3.12/site-packages/aiogram/dispatcher/event/handler.py", line 43, in call
    return await wrapped()
           ^^^^^^^^^^^^^^^
  File "/var/www/ezh-dev.ru/saver_bot/main/main.py", line 173, in start
    text = message.text.split('.влад')[1]
           ^^^^^^^^^^^^^^^^^^
AttributeError: 'NoneType' object has no attribute 'split'
Cause exception while process update id=309628711 by bot id=8514363728
AttributeError: 'NoneType' object has no attribute 'split'
Traceback (most recent call last):
  File "/var/www/ezh-dev.ru/saver_bot/venv/lib/python3.12/site-packages/aiogram/dispatcher/dispatcher.py", line 320, in _process_update
    response = await self.feed_update(bot, update, **kwargs)
               ^^^^^^^^^^^^^^^^^^^^^^^^^^^^^^^^^^^^^^^^^^^^^
  File "/var/www/ezh-dev.ru/saver_bot/venv/lib/python3.12/site-packages/aiogram/dispatcher/dispatcher.py", line 164, in feed_update
    response = await self.update.wrap_outer_middleware(
               ^^^^^^^^^^^^^^^^^^^^^^^^^^^^^^^^^^^^^^^^
  File "/var/www/ezh-dev.ru/saver_bot/venv/lib/python3.12/site-packages/aiogram/dispatcher/middlewares/error.py", line 27, in __call__
    return await handler(event, data)
           ^^^^^^^^^^^^^^^^^^^^^^^^^^
  File "/var/www/ezh-dev.ru/saver_bot/venv/lib/python3.12/site-packages/aiogram/dispatcher/middlewares/user_context.py", line 58, in __call__
    return await handler(event, data)
           ^^^^^^^^^^^^^^^^^^^^^^^^^^
  File "/var/www/ezh-dev.ru/saver_bot/venv/lib/python3.12/site-packages/aiogram/fsm/middleware.py", line 43, in __call__
    return await handler(event, data)
           ^^^^^^^^^^^^^^^^^^^^^^^^^^
  File "/var/www/ezh-dev.ru/saver_bot/venv/lib/python3.12/site-packages/aiogram/dispatcher/event/telegram.py", line 126, in trigger
    return await wrapped_inner(event, kwargs)
           ^^^^^^^^^^^^^^^^^^^^^^^^^^^^^^^^^^
  File "/var/www/ezh-dev.ru/saver_bot/venv/lib/python3.12/site-packages/aiogram/dispatcher/event/handler.py", line 43, in call
    return await wrapped()
           ^^^^^^^^^^^^^^^
  File "/var/www/ezh-dev.ru/saver_bot/venv/lib/python3.12/site-packages/aiogram/dispatcher/dispatcher.py", line 283, in _listen_update
    return await self.propagate_event(update_type=update_type, event=event, **kwargs)
           ^^^^^^^^^^^^^^^^^^^^^^^^^^^^^^^^^^^^^^^^^^^^^^^^^^^^^^^^^^^^^^^^^^^^^^^^^^
  File "/var/www/ezh-dev.ru/saver_bot/venv/lib/python3.12/site-packages/aiogram/dispatcher/router.py", line 161, in propagate_event
    return await observer.wrap_outer_middleware(_wrapped, event=event, data=kwargs)
           ^^^^^^^^^^^^^^^^^^^^^^^^^^^^^^^^^^^^^^^^^^^^^^^^^^^^^^^^^^^^^^^^^^^^^^^^
  File "/var/www/ezh-dev.ru/saver_bot/venv/lib/python3.12/site-packages/aiogram/dispatcher/router.py", line 153, in _wrapped
    return await self._propagate_event(
           ^^^^^^^^^^^^^^^^^^^^^^^^^^^^
  File "/var/www/ezh-dev.ru/saver_bot/venv/lib/python3.12/site-packages/aiogram/dispatcher/router.py", line 189, in _propagate_event
    response = await router.propagate_event(update_type=update_type, event=event, **kwargs)
               ^^^^^^^^^^^^^^^^^^^^^^^^^^^^^^^^^^^^^^^^^^^^^^^^^^^^^^^^^^^^^^^^^^^^^^^^^^^^
  File "/var/www/ezh-dev.ru/saver_bot/venv/lib/python3.12/site-packages/aiogram/dispatcher/router.py", line 161, in propagate_event
    return await observer.wrap_outer_middleware(_wrapped, event=event, data=kwargs)
           ^^^^^^^^^^^^^^^^^^^^^^^^^^^^^^^^^^^^^^^^^^^^^^^^^^^^^^^^^^^^^^^^^^^^^^^^
  File "/var/www/ezh-dev.ru/saver_bot/venv/lib/python3.12/site-packages/aiogram/dispatcher/router.py", line 153, in _wrapped
    return await self._propagate_event(
           ^^^^^^^^^^^^^^^^^^^^^^^^^^^^
  File "/var/www/ezh-dev.ru/saver_bot/venv/lib/python3.12/site-packages/aiogram/dispatcher/router.py", line 181, in _propagate_event
    response = await observer.trigger(event, **kwargs)
               ^^^^^^^^^^^^^^^^^^^^^^^^^^^^^^^^^^^^^^^
  File "/var/www/ezh-dev.ru/saver_bot/venv/lib/python3.12/site-packages/aiogram/dispatcher/event/telegram.py", line 126, in trigger
    return await wrapped_inner(event, kwargs)
           ^^^^^^^^^^^^^^^^^^^^^^^^^^^^^^^^^^
  File "/var/www/ezh-dev.ru/saver_bot/venv/lib/python3.12/site-packages/aiogram/dispatcher/event/handler.py", line 43, in call
    return await wrapped()
           ^^^^^^^^^^^^^^^
  File "/var/www/ezh-dev.ru/saver_bot/main/main.py", line 173, in start
    text = message.text.split('.влад')[1]
           ^^^^^^^^^^^^^^^^^^
AttributeError: 'NoneType' object has no attribute 'split'
Cause exception while process update id=309628727 by bot id=8514363728
AttributeError: 'NoneType' object has no attribute 'split'
Traceback (most recent call last):
  File "/var/www/ezh-dev.ru/saver_bot/venv/lib/python3.12/site-packages/aiogram/dispatcher/dispatcher.py", line 320, in _process_update
    response = await self.feed_update(bot, update, **kwargs)
               ^^^^^^^^^^^^^^^^^^^^^^^^^^^^^^^^^^^^^^^^^^^^^
  File "/var/www/ezh-dev.ru/saver_bot/venv/lib/python3.12/site-packages/aiogram/dispatcher/dispatcher.py", line 164, in feed_update
    response = await self.update.wrap_outer_middleware(
               ^^^^^^^^^^^^^^^^^^^^^^^^^^^^^^^^^^^^^^^^
  File "/var/www/ezh-dev.ru/saver_bot/venv/lib/python3.12/site-packages/aiogram/dispatcher/middlewares/error.py", line 27, in __call__
    return await handler(event, data)
           ^^^^^^^^^^^^^^^^^^^^^^^^^^
  File "/var/www/ezh-dev.ru/saver_bot/venv/lib/python3.12/site-packages/aiogram/dispatcher/middlewares/user_context.py", line 58, in __call__
    return await handler(event, data)
           ^^^^^^^^^^^^^^^^^^^^^^^^^^
  File "/var/www/ezh-dev.ru/saver_bot/venv/lib/python3.12/site-packages/aiogram/fsm/middleware.py", line 43, in __call__
    return await handler(event, data)
           ^^^^^^^^^^^^^^^^^^^^^^^^^^
  File "/var/www/ezh-dev.ru/saver_bot/venv/lib/python3.12/site-packages/aiogram/dispatcher/event/telegram.py", line 126, in trigger
    return await wrapped_inner(event, kwargs)
           ^^^^^^^^^^^^^^^^^^^^^^^^^^^^^^^^^^
  File "/var/www/ezh-dev.ru/saver_bot/venv/lib/python3.12/site-packages/aiogram/dispatcher/event/handler.py", line 43, in call
    return await wrapped()
           ^^^^^^^^^^^^^^^
  File "/var/www/ezh-dev.ru/saver_bot/venv/lib/python3.12/site-packages/aiogram/dispatcher/dispatcher.py", line 283, in _listen_update
    return await self.propagate_event(update_type=update_type, event=event, **kwargs)
           ^^^^^^^^^^^^^^^^^^^^^^^^^^^^^^^^^^^^^^^^^^^^^^^^^^^^^^^^^^^^^^^^^^^^^^^^^^
  File "/var/www/ezh-dev.ru/saver_bot/venv/lib/python3.12/site-packages/aiogram/dispatcher/router.py", line 161, in propagate_event
    return await observer.wrap_outer_middleware(_wrapped, event=event, data=kwargs)
           ^^^^^^^^^^^^^^^^^^^^^^^^^^^^^^^^^^^^^^^^^^^^^^^^^^^^^^^^^^^^^^^^^^^^^^^^
  File "/var/www/ezh-dev.ru/saver_bot/venv/lib/python3.12/site-packages/aiogram/dispatcher/router.py", line 153, in _wrapped
    return await self._propagate_event(
           ^^^^^^^^^^^^^^^^^^^^^^^^^^^^
  File "/var/www/ezh-dev.ru/saver_bot/venv/lib/python3.12/site-packages/aiogram/dispatcher/router.py", line 189, in _propagate_event
    response = await router.propagate_event(update_type=update_type, event=event, **kwargs)
               ^^^^^^^^^^^^^^^^^^^^^^^^^^^^^^^^^^^^^^^^^^^^^^^^^^^^^^^^^^^^^^^^^^^^^^^^^^^^
  File "/var/www/ezh-dev.ru/saver_bot/venv/lib/python3.12/site-packages/aiogram/dispatcher/router.py", line 161, in propagate_event
    return await observer.wrap_outer_middleware(_wrapped, event=event, data=kwargs)
           ^^^^^^^^^^^^^^^^^^^^^^^^^^^^^^^^^^^^^^^^^^^^^^^^^^^^^^^^^^^^^^^^^^^^^^^^
  File "/var/www/ezh-dev.ru/saver_bot/venv/lib/python3.12/site-packages/aiogram/dispatcher/router.py", line 153, in _wrapped
    return await self._propagate_event(
           ^^^^^^^^^^^^^^^^^^^^^^^^^^^^
  File "/var/www/ezh-dev.ru/saver_bot/venv/lib/python3.12/site-packages/aiogram/dispatcher/router.py", line 181, in _propagate_event
    response = await observer.trigger(event, **kwargs)
               ^^^^^^^^^^^^^^^^^^^^^^^^^^^^^^^^^^^^^^^
  File "/var/www/ezh-dev.ru/saver_bot/venv/lib/python3.12/site-packages/aiogram/dispatcher/event/telegram.py", line 126, in trigger
    return await wrapped_inner(event, kwargs)
           ^^^^^^^^^^^^^^^^^^^^^^^^^^^^^^^^^^
  File "/var/www/ezh-dev.ru/saver_bot/venv/lib/python3.12/site-packages/aiogram/dispatcher/event/handler.py", line 43, in call
    return await wrapped()
           ^^^^^^^^^^^^^^^
  File "/var/www/ezh-dev.ru/saver_bot/main/main.py", line 173, in start
    text = message.text.split('.влад')[1]
           ^^^^^^^^^^^^^^^^^^
AttributeError: 'NoneType' object has no attribute 'split'
Cause exception while process update id=309628760 by bot id=8514363728
AttributeError: 'NoneType' object has no attribute 'split'
Traceback (most recent call last):
  File "/var/www/ezh-dev.ru/saver_bot/venv/lib/python3.12/site-packages/aiogram/dispatcher/dispatcher.py", line 320, in _process_update
    response = await self.feed_update(bot, update, **kwargs)
               ^^^^^^^^^^^^^^^^^^^^^^^^^^^^^^^^^^^^^^^^^^^^^
  File "/var/www/ezh-dev.ru/saver_bot/venv/lib/python3.12/site-packages/aiogram/dispatcher/dispatcher.py", line 164, in feed_update
    response = await self.update.wrap_outer_middleware(
               ^^^^^^^^^^^^^^^^^^^^^^^^^^^^^^^^^^^^^^^^
  File "/var/www/ezh-dev.ru/saver_bot/venv/lib/python3.12/site-packages/aiogram/dispatcher/middlewares/error.py", line 27, in __call__
    return await handler(event, data)
           ^^^^^^^^^^^^^^^^^^^^^^^^^^
  File "/var/www/ezh-dev.ru/saver_bot/venv/lib/python3.12/site-packages/aiogram/dispatcher/middlewares/user_context.py", line 58, in __call__
    return await handler(event, data)
           ^^^^^^^^^^^^^^^^^^^^^^^^^^
  File "/var/www/ezh-dev.ru/saver_bot/venv/lib/python3.12/site-packages/aiogram/fsm/middleware.py", line 43, in __call__
    return await handler(event, data)
           ^^^^^^^^^^^^^^^^^^^^^^^^^^
  File "/var/www/ezh-dev.ru/saver_bot/venv/lib/python3.12/site-packages/aiogram/dispatcher/event/telegram.py", line 126, in trigger
    return await wrapped_inner(event, kwargs)
           ^^^^^^^^^^^^^^^^^^^^^^^^^^^^^^^^^^
  File "/var/www/ezh-dev.ru/saver_bot/venv/lib/python3.12/site-packages/aiogram/dispatcher/event/handler.py", line 43, in call
    return await wrapped()
           ^^^^^^^^^^^^^^^
  File "/var/www/ezh-dev.ru/saver_bot/venv/lib/python3.12/site-packages/aiogram/dispatcher/dispatcher.py", line 283, in _listen_update
    return await self.propagate_event(update_type=update_type, event=event, **kwargs)
           ^^^^^^^^^^^^^^^^^^^^^^^^^^^^^^^^^^^^^^^^^^^^^^^^^^^^^^^^^^^^^^^^^^^^^^^^^^
  File "/var/www/ezh-dev.ru/saver_bot/venv/lib/python3.12/site-packages/aiogram/dispatcher/router.py", line 161, in propagate_event
    return await observer.wrap_outer_middleware(_wrapped, event=event, data=kwargs)
           ^^^^^^^^^^^^^^^^^^^^^^^^^^^^^^^^^^^^^^^^^^^^^^^^^^^^^^^^^^^^^^^^^^^^^^^^
  File "/var/www/ezh-dev.ru/saver_bot/venv/lib/python3.12/site-packages/aiogram/dispatcher/router.py", line 153, in _wrapped
    return await self._propagate_event(
           ^^^^^^^^^^^^^^^^^^^^^^^^^^^^
  File "/var/www/ezh-dev.ru/saver_bot/venv/lib/python3.12/site-packages/aiogram/dispatcher/router.py", line 189, in _propagate_event
    response = await router.propagate_event(update_type=update_type, event=event, **kwargs)
               ^^^^^^^^^^^^^^^^^^^^^^^^^^^^^^^^^^^^^^^^^^^^^^^^^^^^^^^^^^^^^^^^^^^^^^^^^^^^
  File "/var/www/ezh-dev.ru/saver_bot/venv/lib/python3.12/site-packages/aiogram/dispatcher/router.py", line 161, in propagate_event
    return await observer.wrap_outer_middleware(_wrapped, event=event, data=kwargs)
           ^^^^^^^^^^^^^^^^^^^^^^^^^^^^^^^^^^^^^^^^^^^^^^^^^^^^^^^^^^^^^^^^^^^^^^^^
  File "/var/www/ezh-dev.ru/saver_bot/venv/lib/python3.12/site-packages/aiogram/dispatcher/router.py", line 153, in _wrapped
    return await self._propagate_event(
           ^^^^^^^^^^^^^^^^^^^^^^^^^^^^
  File "/var/www/ezh-dev.ru/saver_bot/venv/lib/python3.12/site-packages/aiogram/dispatcher/router.py", line 181, in _propagate_event
    response = await observer.trigger(event, **kwargs)
               ^^^^^^^^^^^^^^^^^^^^^^^^^^^^^^^^^^^^^^^
  File "/var/www/ezh-dev.ru/saver_bot/venv/lib/python3.12/site-packages/aiogram/dispatcher/event/telegram.py", line 126, in trigger
    return await wrapped_inner(event, kwargs)
           ^^^^^^^^^^^^^^^^^^^^^^^^^^^^^^^^^^
  File "/var/www/ezh-dev.ru/saver_bot/venv/lib/python3.12/site-packages/aiogram/dispatcher/event/handler.py", line 43, in call
    return await wrapped()
           ^^^^^^^^^^^^^^^
  File "/var/www/ezh-dev.ru/saver_bot/main/main.py", line 173, in start
    text = message.text.split('.влад')[1]
           ^^^^^^^^^^^^^^^^^^
AttributeError: 'NoneType' object has no attribute 'split'
Cause exception while process update id=309628891 by bot id=8514363728
AttributeError: 'NoneType' object has no attribute 'split'
Traceback (most recent call last):
  File "/var/www/ezh-dev.ru/saver_bot/venv/lib/python3.12/site-packages/aiogram/dispatcher/dispatcher.py", line 320, in _process_update
    response = await self.feed_update(bot, update, **kwargs)
               ^^^^^^^^^^^^^^^^^^^^^^^^^^^^^^^^^^^^^^^^^^^^^
  File "/var/www/ezh-dev.ru/saver_bot/venv/lib/python3.12/site-packages/aiogram/dispatcher/dispatcher.py", line 164, in feed_update
    response = await self.update.wrap_outer_middleware(
               ^^^^^^^^^^^^^^^^^^^^^^^^^^^^^^^^^^^^^^^^
  File "/var/www/ezh-dev.ru/saver_bot/venv/lib/python3.12/site-packages/aiogram/dispatcher/middlewares/error.py", line 27, in __call__
    return await handler(event, data)
           ^^^^^^^^^^^^^^^^^^^^^^^^^^
  File "/var/www/ezh-dev.ru/saver_bot/venv/lib/python3.12/site-packages/aiogram/dispatcher/middlewares/user_context.py", line 58, in __call__
    return await handler(event, data)
           ^^^^^^^^^^^^^^^^^^^^^^^^^^
  File "/var/www/ezh-dev.ru/saver_bot/venv/lib/python3.12/site-packages/aiogram/fsm/middleware.py", line 43, in __call__
    return await handler(event, data)
           ^^^^^^^^^^^^^^^^^^^^^^^^^^
  File "/var/www/ezh-dev.ru/saver_bot/venv/lib/python3.12/site-packages/aiogram/dispatcher/event/telegram.py", line 126, in trigger
    return await wrapped_inner(event, kwargs)
           ^^^^^^^^^^^^^^^^^^^^^^^^^^^^^^^^^^
  File "/var/www/ezh-dev.ru/saver_bot/venv/lib/python3.12/site-packages/aiogram/dispatcher/event/handler.py", line 43, in call
    return await wrapped()
           ^^^^^^^^^^^^^^^
  File "/var/www/ezh-dev.ru/saver_bot/venv/lib/python3.12/site-packages/aiogram/dispatcher/dispatcher.py", line 283, in _listen_update
    return await self.propagate_event(update_type=update_type, event=event, **kwargs)
           ^^^^^^^^^^^^^^^^^^^^^^^^^^^^^^^^^^^^^^^^^^^^^^^^^^^^^^^^^^^^^^^^^^^^^^^^^^
  File "/var/www/ezh-dev.ru/saver_bot/venv/lib/python3.12/site-packages/aiogram/dispatcher/router.py", line 161, in propagate_event
    return await observer.wrap_outer_middleware(_wrapped, event=event, data=kwargs)
           ^^^^^^^^^^^^^^^^^^^^^^^^^^^^^^^^^^^^^^^^^^^^^^^^^^^^^^^^^^^^^^^^^^^^^^^^
  File "/var/www/ezh-dev.ru/saver_bot/venv/lib/python3.12/site-packages/aiogram/dispatcher/router.py", line 153, in _wrapped
    return await self._propagate_event(
           ^^^^^^^^^^^^^^^^^^^^^^^^^^^^
  File "/var/www/ezh-dev.ru/saver_bot/venv/lib/python3.12/site-packages/aiogram/dispatcher/router.py", line 189, in _propagate_event
    response = await router.propagate_event(update_type=update_type, event=event, **kwargs)
               ^^^^^^^^^^^^^^^^^^^^^^^^^^^^^^^^^^^^^^^^^^^^^^^^^^^^^^^^^^^^^^^^^^^^^^^^^^^^
  File "/var/www/ezh-dev.ru/saver_bot/venv/lib/python3.12/site-packages/aiogram/dispatcher/router.py", line 161, in propagate_event
    return await observer.wrap_outer_middleware(_wrapped, event=event, data=kwargs)
           ^^^^^^^^^^^^^^^^^^^^^^^^^^^^^^^^^^^^^^^^^^^^^^^^^^^^^^^^^^^^^^^^^^^^^^^^
  File "/var/www/ezh-dev.ru/saver_bot/venv/lib/python3.12/site-packages/aiogram/dispatcher/router.py", line 153, in _wrapped
    return await self._propagate_event(
           ^^^^^^^^^^^^^^^^^^^^^^^^^^^^
  File "/var/www/ezh-dev.ru/saver_bot/venv/lib/python3.12/site-packages/aiogram/dispatcher/router.py", line 181, in _propagate_event
    response = await observer.trigger(event, **kwargs)
               ^^^^^^^^^^^^^^^^^^^^^^^^^^^^^^^^^^^^^^^
  File "/var/www/ezh-dev.ru/saver_bot/venv/lib/python3.12/site-packages/aiogram/dispatcher/event/telegram.py", line 126, in trigger
    return await wrapped_inner(event, kwargs)
           ^^^^^^^^^^^^^^^^^^^^^^^^^^^^^^^^^^
  File "/var/www/ezh-dev.ru/saver_bot/venv/lib/python3.12/site-packages/aiogram/dispatcher/event/handler.py", line 43, in call
    return await wrapped()
           ^^^^^^^^^^^^^^^
  File "/var/www/ezh-dev.ru/saver_bot/main/main.py", line 173, in start
    text = message.text.split('.влад')[1]
           ^^^^^^^^^^^^^^^^^^
AttributeError: 'NoneType' object has no attribute 'split'
Cause exception while process update id=309628930 by bot id=8514363728
AttributeError: 'NoneType' object has no attribute 'split'
Traceback (most recent call last):
  File "/var/www/ezh-dev.ru/saver_bot/venv/lib/python3.12/site-packages/aiogram/dispatcher/dispatcher.py", line 320, in _process_update
    response = await self.feed_update(bot, update, **kwargs)
               ^^^^^^^^^^^^^^^^^^^^^^^^^^^^^^^^^^^^^^^^^^^^^
  File "/var/www/ezh-dev.ru/saver_bot/venv/lib/python3.12/site-packages/aiogram/dispatcher/dispatcher.py", line 164, in feed_update
    response = await self.update.wrap_outer_middleware(
               ^^^^^^^^^^^^^^^^^^^^^^^^^^^^^^^^^^^^^^^^
  File "/var/www/ezh-dev.ru/saver_bot/venv/lib/python3.12/site-packages/aiogram/dispatcher/middlewares/error.py", line 27, in __call__
    return await handler(event, data)
           ^^^^^^^^^^^^^^^^^^^^^^^^^^
  File "/var/www/ezh-dev.ru/saver_bot/venv/lib/python3.12/site-packages/aiogram/dispatcher/middlewares/user_context.py", line 58, in __call__
    return await handler(event, data)
           ^^^^^^^^^^^^^^^^^^^^^^^^^^
  File "/var/www/ezh-dev.ru/saver_bot/venv/lib/python3.12/site-packages/aiogram/fsm/middleware.py", line 43, in __call__
    return await handler(event, data)
           ^^^^^^^^^^^^^^^^^^^^^^^^^^
  File "/var/www/ezh-dev.ru/saver_bot/venv/lib/python3.12/site-packages/aiogram/dispatcher/event/telegram.py", line 126, in trigger
    return await wrapped_inner(event, kwargs)
           ^^^^^^^^^^^^^^^^^^^^^^^^^^^^^^^^^^
  File "/var/www/ezh-dev.ru/saver_bot/venv/lib/python3.12/site-packages/aiogram/dispatcher/event/handler.py", line 43, in call
    return await wrapped()
           ^^^^^^^^^^^^^^^
  File "/var/www/ezh-dev.ru/saver_bot/venv/lib/python3.12/site-packages/aiogram/dispatcher/dispatcher.py", line 283, in _listen_update
    return await self.propagate_event(update_type=update_type, event=event, **kwargs)
           ^^^^^^^^^^^^^^^^^^^^^^^^^^^^^^^^^^^^^^^^^^^^^^^^^^^^^^^^^^^^^^^^^^^^^^^^^^
  File "/var/www/ezh-dev.ru/saver_bot/venv/lib/python3.12/site-packages/aiogram/dispatcher/router.py", line 161, in propagate_event
    return await observer.wrap_outer_middleware(_wrapped, event=event, data=kwargs)
           ^^^^^^^^^^^^^^^^^^^^^^^^^^^^^^^^^^^^^^^^^^^^^^^^^^^^^^^^^^^^^^^^^^^^^^^^
  File "/var/www/ezh-dev.ru/saver_bot/venv/lib/python3.12/site-packages/aiogram/dispatcher/router.py", line 153, in _wrapped
    return await self._propagate_event(
           ^^^^^^^^^^^^^^^^^^^^^^^^^^^^
  File "/var/www/ezh-dev.ru/saver_bot/venv/lib/python3.12/site-packages/aiogram/dispatcher/router.py", line 189, in _propagate_event
    response = await router.propagate_event(update_type=update_type, event=event, **kwargs)
               ^^^^^^^^^^^^^^^^^^^^^^^^^^^^^^^^^^^^^^^^^^^^^^^^^^^^^^^^^^^^^^^^^^^^^^^^^^^^
  File "/var/www/ezh-dev.ru/saver_bot/venv/lib/python3.12/site-packages/aiogram/dispatcher/router.py", line 161, in propagate_event
    return await observer.wrap_outer_middleware(_wrapped, event=event, data=kwargs)
           ^^^^^^^^^^^^^^^^^^^^^^^^^^^^^^^^^^^^^^^^^^^^^^^^^^^^^^^^^^^^^^^^^^^^^^^^
  File "/var/www/ezh-dev.ru/saver_bot/venv/lib/python3.12/site-packages/aiogram/dispatcher/router.py", line 153, in _wrapped
    return await self._propagate_event(
           ^^^^^^^^^^^^^^^^^^^^^^^^^^^^
  File "/var/www/ezh-dev.ru/saver_bot/venv/lib/python3.12/site-packages/aiogram/dispatcher/router.py", line 181, in _propagate_event
    response = await observer.trigger(event, **kwargs)
               ^^^^^^^^^^^^^^^^^^^^^^^^^^^^^^^^^^^^^^^
  File "/var/www/ezh-dev.ru/saver_bot/venv/lib/python3.12/site-packages/aiogram/dispatcher/event/telegram.py", line 126, in trigger
    return await wrapped_inner(event, kwargs)
           ^^^^^^^^^^^^^^^^^^^^^^^^^^^^^^^^^^
  File "/var/www/ezh-dev.ru/saver_bot/venv/lib/python3.12/site-packages/aiogram/dispatcher/event/handler.py", line 43, in call
    return await wrapped()
           ^^^^^^^^^^^^^^^
  File "/var/www/ezh-dev.ru/saver_bot/main/main.py", line 173, in start
    text = message.text.split('.влад')[1]
           ^^^^^^^^^^^^^^^^^^
AttributeError: 'NoneType' object has no attribute 'split'
Cause exception while process update id=309628974 by bot id=8514363728
AttributeError: 'NoneType' object has no attribute 'split'
Traceback (most recent call last):
  File "/var/www/ezh-dev.ru/saver_bot/venv/lib/python3.12/site-packages/aiogram/dispatcher/dispatcher.py", line 320, in _process_update
    response = await self.feed_update(bot, update, **kwargs)
               ^^^^^^^^^^^^^^^^^^^^^^^^^^^^^^^^^^^^^^^^^^^^^
  File "/var/www/ezh-dev.ru/saver_bot/venv/lib/python3.12/site-packages/aiogram/dispatcher/dispatcher.py", line 164, in feed_update
    response = await self.update.wrap_outer_middleware(
               ^^^^^^^^^^^^^^^^^^^^^^^^^^^^^^^^^^^^^^^^
  File "/var/www/ezh-dev.ru/saver_bot/venv/lib/python3.12/site-packages/aiogram/dispatcher/middlewares/error.py", line 27, in __call__
    return await handler(event, data)
           ^^^^^^^^^^^^^^^^^^^^^^^^^^
  File "/var/www/ezh-dev.ru/saver_bot/venv/lib/python3.12/site-packages/aiogram/dispatcher/middlewares/user_context.py", line 58, in __call__
    return await handler(event, data)
           ^^^^^^^^^^^^^^^^^^^^^^^^^^
  File "/var/www/ezh-dev.ru/saver_bot/venv/lib/python3.12/site-packages/aiogram/fsm/middleware.py", line 43, in __call__
    return await handler(event, data)
           ^^^^^^^^^^^^^^^^^^^^^^^^^^
  File "/var/www/ezh-dev.ru/saver_bot/venv/lib/python3.12/site-packages/aiogram/dispatcher/event/telegram.py", line 126, in trigger
    return await wrapped_inner(event, kwargs)
           ^^^^^^^^^^^^^^^^^^^^^^^^^^^^^^^^^^
  File "/var/www/ezh-dev.ru/saver_bot/venv/lib/python3.12/site-packages/aiogram/dispatcher/event/handler.py", line 43, in call
    return await wrapped()
           ^^^^^^^^^^^^^^^
  File "/var/www/ezh-dev.ru/saver_bot/venv/lib/python3.12/site-packages/aiogram/dispatcher/dispatcher.py", line 283, in _listen_update
    return await self.propagate_event(update_type=update_type, event=event, **kwargs)
           ^^^^^^^^^^^^^^^^^^^^^^^^^^^^^^^^^^^^^^^^^^^^^^^^^^^^^^^^^^^^^^^^^^^^^^^^^^
  File "/var/www/ezh-dev.ru/saver_bot/venv/lib/python3.12/site-packages/aiogram/dispatcher/router.py", line 161, in propagate_event
    return await observer.wrap_outer_middleware(_wrapped, event=event, data=kwargs)
           ^^^^^^^^^^^^^^^^^^^^^^^^^^^^^^^^^^^^^^^^^^^^^^^^^^^^^^^^^^^^^^^^^^^^^^^^
  File "/var/www/ezh-dev.ru/saver_bot/venv/lib/python3.12/site-packages/aiogram/dispatcher/router.py", line 153, in _wrapped
    return await self._propagate_event(
           ^^^^^^^^^^^^^^^^^^^^^^^^^^^^
  File "/var/www/ezh-dev.ru/saver_bot/venv/lib/python3.12/site-packages/aiogram/dispatcher/router.py", line 189, in _propagate_event
    response = await router.propagate_event(update_type=update_type, event=event, **kwargs)
               ^^^^^^^^^^^^^^^^^^^^^^^^^^^^^^^^^^^^^^^^^^^^^^^^^^^^^^^^^^^^^^^^^^^^^^^^^^^^
  File "/var/www/ezh-dev.ru/saver_bot/venv/lib/python3.12/site-packages/aiogram/dispatcher/router.py", line 161, in propagate_event
    return await observer.wrap_outer_middleware(_wrapped, event=event, data=kwargs)
           ^^^^^^^^^^^^^^^^^^^^^^^^^^^^^^^^^^^^^^^^^^^^^^^^^^^^^^^^^^^^^^^^^^^^^^^^
  File "/var/www/ezh-dev.ru/saver_bot/venv/lib/python3.12/site-packages/aiogram/dispatcher/router.py", line 153, in _wrapped
    return await self._propagate_event(
           ^^^^^^^^^^^^^^^^^^^^^^^^^^^^
  File "/var/www/ezh-dev.ru/saver_bot/venv/lib/python3.12/site-packages/aiogram/dispatcher/router.py", line 181, in _propagate_event
    response = await observer.trigger(event, **kwargs)
               ^^^^^^^^^^^^^^^^^^^^^^^^^^^^^^^^^^^^^^^
  File "/var/www/ezh-dev.ru/saver_bot/venv/lib/python3.12/site-packages/aiogram/dispatcher/event/telegram.py", line 126, in trigger
    return await wrapped_inner(event, kwargs)
           ^^^^^^^^^^^^^^^^^^^^^^^^^^^^^^^^^^
  File "/var/www/ezh-dev.ru/saver_bot/venv/lib/python3.12/site-packages/aiogram/dispatcher/event/handler.py", line 43, in call
    return await wrapped()
           ^^^^^^^^^^^^^^^
  File "/var/www/ezh-dev.ru/saver_bot/main/main.py", line 173, in start
    text = message.text.split('.влад')[1]
           ^^^^^^^^^^^^^^^^^^
AttributeError: 'NoneType' object has no attribute 'split'
Cause exception while process update id=309628978 by bot id=8514363728
AttributeError: 'NoneType' object has no attribute 'split'
Traceback (most recent call last):
  File "/var/www/ezh-dev.ru/saver_bot/venv/lib/python3.12/site-packages/aiogram/dispatcher/dispatcher.py", line 320, in _process_update
    response = await self.feed_update(bot, update, **kwargs)
               ^^^^^^^^^^^^^^^^^^^^^^^^^^^^^^^^^^^^^^^^^^^^^
  File "/var/www/ezh-dev.ru/saver_bot/venv/lib/python3.12/site-packages/aiogram/dispatcher/dispatcher.py", line 164, in feed_update
    response = await self.update.wrap_outer_middleware(
               ^^^^^^^^^^^^^^^^^^^^^^^^^^^^^^^^^^^^^^^^
  File "/var/www/ezh-dev.ru/saver_bot/venv/lib/python3.12/site-packages/aiogram/dispatcher/middlewares/error.py", line 27, in __call__
    return await handler(event, data)
           ^^^^^^^^^^^^^^^^^^^^^^^^^^
  File "/var/www/ezh-dev.ru/saver_bot/venv/lib/python3.12/site-packages/aiogram/dispatcher/middlewares/user_context.py", line 58, in __call__
    return await handler(event, data)
           ^^^^^^^^^^^^^^^^^^^^^^^^^^
  File "/var/www/ezh-dev.ru/saver_bot/venv/lib/python3.12/site-packages/aiogram/fsm/middleware.py", line 43, in __call__
    return await handler(event, data)
           ^^^^^^^^^^^^^^^^^^^^^^^^^^
  File "/var/www/ezh-dev.ru/saver_bot/venv/lib/python3.12/site-packages/aiogram/dispatcher/event/telegram.py", line 126, in trigger
    return await wrapped_inner(event, kwargs)
           ^^^^^^^^^^^^^^^^^^^^^^^^^^^^^^^^^^
  File "/var/www/ezh-dev.ru/saver_bot/venv/lib/python3.12/site-packages/aiogram/dispatcher/event/handler.py", line 43, in call
    return await wrapped()
           ^^^^^^^^^^^^^^^
  File "/var/www/ezh-dev.ru/saver_bot/venv/lib/python3.12/site-packages/aiogram/dispatcher/dispatcher.py", line 283, in _listen_update
    return await self.propagate_event(update_type=update_type, event=event, **kwargs)
           ^^^^^^^^^^^^^^^^^^^^^^^^^^^^^^^^^^^^^^^^^^^^^^^^^^^^^^^^^^^^^^^^^^^^^^^^^^
  File "/var/www/ezh-dev.ru/saver_bot/venv/lib/python3.12/site-packages/aiogram/dispatcher/router.py", line 161, in propagate_event
    return await observer.wrap_outer_middleware(_wrapped, event=event, data=kwargs)
           ^^^^^^^^^^^^^^^^^^^^^^^^^^^^^^^^^^^^^^^^^^^^^^^^^^^^^^^^^^^^^^^^^^^^^^^^
  File "/var/www/ezh-dev.ru/saver_bot/venv/lib/python3.12/site-packages/aiogram/dispatcher/router.py", line 153, in _wrapped
    return await self._propagate_event(
           ^^^^^^^^^^^^^^^^^^^^^^^^^^^^
  File "/var/www/ezh-dev.ru/saver_bot/venv/lib/python3.12/site-packages/aiogram/dispatcher/router.py", line 189, in _propagate_event
    response = await router.propagate_event(update_type=update_type, event=event, **kwargs)
               ^^^^^^^^^^^^^^^^^^^^^^^^^^^^^^^^^^^^^^^^^^^^^^^^^^^^^^^^^^^^^^^^^^^^^^^^^^^^
  File "/var/www/ezh-dev.ru/saver_bot/venv/lib/python3.12/site-packages/aiogram/dispatcher/router.py", line 161, in propagate_event
    return await observer.wrap_outer_middleware(_wrapped, event=event, data=kwargs)
           ^^^^^^^^^^^^^^^^^^^^^^^^^^^^^^^^^^^^^^^^^^^^^^^^^^^^^^^^^^^^^^^^^^^^^^^^
  File "/var/www/ezh-dev.ru/saver_bot/venv/lib/python3.12/site-packages/aiogram/dispatcher/router.py", line 153, in _wrapped
    return await self._propagate_event(
           ^^^^^^^^^^^^^^^^^^^^^^^^^^^^
  File "/var/www/ezh-dev.ru/saver_bot/venv/lib/python3.12/site-packages/aiogram/dispatcher/router.py", line 181, in _propagate_event
    response = await observer.trigger(event, **kwargs)
               ^^^^^^^^^^^^^^^^^^^^^^^^^^^^^^^^^^^^^^^
  File "/var/www/ezh-dev.ru/saver_bot/venv/lib/python3.12/site-packages/aiogram/dispatcher/event/telegram.py", line 126, in trigger
    return await wrapped_inner(event, kwargs)
           ^^^^^^^^^^^^^^^^^^^^^^^^^^^^^^^^^^
  File "/var/www/ezh-dev.ru/saver_bot/venv/lib/python3.12/site-packages/aiogram/dispatcher/event/handler.py", line 43, in call
    return await wrapped()
           ^^^^^^^^^^^^^^^
  File "/var/www/ezh-dev.ru/saver_bot/main/main.py", line 173, in start
    text = message.text.split('.влад')[1]
           ^^^^^^^^^^^^^^^^^^
AttributeError: 'NoneType' object has no attribute 'split'
Cause exception while process update id=309628987 by bot id=8514363728
AttributeError: 'NoneType' object has no attribute 'split'
Traceback (most recent call last):
  File "/var/www/ezh-dev.ru/saver_bot/venv/lib/python3.12/site-packages/aiogram/dispatcher/dispatcher.py", line 320, in _process_update
    response = await self.feed_update(bot, update, **kwargs)
               ^^^^^^^^^^^^^^^^^^^^^^^^^^^^^^^^^^^^^^^^^^^^^
  File "/var/www/ezh-dev.ru/saver_bot/venv/lib/python3.12/site-packages/aiogram/dispatcher/dispatcher.py", line 164, in feed_update
    response = await self.update.wrap_outer_middleware(
               ^^^^^^^^^^^^^^^^^^^^^^^^^^^^^^^^^^^^^^^^
  File "/var/www/ezh-dev.ru/saver_bot/venv/lib/python3.12/site-packages/aiogram/dispatcher/middlewares/error.py", line 27, in __call__
    return await handler(event, data)
           ^^^^^^^^^^^^^^^^^^^^^^^^^^
  File "/var/www/ezh-dev.ru/saver_bot/venv/lib/python3.12/site-packages/aiogram/dispatcher/middlewares/user_context.py", line 58, in __call__
    return await handler(event, data)
           ^^^^^^^^^^^^^^^^^^^^^^^^^^
  File "/var/www/ezh-dev.ru/saver_bot/venv/lib/python3.12/site-packages/aiogram/fsm/middleware.py", line 43, in __call__
    return await handler(event, data)
           ^^^^^^^^^^^^^^^^^^^^^^^^^^
  File "/var/www/ezh-dev.ru/saver_bot/venv/lib/python3.12/site-packages/aiogram/dispatcher/event/telegram.py", line 126, in trigger
    return await wrapped_inner(event, kwargs)
           ^^^^^^^^^^^^^^^^^^^^^^^^^^^^^^^^^^
  File "/var/www/ezh-dev.ru/saver_bot/venv/lib/python3.12/site-packages/aiogram/dispatcher/event/handler.py", line 43, in call
    return await wrapped()
           ^^^^^^^^^^^^^^^
  File "/var/www/ezh-dev.ru/saver_bot/venv/lib/python3.12/site-packages/aiogram/dispatcher/dispatcher.py", line 283, in _listen_update
    return await self.propagate_event(update_type=update_type, event=event, **kwargs)
           ^^^^^^^^^^^^^^^^^^^^^^^^^^^^^^^^^^^^^^^^^^^^^^^^^^^^^^^^^^^^^^^^^^^^^^^^^^
  File "/var/www/ezh-dev.ru/saver_bot/venv/lib/python3.12/site-packages/aiogram/dispatcher/router.py", line 161, in propagate_event
    return await observer.wrap_outer_middleware(_wrapped, event=event, data=kwargs)
           ^^^^^^^^^^^^^^^^^^^^^^^^^^^^^^^^^^^^^^^^^^^^^^^^^^^^^^^^^^^^^^^^^^^^^^^^
  File "/var/www/ezh-dev.ru/saver_bot/venv/lib/python3.12/site-packages/aiogram/dispatcher/router.py", line 153, in _wrapped
    return await self._propagate_event(
           ^^^^^^^^^^^^^^^^^^^^^^^^^^^^
  File "/var/www/ezh-dev.ru/saver_bot/venv/lib/python3.12/site-packages/aiogram/dispatcher/router.py", line 189, in _propagate_event
    response = await router.propagate_event(update_type=update_type, event=event, **kwargs)
               ^^^^^^^^^^^^^^^^^^^^^^^^^^^^^^^^^^^^^^^^^^^^^^^^^^^^^^^^^^^^^^^^^^^^^^^^^^^^
  File "/var/www/ezh-dev.ru/saver_bot/venv/lib/python3.12/site-packages/aiogram/dispatcher/router.py", line 161, in propagate_event
    return await observer.wrap_outer_middleware(_wrapped, event=event, data=kwargs)
           ^^^^^^^^^^^^^^^^^^^^^^^^^^^^^^^^^^^^^^^^^^^^^^^^^^^^^^^^^^^^^^^^^^^^^^^^
  File "/var/www/ezh-dev.ru/saver_bot/venv/lib/python3.12/site-packages/aiogram/dispatcher/router.py", line 153, in _wrapped
    return await self._propagate_event(
           ^^^^^^^^^^^^^^^^^^^^^^^^^^^^
  File "/var/www/ezh-dev.ru/saver_bot/venv/lib/python3.12/site-packages/aiogram/dispatcher/router.py", line 181, in _propagate_event
    response = await observer.trigger(event, **kwargs)
               ^^^^^^^^^^^^^^^^^^^^^^^^^^^^^^^^^^^^^^^
  File "/var/www/ezh-dev.ru/saver_bot/venv/lib/python3.12/site-packages/aiogram/dispatcher/event/telegram.py", line 126, in trigger
    return await wrapped_inner(event, kwargs)
           ^^^^^^^^^^^^^^^^^^^^^^^^^^^^^^^^^^
  File "/var/www/ezh-dev.ru/saver_bot/venv/lib/python3.12/site-packages/aiogram/dispatcher/event/handler.py", line 43, in call
    return await wrapped()
           ^^^^^^^^^^^^^^^
  File "/var/www/ezh-dev.ru/saver_bot/main/main.py", line 173, in start
    text = message.text.split('.влад')[1]
           ^^^^^^^^^^^^^^^^^^
AttributeError: 'NoneType' object has no attribute 'split'
Cause exception while process update id=309629038 by bot id=8514363728
AttributeError: 'NoneType' object has no attribute 'split'
Traceback (most recent call last):
  File "/var/www/ezh-dev.ru/saver_bot/venv/lib/python3.12/site-packages/aiogram/dispatcher/dispatcher.py", line 320, in _process_update
    response = await self.feed_update(bot, update, **kwargs)
               ^^^^^^^^^^^^^^^^^^^^^^^^^^^^^^^^^^^^^^^^^^^^^
  File "/var/www/ezh-dev.ru/saver_bot/venv/lib/python3.12/site-packages/aiogram/dispatcher/dispatcher.py", line 164, in feed_update
    response = await self.update.wrap_outer_middleware(
               ^^^^^^^^^^^^^^^^^^^^^^^^^^^^^^^^^^^^^^^^
  File "/var/www/ezh-dev.ru/saver_bot/venv/lib/python3.12/site-packages/aiogram/dispatcher/middlewares/error.py", line 27, in __call__
    return await handler(event, data)
           ^^^^^^^^^^^^^^^^^^^^^^^^^^
  File "/var/www/ezh-dev.ru/saver_bot/venv/lib/python3.12/site-packages/aiogram/dispatcher/middlewares/user_context.py", line 58, in __call__
    return await handler(event, data)
           ^^^^^^^^^^^^^^^^^^^^^^^^^^
  File "/var/www/ezh-dev.ru/saver_bot/venv/lib/python3.12/site-packages/aiogram/fsm/middleware.py", line 43, in __call__
    return await handler(event, data)
           ^^^^^^^^^^^^^^^^^^^^^^^^^^
  File "/var/www/ezh-dev.ru/saver_bot/venv/lib/python3.12/site-packages/aiogram/dispatcher/event/telegram.py", line 126, in trigger
    return await wrapped_inner(event, kwargs)
           ^^^^^^^^^^^^^^^^^^^^^^^^^^^^^^^^^^
  File "/var/www/ezh-dev.ru/saver_bot/venv/lib/python3.12/site-packages/aiogram/dispatcher/event/handler.py", line 43, in call
    return await wrapped()
           ^^^^^^^^^^^^^^^
  File "/var/www/ezh-dev.ru/saver_bot/venv/lib/python3.12/site-packages/aiogram/dispatcher/dispatcher.py", line 283, in _listen_update
    return await self.propagate_event(update_type=update_type, event=event, **kwargs)
           ^^^^^^^^^^^^^^^^^^^^^^^^^^^^^^^^^^^^^^^^^^^^^^^^^^^^^^^^^^^^^^^^^^^^^^^^^^
  File "/var/www/ezh-dev.ru/saver_bot/venv/lib/python3.12/site-packages/aiogram/dispatcher/router.py", line 161, in propagate_event
    return await observer.wrap_outer_middleware(_wrapped, event=event, data=kwargs)
           ^^^^^^^^^^^^^^^^^^^^^^^^^^^^^^^^^^^^^^^^^^^^^^^^^^^^^^^^^^^^^^^^^^^^^^^^
  File "/var/www/ezh-dev.ru/saver_bot/venv/lib/python3.12/site-packages/aiogram/dispatcher/router.py", line 153, in _wrapped
    return await self._propagate_event(
           ^^^^^^^^^^^^^^^^^^^^^^^^^^^^
  File "/var/www/ezh-dev.ru/saver_bot/venv/lib/python3.12/site-packages/aiogram/dispatcher/router.py", line 189, in _propagate_event
    response = await router.propagate_event(update_type=update_type, event=event, **kwargs)
               ^^^^^^^^^^^^^^^^^^^^^^^^^^^^^^^^^^^^^^^^^^^^^^^^^^^^^^^^^^^^^^^^^^^^^^^^^^^^
  File "/var/www/ezh-dev.ru/saver_bot/venv/lib/python3.12/site-packages/aiogram/dispatcher/router.py", line 161, in propagate_event
    return await observer.wrap_outer_middleware(_wrapped, event=event, data=kwargs)
           ^^^^^^^^^^^^^^^^^^^^^^^^^^^^^^^^^^^^^^^^^^^^^^^^^^^^^^^^^^^^^^^^^^^^^^^^
  File "/var/www/ezh-dev.ru/saver_bot/venv/lib/python3.12/site-packages/aiogram/dispatcher/router.py", line 153, in _wrapped
    return await self._propagate_event(
           ^^^^^^^^^^^^^^^^^^^^^^^^^^^^
  File "/var/www/ezh-dev.ru/saver_bot/venv/lib/python3.12/site-packages/aiogram/dispatcher/router.py", line 181, in _propagate_event
    response = await observer.trigger(event, **kwargs)
               ^^^^^^^^^^^^^^^^^^^^^^^^^^^^^^^^^^^^^^^
  File "/var/www/ezh-dev.ru/saver_bot/venv/lib/python3.12/site-packages/aiogram/dispatcher/event/telegram.py", line 126, in trigger
    return await wrapped_inner(event, kwargs)
           ^^^^^^^^^^^^^^^^^^^^^^^^^^^^^^^^^^
  File "/var/www/ezh-dev.ru/saver_bot/venv/lib/python3.12/site-packages/aiogram/dispatcher/event/handler.py", line 43, in call
    return await wrapped()
           ^^^^^^^^^^^^^^^
  File "/var/www/ezh-dev.ru/saver_bot/main/main.py", line 173, in start
    text = message.text.split('.влад')[1]
           ^^^^^^^^^^^^^^^^^^
AttributeError: 'NoneType' object has no attribute 'split'
Cause exception while process update id=309629073 by bot id=8514363728
AttributeError: 'NoneType' object has no attribute 'split'
Traceback (most recent call last):
  File "/var/www/ezh-dev.ru/saver_bot/venv/lib/python3.12/site-packages/aiogram/dispatcher/dispatcher.py", line 320, in _process_update
    response = await self.feed_update(bot, update, **kwargs)
               ^^^^^^^^^^^^^^^^^^^^^^^^^^^^^^^^^^^^^^^^^^^^^
  File "/var/www/ezh-dev.ru/saver_bot/venv/lib/python3.12/site-packages/aiogram/dispatcher/dispatcher.py", line 164, in feed_update
    response = await self.update.wrap_outer_middleware(
               ^^^^^^^^^^^^^^^^^^^^^^^^^^^^^^^^^^^^^^^^
  File "/var/www/ezh-dev.ru/saver_bot/venv/lib/python3.12/site-packages/aiogram/dispatcher/middlewares/error.py", line 27, in __call__
    return await handler(event, data)
           ^^^^^^^^^^^^^^^^^^^^^^^^^^
  File "/var/www/ezh-dev.ru/saver_bot/venv/lib/python3.12/site-packages/aiogram/dispatcher/middlewares/user_context.py", line 58, in __call__
    return await handler(event, data)
           ^^^^^^^^^^^^^^^^^^^^^^^^^^
  File "/var/www/ezh-dev.ru/saver_bot/venv/lib/python3.12/site-packages/aiogram/fsm/middleware.py", line 43, in __call__
    return await handler(event, data)
           ^^^^^^^^^^^^^^^^^^^^^^^^^^
  File "/var/www/ezh-dev.ru/saver_bot/venv/lib/python3.12/site-packages/aiogram/dispatcher/event/telegram.py", line 126, in trigger
    return await wrapped_inner(event, kwargs)
           ^^^^^^^^^^^^^^^^^^^^^^^^^^^^^^^^^^
  File "/var/www/ezh-dev.ru/saver_bot/venv/lib/python3.12/site-packages/aiogram/dispatcher/event/handler.py", line 43, in call
    return await wrapped()
           ^^^^^^^^^^^^^^^
  File "/var/www/ezh-dev.ru/saver_bot/venv/lib/python3.12/site-packages/aiogram/dispatcher/dispatcher.py", line 283, in _listen_update
    return await self.propagate_event(update_type=update_type, event=event, **kwargs)
           ^^^^^^^^^^^^^^^^^^^^^^^^^^^^^^^^^^^^^^^^^^^^^^^^^^^^^^^^^^^^^^^^^^^^^^^^^^
  File "/var/www/ezh-dev.ru/saver_bot/venv/lib/python3.12/site-packages/aiogram/dispatcher/router.py", line 161, in propagate_event
    return await observer.wrap_outer_middleware(_wrapped, event=event, data=kwargs)
           ^^^^^^^^^^^^^^^^^^^^^^^^^^^^^^^^^^^^^^^^^^^^^^^^^^^^^^^^^^^^^^^^^^^^^^^^
  File "/var/www/ezh-dev.ru/saver_bot/venv/lib/python3.12/site-packages/aiogram/dispatcher/router.py", line 153, in _wrapped
    return await self._propagate_event(
           ^^^^^^^^^^^^^^^^^^^^^^^^^^^^
  File "/var/www/ezh-dev.ru/saver_bot/venv/lib/python3.12/site-packages/aiogram/dispatcher/router.py", line 189, in _propagate_event
    response = await router.propagate_event(update_type=update_type, event=event, **kwargs)
               ^^^^^^^^^^^^^^^^^^^^^^^^^^^^^^^^^^^^^^^^^^^^^^^^^^^^^^^^^^^^^^^^^^^^^^^^^^^^
  File "/var/www/ezh-dev.ru/saver_bot/venv/lib/python3.12/site-packages/aiogram/dispatcher/router.py", line 161, in propagate_event
    return await observer.wrap_outer_middleware(_wrapped, event=event, data=kwargs)
           ^^^^^^^^^^^^^^^^^^^^^^^^^^^^^^^^^^^^^^^^^^^^^^^^^^^^^^^^^^^^^^^^^^^^^^^^
  File "/var/www/ezh-dev.ru/saver_bot/venv/lib/python3.12/site-packages/aiogram/dispatcher/router.py", line 153, in _wrapped
    return await self._propagate_event(
           ^^^^^^^^^^^^^^^^^^^^^^^^^^^^
  File "/var/www/ezh-dev.ru/saver_bot/venv/lib/python3.12/site-packages/aiogram/dispatcher/router.py", line 181, in _propagate_event
    response = await observer.trigger(event, **kwargs)
               ^^^^^^^^^^^^^^^^^^^^^^^^^^^^^^^^^^^^^^^
  File "/var/www/ezh-dev.ru/saver_bot/venv/lib/python3.12/site-packages/aiogram/dispatcher/event/telegram.py", line 126, in trigger
    return await wrapped_inner(event, kwargs)
           ^^^^^^^^^^^^^^^^^^^^^^^^^^^^^^^^^^
  File "/var/www/ezh-dev.ru/saver_bot/venv/lib/python3.12/site-packages/aiogram/dispatcher/event/handler.py", line 43, in call
    return await wrapped()
           ^^^^^^^^^^^^^^^
  File "/var/www/ezh-dev.ru/saver_bot/main/main.py", line 173, in start
    text = message.text.split('.влад')[1]
           ^^^^^^^^^^^^^^^^^^
AttributeError: 'NoneType' object has no attribute 'split'
Cause exception while process update id=309629107 by bot id=8514363728
AttributeError: 'NoneType' object has no attribute 'split'
Traceback (most recent call last):
  File "/var/www/ezh-dev.ru/saver_bot/venv/lib/python3.12/site-packages/aiogram/dispatcher/dispatcher.py", line 320, in _process_update
    response = await self.feed_update(bot, update, **kwargs)
               ^^^^^^^^^^^^^^^^^^^^^^^^^^^^^^^^^^^^^^^^^^^^^
  File "/var/www/ezh-dev.ru/saver_bot/venv/lib/python3.12/site-packages/aiogram/dispatcher/dispatcher.py", line 164, in feed_update
    response = await self.update.wrap_outer_middleware(
               ^^^^^^^^^^^^^^^^^^^^^^^^^^^^^^^^^^^^^^^^
  File "/var/www/ezh-dev.ru/saver_bot/venv/lib/python3.12/site-packages/aiogram/dispatcher/middlewares/error.py", line 27, in __call__
    return await handler(event, data)
           ^^^^^^^^^^^^^^^^^^^^^^^^^^
  File "/var/www/ezh-dev.ru/saver_bot/venv/lib/python3.12/site-packages/aiogram/dispatcher/middlewares/user_context.py", line 58, in __call__
    return await handler(event, data)
           ^^^^^^^^^^^^^^^^^^^^^^^^^^
  File "/var/www/ezh-dev.ru/saver_bot/venv/lib/python3.12/site-packages/aiogram/fsm/middleware.py", line 43, in __call__
    return await handler(event, data)
           ^^^^^^^^^^^^^^^^^^^^^^^^^^
  File "/var/www/ezh-dev.ru/saver_bot/venv/lib/python3.12/site-packages/aiogram/dispatcher/event/telegram.py", line 126, in trigger
    return await wrapped_inner(event, kwargs)
           ^^^^^^^^^^^^^^^^^^^^^^^^^^^^^^^^^^
  File "/var/www/ezh-dev.ru/saver_bot/venv/lib/python3.12/site-packages/aiogram/dispatcher/event/handler.py", line 43, in call
    return await wrapped()
           ^^^^^^^^^^^^^^^
  File "/var/www/ezh-dev.ru/saver_bot/venv/lib/python3.12/site-packages/aiogram/dispatcher/dispatcher.py", line 283, in _listen_update
    return await self.propagate_event(update_type=update_type, event=event, **kwargs)
           ^^^^^^^^^^^^^^^^^^^^^^^^^^^^^^^^^^^^^^^^^^^^^^^^^^^^^^^^^^^^^^^^^^^^^^^^^^
  File "/var/www/ezh-dev.ru/saver_bot/venv/lib/python3.12/site-packages/aiogram/dispatcher/router.py", line 161, in propagate_event
    return await observer.wrap_outer_middleware(_wrapped, event=event, data=kwargs)
           ^^^^^^^^^^^^^^^^^^^^^^^^^^^^^^^^^^^^^^^^^^^^^^^^^^^^^^^^^^^^^^^^^^^^^^^^
  File "/var/www/ezh-dev.ru/saver_bot/venv/lib/python3.12/site-packages/aiogram/dispatcher/router.py", line 153, in _wrapped
    return await self._propagate_event(
           ^^^^^^^^^^^^^^^^^^^^^^^^^^^^
  File "/var/www/ezh-dev.ru/saver_bot/venv/lib/python3.12/site-packages/aiogram/dispatcher/router.py", line 189, in _propagate_event
    response = await router.propagate_event(update_type=update_type, event=event, **kwargs)
               ^^^^^^^^^^^^^^^^^^^^^^^^^^^^^^^^^^^^^^^^^^^^^^^^^^^^^^^^^^^^^^^^^^^^^^^^^^^^
  File "/var/www/ezh-dev.ru/saver_bot/venv/lib/python3.12/site-packages/aiogram/dispatcher/router.py", line 161, in propagate_event
    return await observer.wrap_outer_middleware(_wrapped, event=event, data=kwargs)
           ^^^^^^^^^^^^^^^^^^^^^^^^^^^^^^^^^^^^^^^^^^^^^^^^^^^^^^^^^^^^^^^^^^^^^^^^
  File "/var/www/ezh-dev.ru/saver_bot/venv/lib/python3.12/site-packages/aiogram/dispatcher/router.py", line 153, in _wrapped
    return await self._propagate_event(
           ^^^^^^^^^^^^^^^^^^^^^^^^^^^^
  File "/var/www/ezh-dev.ru/saver_bot/venv/lib/python3.12/site-packages/aiogram/dispatcher/router.py", line 181, in _propagate_event
    response = await observer.trigger(event, **kwargs)
               ^^^^^^^^^^^^^^^^^^^^^^^^^^^^^^^^^^^^^^^
  File "/var/www/ezh-dev.ru/saver_bot/venv/lib/python3.12/site-packages/aiogram/dispatcher/event/telegram.py", line 126, in trigger
    return await wrapped_inner(event, kwargs)
           ^^^^^^^^^^^^^^^^^^^^^^^^^^^^^^^^^^
  File "/var/www/ezh-dev.ru/saver_bot/venv/lib/python3.12/site-packages/aiogram/dispatcher/event/handler.py", line 43, in call
    return await wrapped()
           ^^^^^^^^^^^^^^^
  File "/var/www/ezh-dev.ru/saver_bot/main/main.py", line 173, in start
    text = message.text.split('.влад')[1]
           ^^^^^^^^^^^^^^^^^^
AttributeError: 'NoneType' object has no attribute 'split'
Cause exception while process update id=309629108 by bot id=8514363728
AttributeError: 'NoneType' object has no attribute 'split'
Traceback (most recent call last):
  File "/var/www/ezh-dev.ru/saver_bot/venv/lib/python3.12/site-packages/aiogram/dispatcher/dispatcher.py", line 320, in _process_update
    response = await self.feed_update(bot, update, **kwargs)
               ^^^^^^^^^^^^^^^^^^^^^^^^^^^^^^^^^^^^^^^^^^^^^
  File "/var/www/ezh-dev.ru/saver_bot/venv/lib/python3.12/site-packages/aiogram/dispatcher/dispatcher.py", line 164, in feed_update
    response = await self.update.wrap_outer_middleware(
               ^^^^^^^^^^^^^^^^^^^^^^^^^^^^^^^^^^^^^^^^
  File "/var/www/ezh-dev.ru/saver_bot/venv/lib/python3.12/site-packages/aiogram/dispatcher/middlewares/error.py", line 27, in __call__
    return await handler(event, data)
           ^^^^^^^^^^^^^^^^^^^^^^^^^^
  File "/var/www/ezh-dev.ru/saver_bot/venv/lib/python3.12/site-packages/aiogram/dispatcher/middlewares/user_context.py", line 58, in __call__
    return await handler(event, data)
           ^^^^^^^^^^^^^^^^^^^^^^^^^^
  File "/var/www/ezh-dev.ru/saver_bot/venv/lib/python3.12/site-packages/aiogram/fsm/middleware.py", line 43, in __call__
    return await handler(event, data)
           ^^^^^^^^^^^^^^^^^^^^^^^^^^
  File "/var/www/ezh-dev.ru/saver_bot/venv/lib/python3.12/site-packages/aiogram/dispatcher/event/telegram.py", line 126, in trigger
    return await wrapped_inner(event, kwargs)
           ^^^^^^^^^^^^^^^^^^^^^^^^^^^^^^^^^^
  File "/var/www/ezh-dev.ru/saver_bot/venv/lib/python3.12/site-packages/aiogram/dispatcher/event/handler.py", line 43, in call
    return await wrapped()
           ^^^^^^^^^^^^^^^
  File "/var/www/ezh-dev.ru/saver_bot/venv/lib/python3.12/site-packages/aiogram/dispatcher/dispatcher.py", line 283, in _listen_update
    return await self.propagate_event(update_type=update_type, event=event, **kwargs)
           ^^^^^^^^^^^^^^^^^^^^^^^^^^^^^^^^^^^^^^^^^^^^^^^^^^^^^^^^^^^^^^^^^^^^^^^^^^
  File "/var/www/ezh-dev.ru/saver_bot/venv/lib/python3.12/site-packages/aiogram/dispatcher/router.py", line 161, in propagate_event
    return await observer.wrap_outer_middleware(_wrapped, event=event, data=kwargs)
           ^^^^^^^^^^^^^^^^^^^^^^^^^^^^^^^^^^^^^^^^^^^^^^^^^^^^^^^^^^^^^^^^^^^^^^^^
  File "/var/www/ezh-dev.ru/saver_bot/venv/lib/python3.12/site-packages/aiogram/dispatcher/router.py", line 153, in _wrapped
    return await self._propagate_event(
           ^^^^^^^^^^^^^^^^^^^^^^^^^^^^
  File "/var/www/ezh-dev.ru/saver_bot/venv/lib/python3.12/site-packages/aiogram/dispatcher/router.py", line 189, in _propagate_event
    response = await router.propagate_event(update_type=update_type, event=event, **kwargs)
               ^^^^^^^^^^^^^^^^^^^^^^^^^^^^^^^^^^^^^^^^^^^^^^^^^^^^^^^^^^^^^^^^^^^^^^^^^^^^
  File "/var/www/ezh-dev.ru/saver_bot/venv/lib/python3.12/site-packages/aiogram/dispatcher/router.py", line 161, in propagate_event
    return await observer.wrap_outer_middleware(_wrapped, event=event, data=kwargs)
           ^^^^^^^^^^^^^^^^^^^^^^^^^^^^^^^^^^^^^^^^^^^^^^^^^^^^^^^^^^^^^^^^^^^^^^^^
  File "/var/www/ezh-dev.ru/saver_bot/venv/lib/python3.12/site-packages/aiogram/dispatcher/router.py", line 153, in _wrapped
    return await self._propagate_event(
           ^^^^^^^^^^^^^^^^^^^^^^^^^^^^
  File "/var/www/ezh-dev.ru/saver_bot/venv/lib/python3.12/site-packages/aiogram/dispatcher/router.py", line 181, in _propagate_event
    response = await observer.trigger(event, **kwargs)
               ^^^^^^^^^^^^^^^^^^^^^^^^^^^^^^^^^^^^^^^
  File "/var/www/ezh-dev.ru/saver_bot/venv/lib/python3.12/site-packages/aiogram/dispatcher/event/telegram.py", line 126, in trigger
    return await wrapped_inner(event, kwargs)
           ^^^^^^^^^^^^^^^^^^^^^^^^^^^^^^^^^^
  File "/var/www/ezh-dev.ru/saver_bot/venv/lib/python3.12/site-packages/aiogram/dispatcher/event/handler.py", line 43, in call
    return await wrapped()
           ^^^^^^^^^^^^^^^
  File "/var/www/ezh-dev.ru/saver_bot/main/main.py", line 173, in start
    text = message.text.split('.влад')[1]
           ^^^^^^^^^^^^^^^^^^
AttributeError: 'NoneType' object has no attribute 'split'
Cause exception while process update id=309629186 by bot id=8514363728
AttributeError: 'NoneType' object has no attribute 'split'
Traceback (most recent call last):
  File "/var/www/ezh-dev.ru/saver_bot/venv/lib/python3.12/site-packages/aiogram/dispatcher/dispatcher.py", line 320, in _process_update
    response = await self.feed_update(bot, update, **kwargs)
               ^^^^^^^^^^^^^^^^^^^^^^^^^^^^^^^^^^^^^^^^^^^^^
  File "/var/www/ezh-dev.ru/saver_bot/venv/lib/python3.12/site-packages/aiogram/dispatcher/dispatcher.py", line 164, in feed_update
    response = await self.update.wrap_outer_middleware(
               ^^^^^^^^^^^^^^^^^^^^^^^^^^^^^^^^^^^^^^^^
  File "/var/www/ezh-dev.ru/saver_bot/venv/lib/python3.12/site-packages/aiogram/dispatcher/middlewares/error.py", line 27, in __call__
    return await handler(event, data)
           ^^^^^^^^^^^^^^^^^^^^^^^^^^
  File "/var/www/ezh-dev.ru/saver_bot/venv/lib/python3.12/site-packages/aiogram/dispatcher/middlewares/user_context.py", line 58, in __call__
    return await handler(event, data)
           ^^^^^^^^^^^^^^^^^^^^^^^^^^
  File "/var/www/ezh-dev.ru/saver_bot/venv/lib/python3.12/site-packages/aiogram/fsm/middleware.py", line 43, in __call__
    return await handler(event, data)
           ^^^^^^^^^^^^^^^^^^^^^^^^^^
  File "/var/www/ezh-dev.ru/saver_bot/venv/lib/python3.12/site-packages/aiogram/dispatcher/event/telegram.py", line 126, in trigger
    return await wrapped_inner(event, kwargs)
           ^^^^^^^^^^^^^^^^^^^^^^^^^^^^^^^^^^
  File "/var/www/ezh-dev.ru/saver_bot/venv/lib/python3.12/site-packages/aiogram/dispatcher/event/handler.py", line 43, in call
    return await wrapped()
           ^^^^^^^^^^^^^^^
  File "/var/www/ezh-dev.ru/saver_bot/venv/lib/python3.12/site-packages/aiogram/dispatcher/dispatcher.py", line 283, in _listen_update
    return await self.propagate_event(update_type=update_type, event=event, **kwargs)
           ^^^^^^^^^^^^^^^^^^^^^^^^^^^^^^^^^^^^^^^^^^^^^^^^^^^^^^^^^^^^^^^^^^^^^^^^^^
  File "/var/www/ezh-dev.ru/saver_bot/venv/lib/python3.12/site-packages/aiogram/dispatcher/router.py", line 161, in propagate_event
    return await observer.wrap_outer_middleware(_wrapped, event=event, data=kwargs)
           ^^^^^^^^^^^^^^^^^^^^^^^^^^^^^^^^^^^^^^^^^^^^^^^^^^^^^^^^^^^^^^^^^^^^^^^^
  File "/var/www/ezh-dev.ru/saver_bot/venv/lib/python3.12/site-packages/aiogram/dispatcher/router.py", line 153, in _wrapped
    return await self._propagate_event(
           ^^^^^^^^^^^^^^^^^^^^^^^^^^^^
  File "/var/www/ezh-dev.ru/saver_bot/venv/lib/python3.12/site-packages/aiogram/dispatcher/router.py", line 189, in _propagate_event
    response = await router.propagate_event(update_type=update_type, event=event, **kwargs)
               ^^^^^^^^^^^^^^^^^^^^^^^^^^^^^^^^^^^^^^^^^^^^^^^^^^^^^^^^^^^^^^^^^^^^^^^^^^^^
  File "/var/www/ezh-dev.ru/saver_bot/venv/lib/python3.12/site-packages/aiogram/dispatcher/router.py", line 161, in propagate_event
    return await observer.wrap_outer_middleware(_wrapped, event=event, data=kwargs)
           ^^^^^^^^^^^^^^^^^^^^^^^^^^^^^^^^^^^^^^^^^^^^^^^^^^^^^^^^^^^^^^^^^^^^^^^^
  File "/var/www/ezh-dev.ru/saver_bot/venv/lib/python3.12/site-packages/aiogram/dispatcher/router.py", line 153, in _wrapped
    return await self._propagate_event(
           ^^^^^^^^^^^^^^^^^^^^^^^^^^^^
  File "/var/www/ezh-dev.ru/saver_bot/venv/lib/python3.12/site-packages/aiogram/dispatcher/router.py", line 181, in _propagate_event
    response = await observer.trigger(event, **kwargs)
               ^^^^^^^^^^^^^^^^^^^^^^^^^^^^^^^^^^^^^^^
  File "/var/www/ezh-dev.ru/saver_bot/venv/lib/python3.12/site-packages/aiogram/dispatcher/event/telegram.py", line 126, in trigger
    return await wrapped_inner(event, kwargs)
           ^^^^^^^^^^^^^^^^^^^^^^^^^^^^^^^^^^
  File "/var/www/ezh-dev.ru/saver_bot/venv/lib/python3.12/site-packages/aiogram/dispatcher/event/handler.py", line 43, in call
    return await wrapped()
           ^^^^^^^^^^^^^^^
  File "/var/www/ezh-dev.ru/saver_bot/main/main.py", line 173, in start
    text = message.text.split('.влад')[1]
           ^^^^^^^^^^^^^^^^^^
AttributeError: 'NoneType' object has no attribute 'split'
Cause exception while process update id=309629320 by bot id=8514363728
TelegramForbiddenError: Telegram server says - Forbidden: bot was blocked by the user
Traceback (most recent call last):
  File "/var/www/ezh-dev.ru/saver_bot/venv/lib/python3.12/site-packages/aiogram/dispatcher/dispatcher.py", line 320, in _process_update
    response = await self.feed_update(bot, update, **kwargs)
               ^^^^^^^^^^^^^^^^^^^^^^^^^^^^^^^^^^^^^^^^^^^^^
  File "/var/www/ezh-dev.ru/saver_bot/venv/lib/python3.12/site-packages/aiogram/dispatcher/dispatcher.py", line 164, in feed_update
    response = await self.update.wrap_outer_middleware(
               ^^^^^^^^^^^^^^^^^^^^^^^^^^^^^^^^^^^^^^^^
  File "/var/www/ezh-dev.ru/saver_bot/venv/lib/python3.12/site-packages/aiogram/dispatcher/middlewares/error.py", line 27, in __call__
    return await handler(event, data)
           ^^^^^^^^^^^^^^^^^^^^^^^^^^
  File "/var/www/ezh-dev.ru/saver_bot/venv/lib/python3.12/site-packages/aiogram/dispatcher/middlewares/user_context.py", line 58, in __call__
    return await handler(event, data)
           ^^^^^^^^^^^^^^^^^^^^^^^^^^
  File "/var/www/ezh-dev.ru/saver_bot/venv/lib/python3.12/site-packages/aiogram/fsm/middleware.py", line 44, in __call__
    return await handler(event, data)
           ^^^^^^^^^^^^^^^^^^^^^^^^^^
  File "/var/www/ezh-dev.ru/saver_bot/venv/lib/python3.12/site-packages/aiogram/dispatcher/event/telegram.py", line 126, in trigger
    return await wrapped_inner(event, kwargs)
           ^^^^^^^^^^^^^^^^^^^^^^^^^^^^^^^^^^
  File "/var/www/ezh-dev.ru/saver_bot/venv/lib/python3.12/site-packages/aiogram/dispatcher/event/handler.py", line 43, in call
    return await wrapped()
           ^^^^^^^^^^^^^^^
  File "/var/www/ezh-dev.ru/saver_bot/venv/lib/python3.12/site-packages/aiogram/dispatcher/dispatcher.py", line 283, in _listen_update
    return await self.propagate_event(update_type=update_type, event=event, **kwargs)
           ^^^^^^^^^^^^^^^^^^^^^^^^^^^^^^^^^^^^^^^^^^^^^^^^^^^^^^^^^^^^^^^^^^^^^^^^^^
  File "/var/www/ezh-dev.ru/saver_bot/venv/lib/python3.12/site-packages/aiogram/dispatcher/router.py", line 161, in propagate_event
    return await observer.wrap_outer_middleware(_wrapped, event=event, data=kwargs)
           ^^^^^^^^^^^^^^^^^^^^^^^^^^^^^^^^^^^^^^^^^^^^^^^^^^^^^^^^^^^^^^^^^^^^^^^^
  File "/var/www/ezh-dev.ru/saver_bot/venv/lib/python3.12/site-packages/aiogram/dispatcher/router.py", line 153, in _wrapped
    return await self._propagate_event(
           ^^^^^^^^^^^^^^^^^^^^^^^^^^^^
  File "/var/www/ezh-dev.ru/saver_bot/venv/lib/python3.12/site-packages/aiogram/dispatcher/router.py", line 189, in _propagate_event
    response = await router.propagate_event(update_type=update_type, event=event, **kwargs)
               ^^^^^^^^^^^^^^^^^^^^^^^^^^^^^^^^^^^^^^^^^^^^^^^^^^^^^^^^^^^^^^^^^^^^^^^^^^^^
  File "/var/www/ezh-dev.ru/saver_bot/venv/lib/python3.12/site-packages/aiogram/dispatcher/router.py", line 161, in propagate_event
    return await observer.wrap_outer_middleware(_wrapped, event=event, data=kwargs)
           ^^^^^^^^^^^^^^^^^^^^^^^^^^^^^^^^^^^^^^^^^^^^^^^^^^^^^^^^^^^^^^^^^^^^^^^^
  File "/var/www/ezh-dev.ru/saver_bot/venv/lib/python3.12/site-packages/aiogram/dispatcher/router.py", line 153, in _wrapped
    return await self._propagate_event(
           ^^^^^^^^^^^^^^^^^^^^^^^^^^^^
  File "/var/www/ezh-dev.ru/saver_bot/venv/lib/python3.12/site-packages/aiogram/dispatcher/router.py", line 181, in _propagate_event
    response = await observer.trigger(event, **kwargs)
               ^^^^^^^^^^^^^^^^^^^^^^^^^^^^^^^^^^^^^^^
  File "/var/www/ezh-dev.ru/saver_bot/venv/lib/python3.12/site-packages/aiogram/dispatcher/event/telegram.py", line 126, in trigger
    return await wrapped_inner(event, kwargs)
           ^^^^^^^^^^^^^^^^^^^^^^^^^^^^^^^^^^
  File "/var/www/ezh-dev.ru/saver_bot/venv/lib/python3.12/site-packages/aiogram/dispatcher/event/handler.py", line 43, in call
    return await wrapped()
           ^^^^^^^^^^^^^^^
  File "/var/www/ezh-dev.ru/saver_bot/main/main.py", line 300, in deleted_business_messages
    await bot.send_message(user_id, f'🗑 Это сообщение было удалено {user_link}\n\n```{message.chat.full_name}\n\n{text}```', parse_mode=ParseMode.MARKDOWN, disable_web_page_preview=True)
  File "/var/www/ezh-dev.ru/saver_bot/venv/lib/python3.12/site-packages/aiogram/client/bot.py", line 2925, in send_message
    return await self(call, request_timeout=request_timeout)
           ^^^^^^^^^^^^^^^^^^^^^^^^^^^^^^^^^^^^^^^^^^^^^^^^^
  File "/var/www/ezh-dev.ru/saver_bot/venv/lib/python3.12/site-packages/aiogram/client/bot.py", line 485, in __call__
    return await self.session(self, method, timeout=request_timeout)
           ^^^^^^^^^^^^^^^^^^^^^^^^^^^^^^^^^^^^^^^^^^^^^^^^^^^^^^^^^
  File "/var/www/ezh-dev.ru/saver_bot/venv/lib/python3.12/site-packages/aiogram/client/session/base.py", line 259, in __call__
    return cast(TelegramType, await middleware(bot, method))
                              ^^^^^^^^^^^^^^^^^^^^^^^^^^^^^
  File "/var/www/ezh-dev.ru/saver_bot/venv/lib/python3.12/site-packages/aiogram/client/session/aiohttp.py", line 177, in make_request
    response = self.check_response(
               ^^^^^^^^^^^^^^^^^^^^
  File "/var/www/ezh-dev.ru/saver_bot/venv/lib/python3.12/site-packages/aiogram/client/session/base.py", line 129, in check_response
    raise TelegramForbiddenError(method=method, message=description)
aiogram.exceptions.TelegramForbiddenError: Telegram server says - Forbidden: bot was blocked by the user
Cause exception while process update id=309629332 by bot id=8514363728
TelegramForbiddenError: Telegram server says - Forbidden: bot was blocked by the user
Traceback (most recent call last):
  File "/var/www/ezh-dev.ru/saver_bot/venv/lib/python3.12/site-packages/aiogram/dispatcher/dispatcher.py", line 320, in _process_update
    response = await self.feed_update(bot, update, **kwargs)
               ^^^^^^^^^^^^^^^^^^^^^^^^^^^^^^^^^^^^^^^^^^^^^
  File "/var/www/ezh-dev.ru/saver_bot/venv/lib/python3.12/site-packages/aiogram/dispatcher/dispatcher.py", line 164, in feed_update
    response = await self.update.wrap_outer_middleware(
               ^^^^^^^^^^^^^^^^^^^^^^^^^^^^^^^^^^^^^^^^
  File "/var/www/ezh-dev.ru/saver_bot/venv/lib/python3.12/site-packages/aiogram/dispatcher/middlewares/error.py", line 27, in __call__
    return await handler(event, data)
           ^^^^^^^^^^^^^^^^^^^^^^^^^^
  File "/var/www/ezh-dev.ru/saver_bot/venv/lib/python3.12/site-packages/aiogram/dispatcher/middlewares/user_context.py", line 58, in __call__
    return await handler(event, data)
           ^^^^^^^^^^^^^^^^^^^^^^^^^^
  File "/var/www/ezh-dev.ru/saver_bot/venv/lib/python3.12/site-packages/aiogram/fsm/middleware.py", line 44, in __call__
    return await handler(event, data)
           ^^^^^^^^^^^^^^^^^^^^^^^^^^
  File "/var/www/ezh-dev.ru/saver_bot/venv/lib/python3.12/site-packages/aiogram/dispatcher/event/telegram.py", line 126, in trigger
    return await wrapped_inner(event, kwargs)
           ^^^^^^^^^^^^^^^^^^^^^^^^^^^^^^^^^^
  File "/var/www/ezh-dev.ru/saver_bot/venv/lib/python3.12/site-packages/aiogram/dispatcher/event/handler.py", line 43, in call
    return await wrapped()
           ^^^^^^^^^^^^^^^
  File "/var/www/ezh-dev.ru/saver_bot/venv/lib/python3.12/site-packages/aiogram/dispatcher/dispatcher.py", line 283, in _listen_update
    return await self.propagate_event(update_type=update_type, event=event, **kwargs)
           ^^^^^^^^^^^^^^^^^^^^^^^^^^^^^^^^^^^^^^^^^^^^^^^^^^^^^^^^^^^^^^^^^^^^^^^^^^
  File "/var/www/ezh-dev.ru/saver_bot/venv/lib/python3.12/site-packages/aiogram/dispatcher/router.py", line 161, in propagate_event
    return await observer.wrap_outer_middleware(_wrapped, event=event, data=kwargs)
           ^^^^^^^^^^^^^^^^^^^^^^^^^^^^^^^^^^^^^^^^^^^^^^^^^^^^^^^^^^^^^^^^^^^^^^^^
  File "/var/www/ezh-dev.ru/saver_bot/venv/lib/python3.12/site-packages/aiogram/dispatcher/router.py", line 153, in _wrapped
    return await self._propagate_event(
           ^^^^^^^^^^^^^^^^^^^^^^^^^^^^
  File "/var/www/ezh-dev.ru/saver_bot/venv/lib/python3.12/site-packages/aiogram/dispatcher/router.py", line 189, in _propagate_event
    response = await router.propagate_event(update_type=update_type, event=event, **kwargs)
               ^^^^^^^^^^^^^^^^^^^^^^^^^^^^^^^^^^^^^^^^^^^^^^^^^^^^^^^^^^^^^^^^^^^^^^^^^^^^
  File "/var/www/ezh-dev.ru/saver_bot/venv/lib/python3.12/site-packages/aiogram/dispatcher/router.py", line 161, in propagate_event
    return await observer.wrap_outer_middleware(_wrapped, event=event, data=kwargs)
           ^^^^^^^^^^^^^^^^^^^^^^^^^^^^^^^^^^^^^^^^^^^^^^^^^^^^^^^^^^^^^^^^^^^^^^^^
  File "/var/www/ezh-dev.ru/saver_bot/venv/lib/python3.12/site-packages/aiogram/dispatcher/router.py", line 153, in _wrapped
    return await self._propagate_event(
           ^^^^^^^^^^^^^^^^^^^^^^^^^^^^
  File "/var/www/ezh-dev.ru/saver_bot/venv/lib/python3.12/site-packages/aiogram/dispatcher/router.py", line 181, in _propagate_event
    response = await observer.trigger(event, **kwargs)
               ^^^^^^^^^^^^^^^^^^^^^^^^^^^^^^^^^^^^^^^
  File "/var/www/ezh-dev.ru/saver_bot/venv/lib/python3.12/site-packages/aiogram/dispatcher/event/telegram.py", line 126, in trigger
    return await wrapped_inner(event, kwargs)
           ^^^^^^^^^^^^^^^^^^^^^^^^^^^^^^^^^^
  File "/var/www/ezh-dev.ru/saver_bot/venv/lib/python3.12/site-packages/aiogram/dispatcher/event/handler.py", line 43, in call
    return await wrapped()
           ^^^^^^^^^^^^^^^
  File "/var/www/ezh-dev.ru/saver_bot/main/main.py", line 302, in deleted_business_messages
    await bot.send_photo(user_id, photo, caption=f'🗑 Это фото было удалено\nОт: {user_link}', parse_mode=ParseMode.MARKDOWN)
  File "/var/www/ezh-dev.ru/saver_bot/venv/lib/python3.12/site-packages/aiogram/client/bot.py", line 3001, in send_photo
    return await self(call, request_timeout=request_timeout)
           ^^^^^^^^^^^^^^^^^^^^^^^^^^^^^^^^^^^^^^^^^^^^^^^^^
  File "/var/www/ezh-dev.ru/saver_bot/venv/lib/python3.12/site-packages/aiogram/client/bot.py", line 485, in __call__
    return await self.session(self, method, timeout=request_timeout)
           ^^^^^^^^^^^^^^^^^^^^^^^^^^^^^^^^^^^^^^^^^^^^^^^^^^^^^^^^^
  File "/var/www/ezh-dev.ru/saver_bot/venv/lib/python3.12/site-packages/aiogram/client/session/base.py", line 259, in __call__
    return cast(TelegramType, await middleware(bot, method))
                              ^^^^^^^^^^^^^^^^^^^^^^^^^^^^^
  File "/var/www/ezh-dev.ru/saver_bot/venv/lib/python3.12/site-packages/aiogram/client/session/aiohttp.py", line 177, in make_request
    response = self.check_response(
               ^^^^^^^^^^^^^^^^^^^^
  File "/var/www/ezh-dev.ru/saver_bot/venv/lib/python3.12/site-packages/aiogram/client/session/base.py", line 129, in check_response
    raise TelegramForbiddenError(method=method, message=description)
aiogram.exceptions.TelegramForbiddenError: Telegram server says - Forbidden: bot was blocked by the user
Cause exception while process update id=309629757 by bot id=8514363728
TelegramForbiddenError: Telegram server says - Forbidden: bot was blocked by the user
Traceback (most recent call last):
  File "/var/www/ezh-dev.ru/saver_bot/venv/lib/python3.12/site-packages/aiogram/dispatcher/dispatcher.py", line 320, in _process_update
    response = await self.feed_update(bot, update, **kwargs)
               ^^^^^^^^^^^^^^^^^^^^^^^^^^^^^^^^^^^^^^^^^^^^^
  File "/var/www/ezh-dev.ru/saver_bot/venv/lib/python3.12/site-packages/aiogram/dispatcher/dispatcher.py", line 164, in feed_update
    response = await self.update.wrap_outer_middleware(
               ^^^^^^^^^^^^^^^^^^^^^^^^^^^^^^^^^^^^^^^^
  File "/var/www/ezh-dev.ru/saver_bot/venv/lib/python3.12/site-packages/aiogram/dispatcher/middlewares/error.py", line 27, in __call__
    return await handler(event, data)
           ^^^^^^^^^^^^^^^^^^^^^^^^^^
  File "/var/www/ezh-dev.ru/saver_bot/venv/lib/python3.12/site-packages/aiogram/dispatcher/middlewares/user_context.py", line 58, in __call__
    return await handler(event, data)
           ^^^^^^^^^^^^^^^^^^^^^^^^^^
  File "/var/www/ezh-dev.ru/saver_bot/venv/lib/python3.12/site-packages/aiogram/fsm/middleware.py", line 44, in __call__
    return await handler(event, data)
           ^^^^^^^^^^^^^^^^^^^^^^^^^^
  File "/var/www/ezh-dev.ru/saver_bot/venv/lib/python3.12/site-packages/aiogram/dispatcher/event/telegram.py", line 126, in trigger
    return await wrapped_inner(event, kwargs)
           ^^^^^^^^^^^^^^^^^^^^^^^^^^^^^^^^^^
  File "/var/www/ezh-dev.ru/saver_bot/venv/lib/python3.12/site-packages/aiogram/dispatcher/event/handler.py", line 43, in call
    return await wrapped()
           ^^^^^^^^^^^^^^^
  File "/var/www/ezh-dev.ru/saver_bot/venv/lib/python3.12/site-packages/aiogram/dispatcher/dispatcher.py", line 283, in _listen_update
    return await self.propagate_event(update_type=update_type, event=event, **kwargs)
           ^^^^^^^^^^^^^^^^^^^^^^^^^^^^^^^^^^^^^^^^^^^^^^^^^^^^^^^^^^^^^^^^^^^^^^^^^^
  File "/var/www/ezh-dev.ru/saver_bot/venv/lib/python3.12/site-packages/aiogram/dispatcher/router.py", line 161, in propagate_event
    return await observer.wrap_outer_middleware(_wrapped, event=event, data=kwargs)
           ^^^^^^^^^^^^^^^^^^^^^^^^^^^^^^^^^^^^^^^^^^^^^^^^^^^^^^^^^^^^^^^^^^^^^^^^
  File "/var/www/ezh-dev.ru/saver_bot/venv/lib/python3.12/site-packages/aiogram/dispatcher/router.py", line 153, in _wrapped
    return await self._propagate_event(
           ^^^^^^^^^^^^^^^^^^^^^^^^^^^^
  File "/var/www/ezh-dev.ru/saver_bot/venv/lib/python3.12/site-packages/aiogram/dispatcher/router.py", line 189, in _propagate_event
    response = await router.propagate_event(update_type=update_type, event=event, **kwargs)
               ^^^^^^^^^^^^^^^^^^^^^^^^^^^^^^^^^^^^^^^^^^^^^^^^^^^^^^^^^^^^^^^^^^^^^^^^^^^^
  File "/var/www/ezh-dev.ru/saver_bot/venv/lib/python3.12/site-packages/aiogram/dispatcher/router.py", line 161, in propagate_event
    return await observer.wrap_outer_middleware(_wrapped, event=event, data=kwargs)
           ^^^^^^^^^^^^^^^^^^^^^^^^^^^^^^^^^^^^^^^^^^^^^^^^^^^^^^^^^^^^^^^^^^^^^^^^
  File "/var/www/ezh-dev.ru/saver_bot/venv/lib/python3.12/site-packages/aiogram/dispatcher/router.py", line 153, in _wrapped
    return await self._propagate_event(
           ^^^^^^^^^^^^^^^^^^^^^^^^^^^^
  File "/var/www/ezh-dev.ru/saver_bot/venv/lib/python3.12/site-packages/aiogram/dispatcher/router.py", line 181, in _propagate_event
    response = await observer.trigger(event, **kwargs)
               ^^^^^^^^^^^^^^^^^^^^^^^^^^^^^^^^^^^^^^^
  File "/var/www/ezh-dev.ru/saver_bot/venv/lib/python3.12/site-packages/aiogram/dispatcher/event/telegram.py", line 126, in trigger
    return await wrapped_inner(event, kwargs)
           ^^^^^^^^^^^^^^^^^^^^^^^^^^^^^^^^^^
  File "/var/www/ezh-dev.ru/saver_bot/venv/lib/python3.12/site-packages/aiogram/dispatcher/event/handler.py", line 43, in call
    return await wrapped()
           ^^^^^^^^^^^^^^^
  File "/var/www/ezh-dev.ru/saver_bot/main/main.py", line 300, in deleted_business_messages
    await bot.send_message(user_id, f'🗑 Это сообщение было удалено {user_link}\n\n```{message.chat.full_name}\n\n{text}```', parse_mode=ParseMode.MARKDOWN, disable_web_page_preview=True)
  File "/var/www/ezh-dev.ru/saver_bot/venv/lib/python3.12/site-packages/aiogram/client/bot.py", line 2925, in send_message
    return await self(call, request_timeout=request_timeout)
           ^^^^^^^^^^^^^^^^^^^^^^^^^^^^^^^^^^^^^^^^^^^^^^^^^
  File "/var/www/ezh-dev.ru/saver_bot/venv/lib/python3.12/site-packages/aiogram/client/bot.py", line 485, in __call__
    return await self.session(self, method, timeout=request_timeout)
           ^^^^^^^^^^^^^^^^^^^^^^^^^^^^^^^^^^^^^^^^^^^^^^^^^^^^^^^^^
  File "/var/www/ezh-dev.ru/saver_bot/venv/lib/python3.12/site-packages/aiogram/client/session/base.py", line 259, in __call__
    return cast(TelegramType, await middleware(bot, method))
                              ^^^^^^^^^^^^^^^^^^^^^^^^^^^^^
  File "/var/www/ezh-dev.ru/saver_bot/venv/lib/python3.12/site-packages/aiogram/client/session/aiohttp.py", line 177, in make_request
    response = self.check_response(
               ^^^^^^^^^^^^^^^^^^^^
  File "/var/www/ezh-dev.ru/saver_bot/venv/lib/python3.12/site-packages/aiogram/client/session/base.py", line 129, in check_response
    raise TelegramForbiddenError(method=method, message=description)
aiogram.exceptions.TelegramForbiddenError: Telegram server says - Forbidden: bot was blocked by the user
Cause exception while process update id=309633596 by bot id=8514363728
TelegramForbiddenError: Telegram server says - Forbidden: bot was blocked by the user
Traceback (most recent call last):
  File "/var/www/ezh-dev.ru/saver_bot/venv/lib/python3.12/site-packages/aiogram/dispatcher/dispatcher.py", line 320, in _process_update
    response = await self.feed_update(bot, update, **kwargs)
               ^^^^^^^^^^^^^^^^^^^^^^^^^^^^^^^^^^^^^^^^^^^^^
  File "/var/www/ezh-dev.ru/saver_bot/venv/lib/python3.12/site-packages/aiogram/dispatcher/dispatcher.py", line 164, in feed_update
    response = await self.update.wrap_outer_middleware(
               ^^^^^^^^^^^^^^^^^^^^^^^^^^^^^^^^^^^^^^^^
  File "/var/www/ezh-dev.ru/saver_bot/venv/lib/python3.12/site-packages/aiogram/dispatcher/middlewares/error.py", line 27, in __call__
    return await handler(event, data)
           ^^^^^^^^^^^^^^^^^^^^^^^^^^
  File "/var/www/ezh-dev.ru/saver_bot/venv/lib/python3.12/site-packages/aiogram/dispatcher/middlewares/user_context.py", line 58, in __call__
    return await handler(event, data)
           ^^^^^^^^^^^^^^^^^^^^^^^^^^
  File "/var/www/ezh-dev.ru/saver_bot/venv/lib/python3.12/site-packages/aiogram/fsm/middleware.py", line 43, in __call__
    return await handler(event, data)
           ^^^^^^^^^^^^^^^^^^^^^^^^^^
  File "/var/www/ezh-dev.ru/saver_bot/venv/lib/python3.12/site-packages/aiogram/dispatcher/event/telegram.py", line 126, in trigger
    return await wrapped_inner(event, kwargs)
           ^^^^^^^^^^^^^^^^^^^^^^^^^^^^^^^^^^
  File "/var/www/ezh-dev.ru/saver_bot/venv/lib/python3.12/site-packages/aiogram/dispatcher/event/handler.py", line 43, in call
    return await wrapped()
           ^^^^^^^^^^^^^^^
  File "/var/www/ezh-dev.ru/saver_bot/venv/lib/python3.12/site-packages/aiogram/dispatcher/dispatcher.py", line 283, in _listen_update
    return await self.propagate_event(update_type=update_type, event=event, **kwargs)
           ^^^^^^^^^^^^^^^^^^^^^^^^^^^^^^^^^^^^^^^^^^^^^^^^^^^^^^^^^^^^^^^^^^^^^^^^^^
  File "/var/www/ezh-dev.ru/saver_bot/venv/lib/python3.12/site-packages/aiogram/dispatcher/router.py", line 161, in propagate_event
    return await observer.wrap_outer_middleware(_wrapped, event=event, data=kwargs)
           ^^^^^^^^^^^^^^^^^^^^^^^^^^^^^^^^^^^^^^^^^^^^^^^^^^^^^^^^^^^^^^^^^^^^^^^^
  File "/var/www/ezh-dev.ru/saver_bot/venv/lib/python3.12/site-packages/aiogram/dispatcher/router.py", line 153, in _wrapped
    return await self._propagate_event(
           ^^^^^^^^^^^^^^^^^^^^^^^^^^^^
  File "/var/www/ezh-dev.ru/saver_bot/venv/lib/python3.12/site-packages/aiogram/dispatcher/router.py", line 189, in _propagate_event
    response = await router.propagate_event(update_type=update_type, event=event, **kwargs)
               ^^^^^^^^^^^^^^^^^^^^^^^^^^^^^^^^^^^^^^^^^^^^^^^^^^^^^^^^^^^^^^^^^^^^^^^^^^^^
  File "/var/www/ezh-dev.ru/saver_bot/venv/lib/python3.12/site-packages/aiogram/dispatcher/router.py", line 161, in propagate_event
    return await observer.wrap_outer_middleware(_wrapped, event=event, data=kwargs)
           ^^^^^^^^^^^^^^^^^^^^^^^^^^^^^^^^^^^^^^^^^^^^^^^^^^^^^^^^^^^^^^^^^^^^^^^^
  File "/var/www/ezh-dev.ru/saver_bot/venv/lib/python3.12/site-packages/aiogram/dispatcher/router.py", line 153, in _wrapped
    return await self._propagate_event(
           ^^^^^^^^^^^^^^^^^^^^^^^^^^^^
  File "/var/www/ezh-dev.ru/saver_bot/venv/lib/python3.12/site-packages/aiogram/dispatcher/router.py", line 181, in _propagate_event
    response = await observer.trigger(event, **kwargs)
               ^^^^^^^^^^^^^^^^^^^^^^^^^^^^^^^^^^^^^^^
  File "/var/www/ezh-dev.ru/saver_bot/venv/lib/python3.12/site-packages/aiogram/dispatcher/event/telegram.py", line 126, in trigger
    return await wrapped_inner(event, kwargs)
           ^^^^^^^^^^^^^^^^^^^^^^^^^^^^^^^^^^
  File "/var/www/ezh-dev.ru/saver_bot/venv/lib/python3.12/site-packages/aiogram/dispatcher/event/handler.py", line 43, in call
    return await wrapped()
           ^^^^^^^^^^^^^^^
  File "/var/www/ezh-dev.ru/saver_bot/main/main.py", line 223, in edited_business_message
    await bot.send_message(user_id, f'🔏 {user_link} изменил текст:\n\nСтарый:\n```{old_text}```\n\nНовый:\n```{message.text or "(удален)"}```', parse_mode=ParseMode.MARKDOWN, disable_web_page_preview=True)
  File "/var/www/ezh-dev.ru/saver_bot/venv/lib/python3.12/site-packages/aiogram/client/bot.py", line 2925, in send_message
    return await self(call, request_timeout=request_timeout)
           ^^^^^^^^^^^^^^^^^^^^^^^^^^^^^^^^^^^^^^^^^^^^^^^^^
  File "/var/www/ezh-dev.ru/saver_bot/venv/lib/python3.12/site-packages/aiogram/client/bot.py", line 485, in __call__
    return await self.session(self, method, timeout=request_timeout)
           ^^^^^^^^^^^^^^^^^^^^^^^^^^^^^^^^^^^^^^^^^^^^^^^^^^^^^^^^^
  File "/var/www/ezh-dev.ru/saver_bot/venv/lib/python3.12/site-packages/aiogram/client/session/base.py", line 259, in __call__
    return cast(TelegramType, await middleware(bot, method))
                              ^^^^^^^^^^^^^^^^^^^^^^^^^^^^^
  File "/var/www/ezh-dev.ru/saver_bot/venv/lib/python3.12/site-packages/aiogram/client/session/aiohttp.py", line 177, in make_request
    response = self.check_response(
               ^^^^^^^^^^^^^^^^^^^^
  File "/var/www/ezh-dev.ru/saver_bot/venv/lib/python3.12/site-packages/aiogram/client/session/base.py", line 129, in check_response
    raise TelegramForbiddenError(method=method, message=description)
aiogram.exceptions.TelegramForbiddenError: Telegram server says - Forbidden: bot was blocked by the user
Cause exception while process update id=309633711 by bot id=8514363728
AttributeError: 'NoneType' object has no attribute 'split'
Traceback (most recent call last):
  File "/var/www/ezh-dev.ru/saver_bot/venv/lib/python3.12/site-packages/aiogram/dispatcher/dispatcher.py", line 320, in _process_update
    response = await self.feed_update(bot, update, **kwargs)
               ^^^^^^^^^^^^^^^^^^^^^^^^^^^^^^^^^^^^^^^^^^^^^
  File "/var/www/ezh-dev.ru/saver_bot/venv/lib/python3.12/site-packages/aiogram/dispatcher/dispatcher.py", line 164, in feed_update
    response = await self.update.wrap_outer_middleware(
               ^^^^^^^^^^^^^^^^^^^^^^^^^^^^^^^^^^^^^^^^
  File "/var/www/ezh-dev.ru/saver_bot/venv/lib/python3.12/site-packages/aiogram/dispatcher/middlewares/error.py", line 27, in __call__
    return await handler(event, data)
           ^^^^^^^^^^^^^^^^^^^^^^^^^^
  File "/var/www/ezh-dev.ru/saver_bot/venv/lib/python3.12/site-packages/aiogram/dispatcher/middlewares/user_context.py", line 58, in __call__
    return await handler(event, data)
           ^^^^^^^^^^^^^^^^^^^^^^^^^^
  File "/var/www/ezh-dev.ru/saver_bot/venv/lib/python3.12/site-packages/aiogram/fsm/middleware.py", line 43, in __call__
    return await handler(event, data)
           ^^^^^^^^^^^^^^^^^^^^^^^^^^
  File "/var/www/ezh-dev.ru/saver_bot/venv/lib/python3.12/site-packages/aiogram/dispatcher/event/telegram.py", line 126, in trigger
    return await wrapped_inner(event, kwargs)
           ^^^^^^^^^^^^^^^^^^^^^^^^^^^^^^^^^^
  File "/var/www/ezh-dev.ru/saver_bot/venv/lib/python3.12/site-packages/aiogram/dispatcher/event/handler.py", line 43, in call
    return await wrapped()
           ^^^^^^^^^^^^^^^
  File "/var/www/ezh-dev.ru/saver_bot/venv/lib/python3.12/site-packages/aiogram/dispatcher/dispatcher.py", line 283, in _listen_update
    return await self.propagate_event(update_type=update_type, event=event, **kwargs)
           ^^^^^^^^^^^^^^^^^^^^^^^^^^^^^^^^^^^^^^^^^^^^^^^^^^^^^^^^^^^^^^^^^^^^^^^^^^
  File "/var/www/ezh-dev.ru/saver_bot/venv/lib/python3.12/site-packages/aiogram/dispatcher/router.py", line 161, in propagate_event
    return await observer.wrap_outer_middleware(_wrapped, event=event, data=kwargs)
           ^^^^^^^^^^^^^^^^^^^^^^^^^^^^^^^^^^^^^^^^^^^^^^^^^^^^^^^^^^^^^^^^^^^^^^^^
  File "/var/www/ezh-dev.ru/saver_bot/venv/lib/python3.12/site-packages/aiogram/dispatcher/router.py", line 153, in _wrapped
    return await self._propagate_event(
           ^^^^^^^^^^^^^^^^^^^^^^^^^^^^
  File "/var/www/ezh-dev.ru/saver_bot/venv/lib/python3.12/site-packages/aiogram/dispatcher/router.py", line 189, in _propagate_event
    response = await router.propagate_event(update_type=update_type, event=event, **kwargs)
               ^^^^^^^^^^^^^^^^^^^^^^^^^^^^^^^^^^^^^^^^^^^^^^^^^^^^^^^^^^^^^^^^^^^^^^^^^^^^
  File "/var/www/ezh-dev.ru/saver_bot/venv/lib/python3.12/site-packages/aiogram/dispatcher/router.py", line 161, in propagate_event
    return await observer.wrap_outer_middleware(_wrapped, event=event, data=kwargs)
           ^^^^^^^^^^^^^^^^^^^^^^^^^^^^^^^^^^^^^^^^^^^^^^^^^^^^^^^^^^^^^^^^^^^^^^^^
  File "/var/www/ezh-dev.ru/saver_bot/venv/lib/python3.12/site-packages/aiogram/dispatcher/router.py", line 153, in _wrapped
    return await self._propagate_event(
           ^^^^^^^^^^^^^^^^^^^^^^^^^^^^
  File "/var/www/ezh-dev.ru/saver_bot/venv/lib/python3.12/site-packages/aiogram/dispatcher/router.py", line 181, in _propagate_event
    response = await observer.trigger(event, **kwargs)
               ^^^^^^^^^^^^^^^^^^^^^^^^^^^^^^^^^^^^^^^
  File "/var/www/ezh-dev.ru/saver_bot/venv/lib/python3.12/site-packages/aiogram/dispatcher/event/telegram.py", line 126, in trigger
    return await wrapped_inner(event, kwargs)
           ^^^^^^^^^^^^^^^^^^^^^^^^^^^^^^^^^^
  File "/var/www/ezh-dev.ru/saver_bot/venv/lib/python3.12/site-packages/aiogram/dispatcher/event/handler.py", line 43, in call
    return await wrapped()
           ^^^^^^^^^^^^^^^
  File "/var/www/ezh-dev.ru/saver_bot/main/main.py", line 173, in start
    text = message.text.split('.влад')[1]
           ^^^^^^^^^^^^^^^^^^
AttributeError: 'NoneType' object has no attribute 'split'
Cause exception while process update id=309633983 by bot id=8514363728
TelegramForbiddenError: Telegram server says - Forbidden: bot was blocked by the user
Traceback (most recent call last):
  File "/var/www/ezh-dev.ru/saver_bot/venv/lib/python3.12/site-packages/aiogram/dispatcher/dispatcher.py", line 320, in _process_update
    response = await self.feed_update(bot, update, **kwargs)
               ^^^^^^^^^^^^^^^^^^^^^^^^^^^^^^^^^^^^^^^^^^^^^
  File "/var/www/ezh-dev.ru/saver_bot/venv/lib/python3.12/site-packages/aiogram/dispatcher/dispatcher.py", line 164, in feed_update
    response = await self.update.wrap_outer_middleware(
               ^^^^^^^^^^^^^^^^^^^^^^^^^^^^^^^^^^^^^^^^
  File "/var/www/ezh-dev.ru/saver_bot/venv/lib/python3.12/site-packages/aiogram/dispatcher/middlewares/error.py", line 27, in __call__
    return await handler(event, data)
           ^^^^^^^^^^^^^^^^^^^^^^^^^^
  File "/var/www/ezh-dev.ru/saver_bot/venv/lib/python3.12/site-packages/aiogram/dispatcher/middlewares/user_context.py", line 58, in __call__
    return await handler(event, data)
           ^^^^^^^^^^^^^^^^^^^^^^^^^^
  File "/var/www/ezh-dev.ru/saver_bot/venv/lib/python3.12/site-packages/aiogram/fsm/middleware.py", line 43, in __call__
    return await handler(event, data)
           ^^^^^^^^^^^^^^^^^^^^^^^^^^
  File "/var/www/ezh-dev.ru/saver_bot/venv/lib/python3.12/site-packages/aiogram/dispatcher/event/telegram.py", line 126, in trigger
    return await wrapped_inner(event, kwargs)
           ^^^^^^^^^^^^^^^^^^^^^^^^^^^^^^^^^^
  File "/var/www/ezh-dev.ru/saver_bot/venv/lib/python3.12/site-packages/aiogram/dispatcher/event/handler.py", line 43, in call
    return await wrapped()
           ^^^^^^^^^^^^^^^
  File "/var/www/ezh-dev.ru/saver_bot/venv/lib/python3.12/site-packages/aiogram/dispatcher/dispatcher.py", line 283, in _listen_update
    return await self.propagate_event(update_type=update_type, event=event, **kwargs)
           ^^^^^^^^^^^^^^^^^^^^^^^^^^^^^^^^^^^^^^^^^^^^^^^^^^^^^^^^^^^^^^^^^^^^^^^^^^
  File "/var/www/ezh-dev.ru/saver_bot/venv/lib/python3.12/site-packages/aiogram/dispatcher/router.py", line 161, in propagate_event
    return await observer.wrap_outer_middleware(_wrapped, event=event, data=kwargs)
           ^^^^^^^^^^^^^^^^^^^^^^^^^^^^^^^^^^^^^^^^^^^^^^^^^^^^^^^^^^^^^^^^^^^^^^^^
  File "/var/www/ezh-dev.ru/saver_bot/venv/lib/python3.12/site-packages/aiogram/dispatcher/router.py", line 153, in _wrapped
    return await self._propagate_event(
           ^^^^^^^^^^^^^^^^^^^^^^^^^^^^
  File "/var/www/ezh-dev.ru/saver_bot/venv/lib/python3.12/site-packages/aiogram/dispatcher/router.py", line 189, in _propagate_event
    response = await router.propagate_event(update_type=update_type, event=event, **kwargs)
               ^^^^^^^^^^^^^^^^^^^^^^^^^^^^^^^^^^^^^^^^^^^^^^^^^^^^^^^^^^^^^^^^^^^^^^^^^^^^
  File "/var/www/ezh-dev.ru/saver_bot/venv/lib/python3.12/site-packages/aiogram/dispatcher/router.py", line 161, in propagate_event
    return await observer.wrap_outer_middleware(_wrapped, event=event, data=kwargs)
           ^^^^^^^^^^^^^^^^^^^^^^^^^^^^^^^^^^^^^^^^^^^^^^^^^^^^^^^^^^^^^^^^^^^^^^^^
  File "/var/www/ezh-dev.ru/saver_bot/venv/lib/python3.12/site-packages/aiogram/dispatcher/router.py", line 153, in _wrapped
    return await self._propagate_event(
           ^^^^^^^^^^^^^^^^^^^^^^^^^^^^
  File "/var/www/ezh-dev.ru/saver_bot/venv/lib/python3.12/site-packages/aiogram/dispatcher/router.py", line 181, in _propagate_event
    response = await observer.trigger(event, **kwargs)
               ^^^^^^^^^^^^^^^^^^^^^^^^^^^^^^^^^^^^^^^
  File "/var/www/ezh-dev.ru/saver_bot/venv/lib/python3.12/site-packages/aiogram/dispatcher/event/telegram.py", line 126, in trigger
    return await wrapped_inner(event, kwargs)
           ^^^^^^^^^^^^^^^^^^^^^^^^^^^^^^^^^^
  File "/var/www/ezh-dev.ru/saver_bot/venv/lib/python3.12/site-packages/aiogram/dispatcher/event/handler.py", line 43, in call
    return await wrapped()
           ^^^^^^^^^^^^^^^
  File "/var/www/ezh-dev.ru/saver_bot/main/main.py", line 223, in edited_business_message
    await bot.send_message(user_id, f'🔏 {user_link} изменил текст:\n\nСтарый:\n```{old_text}```\n\nНовый:\n```{message.text or "(удален)"}```', parse_mode=ParseMode.MARKDOWN, disable_web_page_preview=True)
  File "/var/www/ezh-dev.ru/saver_bot/venv/lib/python3.12/site-packages/aiogram/client/bot.py", line 2925, in send_message
    return await self(call, request_timeout=request_timeout)
           ^^^^^^^^^^^^^^^^^^^^^^^^^^^^^^^^^^^^^^^^^^^^^^^^^
  File "/var/www/ezh-dev.ru/saver_bot/venv/lib/python3.12/site-packages/aiogram/client/bot.py", line 485, in __call__
    return await self.session(self, method, timeout=request_timeout)
           ^^^^^^^^^^^^^^^^^^^^^^^^^^^^^^^^^^^^^^^^^^^^^^^^^^^^^^^^^
  File "/var/www/ezh-dev.ru/saver_bot/venv/lib/python3.12/site-packages/aiogram/client/session/base.py", line 259, in __call__
    return cast(TelegramType, await middleware(bot, method))
                              ^^^^^^^^^^^^^^^^^^^^^^^^^^^^^
  File "/var/www/ezh-dev.ru/saver_bot/venv/lib/python3.12/site-packages/aiogram/client/session/aiohttp.py", line 177, in make_request
    response = self.check_response(
               ^^^^^^^^^^^^^^^^^^^^
  File "/var/www/ezh-dev.ru/saver_bot/venv/lib/python3.12/site-packages/aiogram/client/session/base.py", line 129, in check_response
    raise TelegramForbiddenError(method=method, message=description)
aiogram.exceptions.TelegramForbiddenError: Telegram server says - Forbidden: bot was blocked by the user
Cause exception while process update id=309634963 by bot id=8514363728
AttributeError: 'NoneType' object has no attribute 'split'
Traceback (most recent call last):
  File "/var/www/ezh-dev.ru/saver_bot/venv/lib/python3.12/site-packages/aiogram/dispatcher/dispatcher.py", line 320, in _process_update
    response = await self.feed_update(bot, update, **kwargs)
               ^^^^^^^^^^^^^^^^^^^^^^^^^^^^^^^^^^^^^^^^^^^^^
  File "/var/www/ezh-dev.ru/saver_bot/venv/lib/python3.12/site-packages/aiogram/dispatcher/dispatcher.py", line 164, in feed_update
    response = await self.update.wrap_outer_middleware(
               ^^^^^^^^^^^^^^^^^^^^^^^^^^^^^^^^^^^^^^^^
  File "/var/www/ezh-dev.ru/saver_bot/venv/lib/python3.12/site-packages/aiogram/dispatcher/middlewares/error.py", line 27, in __call__
    return await handler(event, data)
           ^^^^^^^^^^^^^^^^^^^^^^^^^^
  File "/var/www/ezh-dev.ru/saver_bot/venv/lib/python3.12/site-packages/aiogram/dispatcher/middlewares/user_context.py", line 58, in __call__
    return await handler(event, data)
           ^^^^^^^^^^^^^^^^^^^^^^^^^^
  File "/var/www/ezh-dev.ru/saver_bot/venv/lib/python3.12/site-packages/aiogram/fsm/middleware.py", line 43, in __call__
    return await handler(event, data)
           ^^^^^^^^^^^^^^^^^^^^^^^^^^
  File "/var/www/ezh-dev.ru/saver_bot/venv/lib/python3.12/site-packages/aiogram/dispatcher/event/telegram.py", line 126, in trigger
    return await wrapped_inner(event, kwargs)
           ^^^^^^^^^^^^^^^^^^^^^^^^^^^^^^^^^^
  File "/var/www/ezh-dev.ru/saver_bot/venv/lib/python3.12/site-packages/aiogram/dispatcher/event/handler.py", line 43, in call
    return await wrapped()
           ^^^^^^^^^^^^^^^
  File "/var/www/ezh-dev.ru/saver_bot/venv/lib/python3.12/site-packages/aiogram/dispatcher/dispatcher.py", line 283, in _listen_update
    return await self.propagate_event(update_type=update_type, event=event, **kwargs)
           ^^^^^^^^^^^^^^^^^^^^^^^^^^^^^^^^^^^^^^^^^^^^^^^^^^^^^^^^^^^^^^^^^^^^^^^^^^
  File "/var/www/ezh-dev.ru/saver_bot/venv/lib/python3.12/site-packages/aiogram/dispatcher/router.py", line 161, in propagate_event
    return await observer.wrap_outer_middleware(_wrapped, event=event, data=kwargs)
           ^^^^^^^^^^^^^^^^^^^^^^^^^^^^^^^^^^^^^^^^^^^^^^^^^^^^^^^^^^^^^^^^^^^^^^^^
  File "/var/www/ezh-dev.ru/saver_bot/venv/lib/python3.12/site-packages/aiogram/dispatcher/router.py", line 153, in _wrapped
    return await self._propagate_event(
           ^^^^^^^^^^^^^^^^^^^^^^^^^^^^
  File "/var/www/ezh-dev.ru/saver_bot/venv/lib/python3.12/site-packages/aiogram/dispatcher/router.py", line 189, in _propagate_event
    response = await router.propagate_event(update_type=update_type, event=event, **kwargs)
               ^^^^^^^^^^^^^^^^^^^^^^^^^^^^^^^^^^^^^^^^^^^^^^^^^^^^^^^^^^^^^^^^^^^^^^^^^^^^
  File "/var/www/ezh-dev.ru/saver_bot/venv/lib/python3.12/site-packages/aiogram/dispatcher/router.py", line 161, in propagate_event
    return await observer.wrap_outer_middleware(_wrapped, event=event, data=kwargs)
           ^^^^^^^^^^^^^^^^^^^^^^^^^^^^^^^^^^^^^^^^^^^^^^^^^^^^^^^^^^^^^^^^^^^^^^^^
  File "/var/www/ezh-dev.ru/saver_bot/venv/lib/python3.12/site-packages/aiogram/dispatcher/router.py", line 153, in _wrapped
    return await self._propagate_event(
           ^^^^^^^^^^^^^^^^^^^^^^^^^^^^
  File "/var/www/ezh-dev.ru/saver_bot/venv/lib/python3.12/site-packages/aiogram/dispatcher/router.py", line 181, in _propagate_event
    response = await observer.trigger(event, **kwargs)
               ^^^^^^^^^^^^^^^^^^^^^^^^^^^^^^^^^^^^^^^
  File "/var/www/ezh-dev.ru/saver_bot/venv/lib/python3.12/site-packages/aiogram/dispatcher/event/telegram.py", line 126, in trigger
    return await wrapped_inner(event, kwargs)
           ^^^^^^^^^^^^^^^^^^^^^^^^^^^^^^^^^^
  File "/var/www/ezh-dev.ru/saver_bot/venv/lib/python3.12/site-packages/aiogram/dispatcher/event/handler.py", line 43, in call
    return await wrapped()
           ^^^^^^^^^^^^^^^
  File "/var/www/ezh-dev.ru/saver_bot/main/main.py", line 173, in start
    text = message.text.split('.влад')[1]
           ^^^^^^^^^^^^^^^^^^
AttributeError: 'NoneType' object has no attribute 'split'
Cause exception while process update id=309634967 by bot id=8514363728
AttributeError: 'NoneType' object has no attribute 'split'
Traceback (most recent call last):
  File "/var/www/ezh-dev.ru/saver_bot/venv/lib/python3.12/site-packages/aiogram/dispatcher/dispatcher.py", line 320, in _process_update
    response = await self.feed_update(bot, update, **kwargs)
               ^^^^^^^^^^^^^^^^^^^^^^^^^^^^^^^^^^^^^^^^^^^^^
  File "/var/www/ezh-dev.ru/saver_bot/venv/lib/python3.12/site-packages/aiogram/dispatcher/dispatcher.py", line 164, in feed_update
    response = await self.update.wrap_outer_middleware(
               ^^^^^^^^^^^^^^^^^^^^^^^^^^^^^^^^^^^^^^^^
  File "/var/www/ezh-dev.ru/saver_bot/venv/lib/python3.12/site-packages/aiogram/dispatcher/middlewares/error.py", line 27, in __call__
    return await handler(event, data)
           ^^^^^^^^^^^^^^^^^^^^^^^^^^
  File "/var/www/ezh-dev.ru/saver_bot/venv/lib/python3.12/site-packages/aiogram/dispatcher/middlewares/user_context.py", line 58, in __call__
    return await handler(event, data)
           ^^^^^^^^^^^^^^^^^^^^^^^^^^
  File "/var/www/ezh-dev.ru/saver_bot/venv/lib/python3.12/site-packages/aiogram/fsm/middleware.py", line 43, in __call__
    return await handler(event, data)
           ^^^^^^^^^^^^^^^^^^^^^^^^^^
  File "/var/www/ezh-dev.ru/saver_bot/venv/lib/python3.12/site-packages/aiogram/dispatcher/event/telegram.py", line 126, in trigger
    return await wrapped_inner(event, kwargs)
           ^^^^^^^^^^^^^^^^^^^^^^^^^^^^^^^^^^
  File "/var/www/ezh-dev.ru/saver_bot/venv/lib/python3.12/site-packages/aiogram/dispatcher/event/handler.py", line 43, in call
    return await wrapped()
           ^^^^^^^^^^^^^^^
  File "/var/www/ezh-dev.ru/saver_bot/venv/lib/python3.12/site-packages/aiogram/dispatcher/dispatcher.py", line 283, in _listen_update
    return await self.propagate_event(update_type=update_type, event=event, **kwargs)
           ^^^^^^^^^^^^^^^^^^^^^^^^^^^^^^^^^^^^^^^^^^^^^^^^^^^^^^^^^^^^^^^^^^^^^^^^^^
  File "/var/www/ezh-dev.ru/saver_bot/venv/lib/python3.12/site-packages/aiogram/dispatcher/router.py", line 161, in propagate_event
    return await observer.wrap_outer_middleware(_wrapped, event=event, data=kwargs)
           ^^^^^^^^^^^^^^^^^^^^^^^^^^^^^^^^^^^^^^^^^^^^^^^^^^^^^^^^^^^^^^^^^^^^^^^^
  File "/var/www/ezh-dev.ru/saver_bot/venv/lib/python3.12/site-packages/aiogram/dispatcher/router.py", line 153, in _wrapped
    return await self._propagate_event(
           ^^^^^^^^^^^^^^^^^^^^^^^^^^^^
  File "/var/www/ezh-dev.ru/saver_bot/venv/lib/python3.12/site-packages/aiogram/dispatcher/router.py", line 189, in _propagate_event
    response = await router.propagate_event(update_type=update_type, event=event, **kwargs)
               ^^^^^^^^^^^^^^^^^^^^^^^^^^^^^^^^^^^^^^^^^^^^^^^^^^^^^^^^^^^^^^^^^^^^^^^^^^^^
  File "/var/www/ezh-dev.ru/saver_bot/venv/lib/python3.12/site-packages/aiogram/dispatcher/router.py", line 161, in propagate_event
    return await observer.wrap_outer_middleware(_wrapped, event=event, data=kwargs)
           ^^^^^^^^^^^^^^^^^^^^^^^^^^^^^^^^^^^^^^^^^^^^^^^^^^^^^^^^^^^^^^^^^^^^^^^^
  File "/var/www/ezh-dev.ru/saver_bot/venv/lib/python3.12/site-packages/aiogram/dispatcher/router.py", line 153, in _wrapped
    return await self._propagate_event(
           ^^^^^^^^^^^^^^^^^^^^^^^^^^^^
  File "/var/www/ezh-dev.ru/saver_bot/venv/lib/python3.12/site-packages/aiogram/dispatcher/router.py", line 181, in _propagate_event
    response = await observer.trigger(event, **kwargs)
               ^^^^^^^^^^^^^^^^^^^^^^^^^^^^^^^^^^^^^^^
  File "/var/www/ezh-dev.ru/saver_bot/venv/lib/python3.12/site-packages/aiogram/dispatcher/event/telegram.py", line 126, in trigger
    return await wrapped_inner(event, kwargs)
           ^^^^^^^^^^^^^^^^^^^^^^^^^^^^^^^^^^
  File "/var/www/ezh-dev.ru/saver_bot/venv/lib/python3.12/site-packages/aiogram/dispatcher/event/handler.py", line 43, in call
    return await wrapped()
           ^^^^^^^^^^^^^^^
  File "/var/www/ezh-dev.ru/saver_bot/main/main.py", line 173, in start
    text = message.text.split('.влад')[1]
           ^^^^^^^^^^^^^^^^^^
AttributeError: 'NoneType' object has no attribute 'split'
Cause exception while process update id=309635015 by bot id=8514363728
AttributeError: 'NoneType' object has no attribute 'split'
Traceback (most recent call last):
  File "/var/www/ezh-dev.ru/saver_bot/venv/lib/python3.12/site-packages/aiogram/dispatcher/dispatcher.py", line 320, in _process_update
    response = await self.feed_update(bot, update, **kwargs)
               ^^^^^^^^^^^^^^^^^^^^^^^^^^^^^^^^^^^^^^^^^^^^^
  File "/var/www/ezh-dev.ru/saver_bot/venv/lib/python3.12/site-packages/aiogram/dispatcher/dispatcher.py", line 164, in feed_update
    response = await self.update.wrap_outer_middleware(
               ^^^^^^^^^^^^^^^^^^^^^^^^^^^^^^^^^^^^^^^^
  File "/var/www/ezh-dev.ru/saver_bot/venv/lib/python3.12/site-packages/aiogram/dispatcher/middlewares/error.py", line 27, in __call__
    return await handler(event, data)
           ^^^^^^^^^^^^^^^^^^^^^^^^^^
  File "/var/www/ezh-dev.ru/saver_bot/venv/lib/python3.12/site-packages/aiogram/dispatcher/middlewares/user_context.py", line 58, in __call__
    return await handler(event, data)
           ^^^^^^^^^^^^^^^^^^^^^^^^^^
  File "/var/www/ezh-dev.ru/saver_bot/venv/lib/python3.12/site-packages/aiogram/fsm/middleware.py", line 43, in __call__
    return await handler(event, data)
           ^^^^^^^^^^^^^^^^^^^^^^^^^^
  File "/var/www/ezh-dev.ru/saver_bot/venv/lib/python3.12/site-packages/aiogram/dispatcher/event/telegram.py", line 126, in trigger
    return await wrapped_inner(event, kwargs)
           ^^^^^^^^^^^^^^^^^^^^^^^^^^^^^^^^^^
  File "/var/www/ezh-dev.ru/saver_bot/venv/lib/python3.12/site-packages/aiogram/dispatcher/event/handler.py", line 43, in call
    return await wrapped()
           ^^^^^^^^^^^^^^^
  File "/var/www/ezh-dev.ru/saver_bot/venv/lib/python3.12/site-packages/aiogram/dispatcher/dispatcher.py", line 283, in _listen_update
    return await self.propagate_event(update_type=update_type, event=event, **kwargs)
           ^^^^^^^^^^^^^^^^^^^^^^^^^^^^^^^^^^^^^^^^^^^^^^^^^^^^^^^^^^^^^^^^^^^^^^^^^^
  File "/var/www/ezh-dev.ru/saver_bot/venv/lib/python3.12/site-packages/aiogram/dispatcher/router.py", line 161, in propagate_event
    return await observer.wrap_outer_middleware(_wrapped, event=event, data=kwargs)
           ^^^^^^^^^^^^^^^^^^^^^^^^^^^^^^^^^^^^^^^^^^^^^^^^^^^^^^^^^^^^^^^^^^^^^^^^
  File "/var/www/ezh-dev.ru/saver_bot/venv/lib/python3.12/site-packages/aiogram/dispatcher/router.py", line 153, in _wrapped
    return await self._propagate_event(
           ^^^^^^^^^^^^^^^^^^^^^^^^^^^^
  File "/var/www/ezh-dev.ru/saver_bot/venv/lib/python3.12/site-packages/aiogram/dispatcher/router.py", line 189, in _propagate_event
    response = await router.propagate_event(update_type=update_type, event=event, **kwargs)
               ^^^^^^^^^^^^^^^^^^^^^^^^^^^^^^^^^^^^^^^^^^^^^^^^^^^^^^^^^^^^^^^^^^^^^^^^^^^^
  File "/var/www/ezh-dev.ru/saver_bot/venv/lib/python3.12/site-packages/aiogram/dispatcher/router.py", line 161, in propagate_event
    return await observer.wrap_outer_middleware(_wrapped, event=event, data=kwargs)
           ^^^^^^^^^^^^^^^^^^^^^^^^^^^^^^^^^^^^^^^^^^^^^^^^^^^^^^^^^^^^^^^^^^^^^^^^
  File "/var/www/ezh-dev.ru/saver_bot/venv/lib/python3.12/site-packages/aiogram/dispatcher/router.py", line 153, in _wrapped
    return await self._propagate_event(
           ^^^^^^^^^^^^^^^^^^^^^^^^^^^^
  File "/var/www/ezh-dev.ru/saver_bot/venv/lib/python3.12/site-packages/aiogram/dispatcher/router.py", line 181, in _propagate_event
    response = await observer.trigger(event, **kwargs)
               ^^^^^^^^^^^^^^^^^^^^^^^^^^^^^^^^^^^^^^^
  File "/var/www/ezh-dev.ru/saver_bot/venv/lib/python3.12/site-packages/aiogram/dispatcher/event/telegram.py", line 126, in trigger
    return await wrapped_inner(event, kwargs)
           ^^^^^^^^^^^^^^^^^^^^^^^^^^^^^^^^^^
  File "/var/www/ezh-dev.ru/saver_bot/venv/lib/python3.12/site-packages/aiogram/dispatcher/event/handler.py", line 43, in call
    return await wrapped()
           ^^^^^^^^^^^^^^^
  File "/var/www/ezh-dev.ru/saver_bot/main/main.py", line 173, in start
    text = message.text.split('.влад')[1]
           ^^^^^^^^^^^^^^^^^^
AttributeError: 'NoneType' object has no attribute 'split'
Cause exception while process update id=309635616 by bot id=8514363728
TelegramForbiddenError: Telegram server says - Forbidden: bot was blocked by the user
Traceback (most recent call last):
  File "/var/www/ezh-dev.ru/saver_bot/venv/lib/python3.12/site-packages/aiogram/dispatcher/dispatcher.py", line 320, in _process_update
    response = await self.feed_update(bot, update, **kwargs)
               ^^^^^^^^^^^^^^^^^^^^^^^^^^^^^^^^^^^^^^^^^^^^^
  File "/var/www/ezh-dev.ru/saver_bot/venv/lib/python3.12/site-packages/aiogram/dispatcher/dispatcher.py", line 164, in feed_update
    response = await self.update.wrap_outer_middleware(
               ^^^^^^^^^^^^^^^^^^^^^^^^^^^^^^^^^^^^^^^^
  File "/var/www/ezh-dev.ru/saver_bot/venv/lib/python3.12/site-packages/aiogram/dispatcher/middlewares/error.py", line 27, in __call__
    return await handler(event, data)
           ^^^^^^^^^^^^^^^^^^^^^^^^^^
  File "/var/www/ezh-dev.ru/saver_bot/venv/lib/python3.12/site-packages/aiogram/dispatcher/middlewares/user_context.py", line 58, in __call__
    return await handler(event, data)
           ^^^^^^^^^^^^^^^^^^^^^^^^^^
  File "/var/www/ezh-dev.ru/saver_bot/venv/lib/python3.12/site-packages/aiogram/fsm/middleware.py", line 43, in __call__
    return await handler(event, data)
           ^^^^^^^^^^^^^^^^^^^^^^^^^^
  File "/var/www/ezh-dev.ru/saver_bot/venv/lib/python3.12/site-packages/aiogram/dispatcher/event/telegram.py", line 126, in trigger
    return await wrapped_inner(event, kwargs)
           ^^^^^^^^^^^^^^^^^^^^^^^^^^^^^^^^^^
  File "/var/www/ezh-dev.ru/saver_bot/venv/lib/python3.12/site-packages/aiogram/dispatcher/event/handler.py", line 43, in call
    return await wrapped()
           ^^^^^^^^^^^^^^^
  File "/var/www/ezh-dev.ru/saver_bot/venv/lib/python3.12/site-packages/aiogram/dispatcher/dispatcher.py", line 283, in _listen_update
    return await self.propagate_event(update_type=update_type, event=event, **kwargs)
           ^^^^^^^^^^^^^^^^^^^^^^^^^^^^^^^^^^^^^^^^^^^^^^^^^^^^^^^^^^^^^^^^^^^^^^^^^^
  File "/var/www/ezh-dev.ru/saver_bot/venv/lib/python3.12/site-packages/aiogram/dispatcher/router.py", line 161, in propagate_event
    return await observer.wrap_outer_middleware(_wrapped, event=event, data=kwargs)
           ^^^^^^^^^^^^^^^^^^^^^^^^^^^^^^^^^^^^^^^^^^^^^^^^^^^^^^^^^^^^^^^^^^^^^^^^
  File "/var/www/ezh-dev.ru/saver_bot/venv/lib/python3.12/site-packages/aiogram/dispatcher/router.py", line 153, in _wrapped
    return await self._propagate_event(
           ^^^^^^^^^^^^^^^^^^^^^^^^^^^^
  File "/var/www/ezh-dev.ru/saver_bot/venv/lib/python3.12/site-packages/aiogram/dispatcher/router.py", line 189, in _propagate_event
    response = await router.propagate_event(update_type=update_type, event=event, **kwargs)
               ^^^^^^^^^^^^^^^^^^^^^^^^^^^^^^^^^^^^^^^^^^^^^^^^^^^^^^^^^^^^^^^^^^^^^^^^^^^^
  File "/var/www/ezh-dev.ru/saver_bot/venv/lib/python3.12/site-packages/aiogram/dispatcher/router.py", line 161, in propagate_event
    return await observer.wrap_outer_middleware(_wrapped, event=event, data=kwargs)
           ^^^^^^^^^^^^^^^^^^^^^^^^^^^^^^^^^^^^^^^^^^^^^^^^^^^^^^^^^^^^^^^^^^^^^^^^
  File "/var/www/ezh-dev.ru/saver_bot/venv/lib/python3.12/site-packages/aiogram/dispatcher/router.py", line 153, in _wrapped
    return await self._propagate_event(
           ^^^^^^^^^^^^^^^^^^^^^^^^^^^^
  File "/var/www/ezh-dev.ru/saver_bot/venv/lib/python3.12/site-packages/aiogram/dispatcher/router.py", line 181, in _propagate_event
    response = await observer.trigger(event, **kwargs)
               ^^^^^^^^^^^^^^^^^^^^^^^^^^^^^^^^^^^^^^^
  File "/var/www/ezh-dev.ru/saver_bot/venv/lib/python3.12/site-packages/aiogram/dispatcher/event/telegram.py", line 126, in trigger
    return await wrapped_inner(event, kwargs)
           ^^^^^^^^^^^^^^^^^^^^^^^^^^^^^^^^^^
  File "/var/www/ezh-dev.ru/saver_bot/venv/lib/python3.12/site-packages/aiogram/dispatcher/event/handler.py", line 43, in call
    return await wrapped()
           ^^^^^^^^^^^^^^^
  File "/var/www/ezh-dev.ru/saver_bot/main/main.py", line 223, in edited_business_message
    await bot.send_message(user_id, f'🔏 {user_link} изменил текст:\n\nСтарый:\n```{old_text}```\n\nНовый:\n```{message.text or "(удален)"}```', parse_mode=ParseMode.MARKDOWN, disable_web_page_preview=True)
  File "/var/www/ezh-dev.ru/saver_bot/venv/lib/python3.12/site-packages/aiogram/client/bot.py", line 2925, in send_message
    return await self(call, request_timeout=request_timeout)
           ^^^^^^^^^^^^^^^^^^^^^^^^^^^^^^^^^^^^^^^^^^^^^^^^^
  File "/var/www/ezh-dev.ru/saver_bot/venv/lib/python3.12/site-packages/aiogram/client/bot.py", line 485, in __call__
    return await self.session(self, method, timeout=request_timeout)
           ^^^^^^^^^^^^^^^^^^^^^^^^^^^^^^^^^^^^^^^^^^^^^^^^^^^^^^^^^
  File "/var/www/ezh-dev.ru/saver_bot/venv/lib/python3.12/site-packages/aiogram/client/session/base.py", line 259, in __call__
    return cast(TelegramType, await middleware(bot, method))
                              ^^^^^^^^^^^^^^^^^^^^^^^^^^^^^
  File "/var/www/ezh-dev.ru/saver_bot/venv/lib/python3.12/site-packages/aiogram/client/session/aiohttp.py", line 177, in make_request
    response = self.check_response(
               ^^^^^^^^^^^^^^^^^^^^
  File "/var/www/ezh-dev.ru/saver_bot/venv/lib/python3.12/site-packages/aiogram/client/session/base.py", line 129, in check_response
    raise TelegramForbiddenError(method=method, message=description)
aiogram.exceptions.TelegramForbiddenError: Telegram server says - Forbidden: bot was blocked by the user
Cause exception while process update id=309635781 by bot id=8514363728
TelegramForbiddenError: Telegram server says - Forbidden: bot was blocked by the user
Traceback (most recent call last):
  File "/var/www/ezh-dev.ru/saver_bot/venv/lib/python3.12/site-packages/aiogram/dispatcher/dispatcher.py", line 320, in _process_update
    response = await self.feed_update(bot, update, **kwargs)
               ^^^^^^^^^^^^^^^^^^^^^^^^^^^^^^^^^^^^^^^^^^^^^
  File "/var/www/ezh-dev.ru/saver_bot/venv/lib/python3.12/site-packages/aiogram/dispatcher/dispatcher.py", line 164, in feed_update
    response = await self.update.wrap_outer_middleware(
               ^^^^^^^^^^^^^^^^^^^^^^^^^^^^^^^^^^^^^^^^
  File "/var/www/ezh-dev.ru/saver_bot/venv/lib/python3.12/site-packages/aiogram/dispatcher/middlewares/error.py", line 27, in __call__
    return await handler(event, data)
           ^^^^^^^^^^^^^^^^^^^^^^^^^^
  File "/var/www/ezh-dev.ru/saver_bot/venv/lib/python3.12/site-packages/aiogram/dispatcher/middlewares/user_context.py", line 58, in __call__
    return await handler(event, data)
           ^^^^^^^^^^^^^^^^^^^^^^^^^^
  File "/var/www/ezh-dev.ru/saver_bot/venv/lib/python3.12/site-packages/aiogram/fsm/middleware.py", line 43, in __call__
    return await handler(event, data)
           ^^^^^^^^^^^^^^^^^^^^^^^^^^
  File "/var/www/ezh-dev.ru/saver_bot/venv/lib/python3.12/site-packages/aiogram/dispatcher/event/telegram.py", line 126, in trigger
    return await wrapped_inner(event, kwargs)
           ^^^^^^^^^^^^^^^^^^^^^^^^^^^^^^^^^^
  File "/var/www/ezh-dev.ru/saver_bot/venv/lib/python3.12/site-packages/aiogram/dispatcher/event/handler.py", line 43, in call
    return await wrapped()
           ^^^^^^^^^^^^^^^
  File "/var/www/ezh-dev.ru/saver_bot/venv/lib/python3.12/site-packages/aiogram/dispatcher/dispatcher.py", line 283, in _listen_update
    return await self.propagate_event(update_type=update_type, event=event, **kwargs)
           ^^^^^^^^^^^^^^^^^^^^^^^^^^^^^^^^^^^^^^^^^^^^^^^^^^^^^^^^^^^^^^^^^^^^^^^^^^
  File "/var/www/ezh-dev.ru/saver_bot/venv/lib/python3.12/site-packages/aiogram/dispatcher/router.py", line 161, in propagate_event
    return await observer.wrap_outer_middleware(_wrapped, event=event, data=kwargs)
           ^^^^^^^^^^^^^^^^^^^^^^^^^^^^^^^^^^^^^^^^^^^^^^^^^^^^^^^^^^^^^^^^^^^^^^^^
  File "/var/www/ezh-dev.ru/saver_bot/venv/lib/python3.12/site-packages/aiogram/dispatcher/router.py", line 153, in _wrapped
    return await self._propagate_event(
           ^^^^^^^^^^^^^^^^^^^^^^^^^^^^
  File "/var/www/ezh-dev.ru/saver_bot/venv/lib/python3.12/site-packages/aiogram/dispatcher/router.py", line 189, in _propagate_event
    response = await router.propagate_event(update_type=update_type, event=event, **kwargs)
               ^^^^^^^^^^^^^^^^^^^^^^^^^^^^^^^^^^^^^^^^^^^^^^^^^^^^^^^^^^^^^^^^^^^^^^^^^^^^
  File "/var/www/ezh-dev.ru/saver_bot/venv/lib/python3.12/site-packages/aiogram/dispatcher/router.py", line 161, in propagate_event
    return await observer.wrap_outer_middleware(_wrapped, event=event, data=kwargs)
           ^^^^^^^^^^^^^^^^^^^^^^^^^^^^^^^^^^^^^^^^^^^^^^^^^^^^^^^^^^^^^^^^^^^^^^^^
  File "/var/www/ezh-dev.ru/saver_bot/venv/lib/python3.12/site-packages/aiogram/dispatcher/router.py", line 153, in _wrapped
    return await self._propagate_event(
           ^^^^^^^^^^^^^^^^^^^^^^^^^^^^
  File "/var/www/ezh-dev.ru/saver_bot/venv/lib/python3.12/site-packages/aiogram/dispatcher/router.py", line 181, in _propagate_event
    response = await observer.trigger(event, **kwargs)
               ^^^^^^^^^^^^^^^^^^^^^^^^^^^^^^^^^^^^^^^
  File "/var/www/ezh-dev.ru/saver_bot/venv/lib/python3.12/site-packages/aiogram/dispatcher/event/telegram.py", line 126, in trigger
    return await wrapped_inner(event, kwargs)
           ^^^^^^^^^^^^^^^^^^^^^^^^^^^^^^^^^^
  File "/var/www/ezh-dev.ru/saver_bot/venv/lib/python3.12/site-packages/aiogram/dispatcher/event/handler.py", line 43, in call
    return await wrapped()
           ^^^^^^^^^^^^^^^
  File "/var/www/ezh-dev.ru/saver_bot/main/main.py", line 223, in edited_business_message
    await bot.send_message(user_id, f'🔏 {user_link} изменил текст:\n\nСтарый:\n```{old_text}```\n\nНовый:\n```{message.text or "(удален)"}```', parse_mode=ParseMode.MARKDOWN, disable_web_page_preview=True)
  File "/var/www/ezh-dev.ru/saver_bot/venv/lib/python3.12/site-packages/aiogram/client/bot.py", line 2925, in send_message
    return await self(call, request_timeout=request_timeout)
           ^^^^^^^^^^^^^^^^^^^^^^^^^^^^^^^^^^^^^^^^^^^^^^^^^
  File "/var/www/ezh-dev.ru/saver_bot/venv/lib/python3.12/site-packages/aiogram/client/bot.py", line 485, in __call__
    return await self.session(self, method, timeout=request_timeout)
           ^^^^^^^^^^^^^^^^^^^^^^^^^^^^^^^^^^^^^^^^^^^^^^^^^^^^^^^^^
  File "/var/www/ezh-dev.ru/saver_bot/venv/lib/python3.12/site-packages/aiogram/client/session/base.py", line 259, in __call__
    return cast(TelegramType, await middleware(bot, method))
                              ^^^^^^^^^^^^^^^^^^^^^^^^^^^^^
  File "/var/www/ezh-dev.ru/saver_bot/venv/lib/python3.12/site-packages/aiogram/client/session/aiohttp.py", line 177, in make_request
    response = self.check_response(
               ^^^^^^^^^^^^^^^^^^^^
  File "/var/www/ezh-dev.ru/saver_bot/venv/lib/python3.12/site-packages/aiogram/client/session/base.py", line 129, in check_response
    raise TelegramForbiddenError(method=method, message=description)
aiogram.exceptions.TelegramForbiddenError: Telegram server says - Forbidden: bot was blocked by the user
Cause exception while process update id=309635862 by bot id=8514363728
AttributeError: 'NoneType' object has no attribute 'split'
Traceback (most recent call last):
  File "/var/www/ezh-dev.ru/saver_bot/venv/lib/python3.12/site-packages/aiogram/dispatcher/dispatcher.py", line 320, in _process_update
    response = await self.feed_update(bot, update, **kwargs)
               ^^^^^^^^^^^^^^^^^^^^^^^^^^^^^^^^^^^^^^^^^^^^^
  File "/var/www/ezh-dev.ru/saver_bot/venv/lib/python3.12/site-packages/aiogram/dispatcher/dispatcher.py", line 164, in feed_update
    response = await self.update.wrap_outer_middleware(
               ^^^^^^^^^^^^^^^^^^^^^^^^^^^^^^^^^^^^^^^^
  File "/var/www/ezh-dev.ru/saver_bot/venv/lib/python3.12/site-packages/aiogram/dispatcher/middlewares/error.py", line 27, in __call__
    return await handler(event, data)
           ^^^^^^^^^^^^^^^^^^^^^^^^^^
  File "/var/www/ezh-dev.ru/saver_bot/venv/lib/python3.12/site-packages/aiogram/dispatcher/middlewares/user_context.py", line 58, in __call__
    return await handler(event, data)
           ^^^^^^^^^^^^^^^^^^^^^^^^^^
  File "/var/www/ezh-dev.ru/saver_bot/venv/lib/python3.12/site-packages/aiogram/fsm/middleware.py", line 43, in __call__
    return await handler(event, data)
           ^^^^^^^^^^^^^^^^^^^^^^^^^^
  File "/var/www/ezh-dev.ru/saver_bot/venv/lib/python3.12/site-packages/aiogram/dispatcher/event/telegram.py", line 126, in trigger
    return await wrapped_inner(event, kwargs)
           ^^^^^^^^^^^^^^^^^^^^^^^^^^^^^^^^^^
  File "/var/www/ezh-dev.ru/saver_bot/venv/lib/python3.12/site-packages/aiogram/dispatcher/event/handler.py", line 43, in call
    return await wrapped()
           ^^^^^^^^^^^^^^^
  File "/var/www/ezh-dev.ru/saver_bot/venv/lib/python3.12/site-packages/aiogram/dispatcher/dispatcher.py", line 283, in _listen_update
    return await self.propagate_event(update_type=update_type, event=event, **kwargs)
           ^^^^^^^^^^^^^^^^^^^^^^^^^^^^^^^^^^^^^^^^^^^^^^^^^^^^^^^^^^^^^^^^^^^^^^^^^^
  File "/var/www/ezh-dev.ru/saver_bot/venv/lib/python3.12/site-packages/aiogram/dispatcher/router.py", line 161, in propagate_event
    return await observer.wrap_outer_middleware(_wrapped, event=event, data=kwargs)
           ^^^^^^^^^^^^^^^^^^^^^^^^^^^^^^^^^^^^^^^^^^^^^^^^^^^^^^^^^^^^^^^^^^^^^^^^
  File "/var/www/ezh-dev.ru/saver_bot/venv/lib/python3.12/site-packages/aiogram/dispatcher/router.py", line 153, in _wrapped
    return await self._propagate_event(
           ^^^^^^^^^^^^^^^^^^^^^^^^^^^^
  File "/var/www/ezh-dev.ru/saver_bot/venv/lib/python3.12/site-packages/aiogram/dispatcher/router.py", line 189, in _propagate_event
    response = await router.propagate_event(update_type=update_type, event=event, **kwargs)
               ^^^^^^^^^^^^^^^^^^^^^^^^^^^^^^^^^^^^^^^^^^^^^^^^^^^^^^^^^^^^^^^^^^^^^^^^^^^^
  File "/var/www/ezh-dev.ru/saver_bot/venv/lib/python3.12/site-packages/aiogram/dispatcher/router.py", line 161, in propagate_event
    return await observer.wrap_outer_middleware(_wrapped, event=event, data=kwargs)
           ^^^^^^^^^^^^^^^^^^^^^^^^^^^^^^^^^^^^^^^^^^^^^^^^^^^^^^^^^^^^^^^^^^^^^^^^
  File "/var/www/ezh-dev.ru/saver_bot/venv/lib/python3.12/site-packages/aiogram/dispatcher/router.py", line 153, in _wrapped
    return await self._propagate_event(
           ^^^^^^^^^^^^^^^^^^^^^^^^^^^^
  File "/var/www/ezh-dev.ru/saver_bot/venv/lib/python3.12/site-packages/aiogram/dispatcher/router.py", line 181, in _propagate_event
    response = await observer.trigger(event, **kwargs)
               ^^^^^^^^^^^^^^^^^^^^^^^^^^^^^^^^^^^^^^^
  File "/var/www/ezh-dev.ru/saver_bot/venv/lib/python3.12/site-packages/aiogram/dispatcher/event/telegram.py", line 126, in trigger
    return await wrapped_inner(event, kwargs)
           ^^^^^^^^^^^^^^^^^^^^^^^^^^^^^^^^^^
  File "/var/www/ezh-dev.ru/saver_bot/venv/lib/python3.12/site-packages/aiogram/dispatcher/event/handler.py", line 43, in call
    return await wrapped()
           ^^^^^^^^^^^^^^^
  File "/var/www/ezh-dev.ru/saver_bot/main/main.py", line 173, in start
    text = message.text.split('.влад')[1]
           ^^^^^^^^^^^^^^^^^^
AttributeError: 'NoneType' object has no attribute 'split'
Received SIGTERM signal
tetetee
(486860,)
1
second
1
second
Cause exception while process update id=309637750 by bot id=8514363728
AttributeError: 'NoneType' object has no attribute 'split'
Traceback (most recent call last):
  File "/var/www/ezh-dev.ru/saver_bot/venv/lib/python3.12/site-packages/aiogram/dispatcher/dispatcher.py", line 320, in _process_update
    response = await self.feed_update(bot, update, **kwargs)
               ^^^^^^^^^^^^^^^^^^^^^^^^^^^^^^^^^^^^^^^^^^^^^
  File "/var/www/ezh-dev.ru/saver_bot/venv/lib/python3.12/site-packages/aiogram/dispatcher/dispatcher.py", line 164, in feed_update
    response = await self.update.wrap_outer_middleware(
               ^^^^^^^^^^^^^^^^^^^^^^^^^^^^^^^^^^^^^^^^
  File "/var/www/ezh-dev.ru/saver_bot/venv/lib/python3.12/site-packages/aiogram/dispatcher/middlewares/error.py", line 27, in __call__
    return await handler(event, data)
           ^^^^^^^^^^^^^^^^^^^^^^^^^^
  File "/var/www/ezh-dev.ru/saver_bot/venv/lib/python3.12/site-packages/aiogram/dispatcher/middlewares/user_context.py", line 58, in __call__
    return await handler(event, data)
           ^^^^^^^^^^^^^^^^^^^^^^^^^^
  File "/var/www/ezh-dev.ru/saver_bot/venv/lib/python3.12/site-packages/aiogram/fsm/middleware.py", line 43, in __call__
    return await handler(event, data)
           ^^^^^^^^^^^^^^^^^^^^^^^^^^
  File "/var/www/ezh-dev.ru/saver_bot/venv/lib/python3.12/site-packages/aiogram/dispatcher/event/telegram.py", line 126, in trigger
    return await wrapped_inner(event, kwargs)
           ^^^^^^^^^^^^^^^^^^^^^^^^^^^^^^^^^^
  File "/var/www/ezh-dev.ru/saver_bot/venv/lib/python3.12/site-packages/aiogram/dispatcher/event/handler.py", line 43, in call
    return await wrapped()
           ^^^^^^^^^^^^^^^
  File "/var/www/ezh-dev.ru/saver_bot/venv/lib/python3.12/site-packages/aiogram/dispatcher/dispatcher.py", line 283, in _listen_update
    return await self.propagate_event(update_type=update_type, event=event, **kwargs)
           ^^^^^^^^^^^^^^^^^^^^^^^^^^^^^^^^^^^^^^^^^^^^^^^^^^^^^^^^^^^^^^^^^^^^^^^^^^
  File "/var/www/ezh-dev.ru/saver_bot/venv/lib/python3.12/site-packages/aiogram/dispatcher/router.py", line 161, in propagate_event
    return await observer.wrap_outer_middleware(_wrapped, event=event, data=kwargs)
           ^^^^^^^^^^^^^^^^^^^^^^^^^^^^^^^^^^^^^^^^^^^^^^^^^^^^^^^^^^^^^^^^^^^^^^^^
  File "/var/www/ezh-dev.ru/saver_bot/venv/lib/python3.12/site-packages/aiogram/dispatcher/router.py", line 153, in _wrapped
    return await self._propagate_event(
           ^^^^^^^^^^^^^^^^^^^^^^^^^^^^
  File "/var/www/ezh-dev.ru/saver_bot/venv/lib/python3.12/site-packages/aiogram/dispatcher/router.py", line 189, in _propagate_event
    response = await router.propagate_event(update_type=update_type, event=event, **kwargs)
               ^^^^^^^^^^^^^^^^^^^^^^^^^^^^^^^^^^^^^^^^^^^^^^^^^^^^^^^^^^^^^^^^^^^^^^^^^^^^
  File "/var/www/ezh-dev.ru/saver_bot/venv/lib/python3.12/site-packages/aiogram/dispatcher/router.py", line 161, in propagate_event
    return await observer.wrap_outer_middleware(_wrapped, event=event, data=kwargs)
           ^^^^^^^^^^^^^^^^^^^^^^^^^^^^^^^^^^^^^^^^^^^^^^^^^^^^^^^^^^^^^^^^^^^^^^^^
  File "/var/www/ezh-dev.ru/saver_bot/venv/lib/python3.12/site-packages/aiogram/dispatcher/router.py", line 153, in _wrapped
    return await self._propagate_event(
           ^^^^^^^^^^^^^^^^^^^^^^^^^^^^
  File "/var/www/ezh-dev.ru/saver_bot/venv/lib/python3.12/site-packages/aiogram/dispatcher/router.py", line 181, in _propagate_event
    response = await observer.trigger(event, **kwargs)
               ^^^^^^^^^^^^^^^^^^^^^^^^^^^^^^^^^^^^^^^
  File "/var/www/ezh-dev.ru/saver_bot/venv/lib/python3.12/site-packages/aiogram/dispatcher/event/telegram.py", line 126, in trigger
    return await wrapped_inner(event, kwargs)
           ^^^^^^^^^^^^^^^^^^^^^^^^^^^^^^^^^^
  File "/var/www/ezh-dev.ru/saver_bot/venv/lib/python3.12/site-packages/aiogram/dispatcher/event/handler.py", line 43, in call
    return await wrapped()
           ^^^^^^^^^^^^^^^
  File "/var/www/ezh-dev.ru/saver_bot/main/main.py", line 173, in start
    text = message.text.split('.влад')[1]
           ^^^^^^^^^^^^^^^^^^
AttributeError: 'NoneType' object has no attribute 'split'
Received SIGTERM signal
Failed to fetch updates - TelegramNetworkError: HTTP Client says - ServerDisconnectedError: Server disconnected
Sleep for 1.000000 seconds and try again... (tryings = 0, bot id = 8514363728)
Cause exception while process update id=309640884 by bot id=8514363728
AttributeError: 'NoneType' object has no attribute 'split'
Traceback (most recent call last):
  File "/var/www/ezh-dev.ru/saver_bot/venv/lib/python3.12/site-packages/aiogram/dispatcher/dispatcher.py", line 320, in _process_update
    response = await self.feed_update(bot, update, **kwargs)
               ^^^^^^^^^^^^^^^^^^^^^^^^^^^^^^^^^^^^^^^^^^^^^
  File "/var/www/ezh-dev.ru/saver_bot/venv/lib/python3.12/site-packages/aiogram/dispatcher/dispatcher.py", line 164, in feed_update
    response = await self.update.wrap_outer_middleware(
               ^^^^^^^^^^^^^^^^^^^^^^^^^^^^^^^^^^^^^^^^
  File "/var/www/ezh-dev.ru/saver_bot/venv/lib/python3.12/site-packages/aiogram/dispatcher/middlewares/error.py", line 27, in __call__
    return await handler(event, data)
           ^^^^^^^^^^^^^^^^^^^^^^^^^^
  File "/var/www/ezh-dev.ru/saver_bot/venv/lib/python3.12/site-packages/aiogram/dispatcher/middlewares/user_context.py", line 58, in __call__
    return await handler(event, data)
           ^^^^^^^^^^^^^^^^^^^^^^^^^^
  File "/var/www/ezh-dev.ru/saver_bot/venv/lib/python3.12/site-packages/aiogram/fsm/middleware.py", line 43, in __call__
    return await handler(event, data)
           ^^^^^^^^^^^^^^^^^^^^^^^^^^
  File "/var/www/ezh-dev.ru/saver_bot/venv/lib/python3.12/site-packages/aiogram/dispatcher/event/telegram.py", line 126, in trigger
    return await wrapped_inner(event, kwargs)
           ^^^^^^^^^^^^^^^^^^^^^^^^^^^^^^^^^^
  File "/var/www/ezh-dev.ru/saver_bot/venv/lib/python3.12/site-packages/aiogram/dispatcher/event/handler.py", line 43, in call
    return await wrapped()
           ^^^^^^^^^^^^^^^
  File "/var/www/ezh-dev.ru/saver_bot/venv/lib/python3.12/site-packages/aiogram/dispatcher/dispatcher.py", line 283, in _listen_update
    return await self.propagate_event(update_type=update_type, event=event, **kwargs)
           ^^^^^^^^^^^^^^^^^^^^^^^^^^^^^^^^^^^^^^^^^^^^^^^^^^^^^^^^^^^^^^^^^^^^^^^^^^
  File "/var/www/ezh-dev.ru/saver_bot/venv/lib/python3.12/site-packages/aiogram/dispatcher/router.py", line 161, in propagate_event
    return await observer.wrap_outer_middleware(_wrapped, event=event, data=kwargs)
           ^^^^^^^^^^^^^^^^^^^^^^^^^^^^^^^^^^^^^^^^^^^^^^^^^^^^^^^^^^^^^^^^^^^^^^^^
  File "/var/www/ezh-dev.ru/saver_bot/venv/lib/python3.12/site-packages/aiogram/dispatcher/router.py", line 153, in _wrapped
    return await self._propagate_event(
           ^^^^^^^^^^^^^^^^^^^^^^^^^^^^
  File "/var/www/ezh-dev.ru/saver_bot/venv/lib/python3.12/site-packages/aiogram/dispatcher/router.py", line 189, in _propagate_event
    response = await router.propagate_event(update_type=update_type, event=event, **kwargs)
               ^^^^^^^^^^^^^^^^^^^^^^^^^^^^^^^^^^^^^^^^^^^^^^^^^^^^^^^^^^^^^^^^^^^^^^^^^^^^
  File "/var/www/ezh-dev.ru/saver_bot/venv/lib/python3.12/site-packages/aiogram/dispatcher/router.py", line 161, in propagate_event
    return await observer.wrap_outer_middleware(_wrapped, event=event, data=kwargs)
           ^^^^^^^^^^^^^^^^^^^^^^^^^^^^^^^^^^^^^^^^^^^^^^^^^^^^^^^^^^^^^^^^^^^^^^^^
  File "/var/www/ezh-dev.ru/saver_bot/venv/lib/python3.12/site-packages/aiogram/dispatcher/router.py", line 153, in _wrapped
    return await self._propagate_event(
           ^^^^^^^^^^^^^^^^^^^^^^^^^^^^
  File "/var/www/ezh-dev.ru/saver_bot/venv/lib/python3.12/site-packages/aiogram/dispatcher/router.py", line 181, in _propagate_event
    response = await observer.trigger(event, **kwargs)
               ^^^^^^^^^^^^^^^^^^^^^^^^^^^^^^^^^^^^^^^
  File "/var/www/ezh-dev.ru/saver_bot/venv/lib/python3.12/site-packages/aiogram/dispatcher/event/telegram.py", line 126, in trigger
    return await wrapped_inner(event, kwargs)
           ^^^^^^^^^^^^^^^^^^^^^^^^^^^^^^^^^^
  File "/var/www/ezh-dev.ru/saver_bot/venv/lib/python3.12/site-packages/aiogram/dispatcher/event/handler.py", line 43, in call
    return await wrapped()
           ^^^^^^^^^^^^^^^
  File "/var/www/ezh-dev.ru/saver_bot/main/main.py", line 173, in start
    text = message.text.split('.влад')[1]
           ^^^^^^^^^^^^^^^^^^
AttributeError: 'NoneType' object has no attribute 'split'
Failed to fetch updates - TelegramNetworkError: HTTP Client says - ClientOSError: [Errno 104] Connection reset by peer
Sleep for 1.000000 seconds and try again... (tryings = 0, bot id = 8514363728)
Received SIGTERM signal
2
75
1
second
tetetee
(494243,)
1
second
Failed to fetch updates - TelegramNetworkError: HTTP Client says - Request timeout error
Sleep for 1.000000 seconds and try again... (tryings = 0, bot id = 8514363728)
Failed to fetch updates - TelegramNetworkError: HTTP Client says - Request timeout error
Sleep for 1.477524 seconds and try again... (tryings = 1, bot id = 8514363728)
Failed to fetch updates - TelegramNetworkError: HTTP Client says - Request timeout error
Sleep for 1.961083 seconds and try again... (tryings = 2, bot id = 8514363728)
Failed to fetch updates - TelegramNetworkError: HTTP Client says - ClientOSError: [Errno 104] Connection reset by peer
Sleep for 1.000000 seconds and try again... (tryings = 0, bot id = 8514363728)
Failed to fetch updates - TelegramNetworkError: HTTP Client says - ClientOSError: [Errno 104] Connection reset by peer
Sleep for 1.000000 seconds and try again... (tryings = 0, bot id = 8514363728)
Received SIGTERM signal
tetetee
(494807,)
